﻿<?xml version="1.0" encoding="utf-8" standalone="no" ?>
<modDesc descVersion="92">

    <author>JTerk Modding</author>
    <version>1.0.0.0</version>
	
	<title>
		<en>CultiPlow Pack</en>
		<de>Flexicoil ST820 Multifunktion</de>
		<fr>Flexicoil ST820 Multifonction</fr>
	</title>

	<description>
		<en>
<![CDATA[CultiPlow Pack-Cultivators and Disc Harrows that have been repurposed into plows.

Note: You cannot switch between cultivator mode and plow mode. These are strictly plows only.

Knoche Eco-Cultivator 300 CultiPlow
Price: $16,000
Power Requirement: 110hp
Work Width: 3m
Work Speed: 9mph

Knoche Crossmax 300 CultiPlow
Price: $9,000
Power Requirement: 110hp
Work Width: 3m
Work Speed: 11mph

John Deere 980 CultiPlow
Price: $9,500
Power Requirement: 110hp
Work Width: 4m
Work Speed: 9mph

Amazone Cenio 4000 Super CultiPlow
Price: $24,500
Power Requirement: 150hp
Work Width: 4m
Work Speed: 9mph

AGROMASZ Grizzly X4 CultiPlow
Price: $28,000
Power Requirement: 240hp
Work Width: 4m
Work Speed: 9mph

Lemken Smaragd 9/500K CultiPlow
Price: $24,500
Power Requirement: 180hp
Work Width: 5m
Work Speed: 9mph

Treffler TGA 560 CultiPlow
Price: $36,000
Power Requirement: 200hp
Work Width: 5.6m
Work Speed: 9mph

Pottinger Terria 6040 CultiPlow
Price: $54,000
Power Requirement: 300hp
Work Width: 6m
Work Speed: 9mph

Vaderstad Carrier XL 625 CultiPlow
Price: $75,000
Power Requirement: 260hp
Work Width: 6.3m
Work Speed: 10mph

KUHN Prolander 7500 CultiPlow
Price: $50,500
Power Requirement: 190hp
Work Width: 7.5m
Work Speed: 9mph

Lemken Koralin 9-840 CultiPlow
Price: $89,500
Power Requirement: 320hp
Work Width: 8.4m
Work Speed: 9mph

Einbock Taifun 900 RP58 CultiPlow
Price: $97,000
Power Requirement: 260hp
Work Width: 9m
Work Speed: 9mph

Farmet Softer 11 PS CultiPlow
Price: $95,000
Power Requirement: 330hp
Work Width: 10.5m
Work Speed: 11mph

Kinzie Mach Till 412 CultiPlow
Price: $137,000
Power Requirement: 615hp
Work Width: 12m
Work Speed: 11mph

Vaderstad NZ Extreme 1425 CultiPlow
Price: $128,000
Power Requirement: 400hp
Work Width: 14.3m
Work Speed: 9mph

Summers Superchisel CP2050 CultiPlow
Price: $164,500
Power Requirement: 630hp
Work Width: 18.3m
Work Speed: 6mph

Bednar Swifterdisc XE 18400 Mega CultiPlow
Price: $194,500
Power Requirement: 580hp
Work Width: 18.4m
Work Speed: 11mph
]]>
		</en>
		<de>
<![CDATA[CultiPlow Pack - Grubber und Scheibeneggen, die in Pflüge umgewandelt wurden.

Hinweis: Sie können nicht zwischen Grubber- und Pflugmodus wechseln. Es handelt sich ausschließlich um Pflüge.

Knoche Eco-Kultivator 300 CultiPlow
Preis: 16.000 $
Leistungsbedarf: 110 PS
Arbeitsbreite: 3m
Arbeitsgeschwindigkeit: 9mph

Knoche Crossmax 300 CultiPlow
Preis: $9.000
Leistungsanforderung: 110 PS
Arbeitsbreite: 3m
Arbeitsgeschwindigkeit: 11mph

John Deere 980 CultiPlow
Preis: $9,500
Leistungsanforderung: 110 PS
Arbeitsbreite: 4m
Arbeitsgeschwindigkeit: 9mph

Amazone Cenio 4000 Super CultiPlow
Preis: $24.500
Leistungsanforderung: 150 PS
Arbeitsbreite: 4m
Arbeitsgeschwindigkeit: 9mph

AGROMASZ Grizzly X4 CultiPlow
Preis: $28.000
Leistungsbedarf: 240hp
Arbeitsbreite: 4m
Arbeitsgeschwindigkeit: 9mph

Lemken Smaragd 9/500K CultiPlow
Preis: $24.500
Leistungsanforderung: 180PS
Arbeitsbreite: 5m
Arbeitsgeschwindigkeit: 9mph

Treffler TGA 560 CultiPlow
Preis: $36.000
Leistungsbedarf: 200hp
Arbeitsbreite: 5.6m
Arbeitsgeschwindigkeit: 9mph

Pottinger Terria 6040 CultiPlow
Preis: $54.000
Leistungsanforderung: 300 PS
Arbeitsbreite: 6m
Arbeitsgeschwindigkeit: 9mph

Vaderstad Trägerfahrzeug XL 625 CultiPlow
Preis: $75.000
Leistungsbedarf: 260hp
Arbeitsbreite: 6,3 m
Arbeitsgeschwindigkeit: 10mph

KUHN Prolander 7500 CultiPlow
Preis: $50.500
Benötigte Leistung: 190 PS
Arbeitsbreite: 7,5 m
Arbeitsgeschwindigkeit: 9mph

Lemken Koralin 9-840 CultiPlow
Preis: $89.500
Leistungsanforderung: 320 PS
Arbeitsbreite: 8,4 m
Arbeitsgeschwindigkeit: 9mph

Einbock Taifun 900 RP58 CultiPlow
Preis: $97.000
Leistungsbedarf: 260hp
Arbeitsbreite: 9m
Arbeitsgeschwindigkeit: 9mph

Farmet Softer 11 PS CultiPlow
Preis: $95.000
Leistungsanforderung: 330 PS
Arbeitsbreite: 10.5m
Arbeitsgeschwindigkeit: 11mph

Kinzie Mach Till 412 CultiPlow
Preis: $137.000
Leistungsanforderung: 615hp
Arbeitsbreite: 12m
Arbeitsgeschwindigkeit: 11mph

Vaderstad NZ Extreme 1425 CultiPlow
Preis: $128.000
Leistungsanforderung: 400 PS
Arbeitsbreite: 14,3 m
Arbeitsgeschwindigkeit: 9mph

Summers Superchisel CP2050 CultiPlow
Preis: $164.500
Leistungsanforderung: 630 PS
Arbeitsbreite: 18,3 m
Arbeitsgeschwindigkeit: 6mph

Bednar Swifterdisc XE 18400 Mega CultiPlow
Preis: $194.500
Leistungsanforderung: 580 PS
Arbeitsbreite: 18,4 m
Arbeitsgeschwindigkeit: 11mph
]]>
		</de>
		<fr>
<![CDATA[CultiPlow Pack - Cultivateurs et déchaumeurs à disques transformés en charrues.

Remarque : il n'est pas possible de passer du mode cultivateur au mode charrue. Il s'agit uniquement de charrues.

Knoche Eco-Cultivator 300 CultiPlow
Prix : 16 000
Puissance requise : 110 ch
Largeur de travail : 3m
Vitesse de travail : 9mph

Knoche Crossmax 300 CultiPlow
Prix : 9 000
Puissance requise : 110hp
Largeur de travail : 3m
Vitesse de travail : 11mph

John Deere 980 CultiPlow
Prix : 9 500
Puissance requise : 110hp
Largeur de travail : 4m
Vitesse de travail : 9mph

Amazone Cenio 4000 Super CultiPlow
Prix : $24,500
Puissance requise : 150hp
Largeur de travail : 4m
Vitesse de travail : 9mph

AGROMASZ Grizzly X4 CultiPlow
Prix : 28 000
Puissance requise : 240hp
Largeur de travail : 4m
Vitesse de travail : 9mph

Lemken Smaragd 9/500K CultiPlow
Prix : 24 500
Puissance requise : 180hp
Largeur de travail : 5m
Vitesse de travail : 9mph

Treffler TGA 560 CultiPlow
Prix : 36 000
Puissance requise : 200hp
Largeur de travail : 5.6m
Vitesse de travail : 9mph

Pottinger Terria 6040 CultiPlow
Prix : $54,000
Puissance requise : 300hp
Largeur de travail : 6m
Vitesse de travail : 9mph

Vaderstad Carrier XL 625 CultiPlow
Prix : 75 000
Puissance requise : 260 ch
Largeur de travail : 6.3m
Vitesse de travail : 10mph

KUHN Prolander 7500 CultiPlow
Prix : $50,500
Puissance requise : 190 ch
Largeur de travail : 7.5m
Vitesse de travail : 9mph

Lemken Koralin 9-840 CultiPlow
Prix : 89 500
Puissance requise : 320hp
Largeur de travail : 8.4m
Vitesse de travail : 9mph

Einbock Taifun 900 RP58 CultiPlow
Prix : 97 000
Puissance requise : 260 ch
Largeur de travail : 9m
Vitesse de travail : 9mph

Farmet Softer 11 PS CultiPlow
Prix : $95,000
Puissance requise : 330hp
Largeur de travail : 10.5m
Vitesse de travail : 11mph

Kinzie Mach Till 412 CultiPlow
Prix : $137,000
Puissance requise : 615hp
Largeur de travail : 12m
Vitesse de travail : 11mph

Vaderstad NZ Extreme 1425 CultiPlow
Prix : $128,000
Puissance requise : 400hp
Largeur de travail : 14.3m
Vitesse de travail : 9mph

Summers Superchisel CP2050 CultiPlow
Prix : $164,500
Puissance requise : 630 ch
Largeur de travail : 18.3m
Vitesse de travail : 6mph

Bednar Swifterdisc XE 18400 Mega CultiPlow
Prix : $194,500
Puissance requise : 580 ch
Largeur de travail : 18.4m
Vitesse de travail : 11mph
]]>
		</fr>
	</description>	
	
    <iconFilename>icon_cultiPlowPack.png</iconFilename>
	
    <multiplayer supported="true" />
	
	
	<vehicleTypes>
		<type name="cultiplow" parent="cultivator" className="Vehicle" filename="$dataS/scripts/vehicles/Vehicle.lua">
			<specialization name="plow" />
		</type>
	</vehicleTypes>
		
    <storeItems>
        <storeItem xmlFilename="xml/ecoCultivator300.xml"/>
        <storeItem xmlFilename="xml/crossmax300.xml"/>
        <storeItem xmlFilename="xml/cultivator980.xml"/>
        <storeItem xmlFilename="xml/cenio4000.xml"/>
        <storeItem xmlFilename="xml/grizzlyX4.xml"/>
        <storeItem xmlFilename="xml/smaragd9_500k.xml"/>
        <storeItem xmlFilename="xml/tga560.xml"/>
        <storeItem xmlFilename="xml/terria6040.xml"/>
        <storeItem xmlFilename="xml/carrierXL625.xml"/>
        <storeItem xmlFilename="xml/prolander7500.xml"/>
        <storeItem xmlFilename="xml/koralin9840.xml"/>
        <storeItem xmlFilename="xml/taifun900.xml"/>
        <storeItem xmlFilename="xml/softer11.xml"/>
        <storeItem xmlFilename="xml/machTill401.xml"/>
        <storeItem xmlFilename="xml/nzExtreme1425.xml"/>
        <storeItem xmlFilename="xml/superChisel.xml"/>
        <storeItem xmlFilename="xml/swifterdiscXEmega.xml"/>
    </storeItems>
					
</modDesc>
