﻿<?xml version="1.0" encoding="utf-8" standalone="no" ?>
<vehicle type="cultiplow" xmlns:xsi="http://www.w3.org/2001/XMLSchema-instance" xsi:noNamespaceSchemaLocation="../../../../shared/xml/schema/vehicle.xsd">
    <annotation>Copyright (C) GIANTS Software GmbH, All Rights Reserved.</annotation>

    <storeData>
        <name>Carrier XL 625 CultiPlow</name>
        <specs>
            <neededPower>260</neededPower>
            <workingWidth>6.25</workingWidth>
        </specs>
        <functions>
            <function>$l10n_function_plow</function>
        </functions>
        <image>$data/vehicles/vaderstad/carrierXL625/store_carrierXL625.png</image>
        <price>75000</price>
        <lifetime>600</lifetime>
        <rotation>0</rotation>
        <brand>VAEDERSTAD</brand>
        <category>plows</category>
        <shopTranslationOffset>0 -0.051 0</shopTranslationOffset>
        <shopRotationOffset>0.151 0 0</shopRotationOffset>
        <vertexBufferMemoryUsage>3173632</vertexBufferMemoryUsage>
        <indexBufferMemoryUsage>1543680</indexBufferMemoryUsage>
        <textureMemoryUsage>917504</textureMemoryUsage>
        <instanceVertexBufferMemoryUsage>0</instanceVertexBufferMemoryUsage>
        <instanceIndexBufferMemoryUsage>0</instanceIndexBufferMemoryUsage>
        <audioMemoryUsage>0</audioMemoryUsage>
    </storeData>

    <base>
        <typeDesc>$l10n_typeDesc_plow</typeDesc>
        <filename>$data/vehicles/vaderstad/carrierXL625/carrierXL625.i3d</filename>
        <size width="3" length="7.2" height="3.85" lengthOffset="1.06"/>
        <speedLimit value="17" />
        <components>
            <component centerOfMass="0 0.45 -0.75" solverIterationCount="10" mass="7380" />
        </components>
        <schemaOverlay attacherJointPosition="0 0" name="IMPLEMENT" />
    </base>

    <wheels>
        <wheelConfigurations>
            <wheelConfiguration name="$l10n_configuration_valueDefault" price="0" brand="VREDESTEIN" saveId="VREDESTEIN_DEFAULT">
                <wheels>
                    <wheel filename="$data/shared/wheels/tires/vredestein/flotationTrac/520_50R17.xml" isLeft="true" hasTireTracks="true" hasParticles="true">
                        <physics rotSpeed="0" restLoad="3.1" repr="wheelLeft"  forcePointRatio="0.5" initialCompression="30" suspTravel="0.1" spring="100" damper="40" rotationDamping="0.003" yOffset="0.03" supportsWheelSink="false"/>
                    </wheel>
                    <wheel filename="$data/shared/wheels/tires/vredestein/flotationTrac/520_50R17.xml" isLeft="false" hasTireTracks="true" hasParticles="true">
                        <physics rotSpeed="0" restLoad="3.1" repr="wheelRight" forcePointRatio="0.5" initialCompression="30" suspTravel="0.1" spring="100" damper="40" rotationDamping="0.003" yOffset="0.03" supportsWheelSink="false"/>
                    </wheel>
                    <wheel isCareWheel="true">
                        <physics rotSpeed="0" restLoad="3.7" repr="wheelBackLeft"  radius="0.29" width="3" forcePointRatio="0.5" initialCompression="50" suspTravel="0.05" spring="140" damper="40" rotationDamping="0.001" brakeFactor="0.1" supportsWheelSink="false"/>
                    </wheel>
                    <wheel isCareWheel="true">
                        <physics rotSpeed="0" restLoad="3.7" repr="wheelBackRight" radius="0.29" width="3" forcePointRatio="0.5" initialCompression="50" suspTravel="0.05" spring="140" damper="40" rotationDamping="0.001" brakeFactor="0.1" supportsWheelSink="false"/>
                    </wheel>
                </wheels>
            </wheelConfiguration>
        </wheelConfigurations>

        <rimMaterial materialTemplateName="VAEDERSTAD_YELLOW1"/>
        <hubMaterial materialTemplateName="VAEDERSTAD_RED1" />

        <hubs>
            <hub linkNode="wheelLeft"  filename="$data/shared/wheels/hubs/hub_n8_6.xml" isLeft="true"  scale="0.23 0.23 0.23" />
            <hub linkNode="wheelRight" filename="$data/shared/wheels/hubs/hub_n8_6.xml" isLeft="false" scale="0.23 0.23 0.23" />
        </hubs>
    </wheels>

    <speedRotatingParts>
        <speedRotatingPart shaderNode="wheelsArrayLeft"  radius="-0.31" groundReferenceNodeIndex="1"  wheelIndex="3"/>
        <speedRotatingPart shaderNode="wheelsArrayRight"  radius="-0.31" groundReferenceNodeIndex="1"  wheelIndex="4"/>
        <speedRotatingPart node="frontRoll01"  radius="0.2" groundReferenceNodeIndex="1" wheelIndex="3"/>
        <speedRotatingPart node="frontRoll02"  radius="0.2" groundReferenceNodeIndex="1" wheelIndex="3"/>
        <speedRotatingPart node="frontRoll03"  radius="0.2" groundReferenceNodeIndex="1" wheelIndex="4"/>
        <speedRotatingPart node="frontRoll04"  radius="0.2" groundReferenceNodeIndex="1" wheelIndex="4"/>
        <speedRotatingPart node="disc01"  radius="0.263" wheelIndex="3"/>
        <speedRotatingPart node="disc02"  radius="0.263" wheelIndex="3"/>
        <speedRotatingPart node="disc03"  radius="0.263" wheelIndex="4"/>
        <speedRotatingPart node="disc04"  radius="0.263" wheelIndex="4"/>
    </speedRotatingParts>

    <attachable>
        <inputAttacherJoints>
            <inputAttacherJoint node="attacherJoint" jointType="trailerLow" attacherHeight="0.7" drawbarNode="drawbar"/>
        </inputAttacherJoints>
        <support animationName="moveSupport" />
        <brakeForce force="1.3" />
        <sounds>
            <active file="$data/sounds/tools/cultivator/generalRattle_01.wav" innerRadius="10" outerRadius="50" volumeScale="3.6" isLocalSound="true" pitchScale="0.8">
                <volume indoor="0.7" outdoor="0.9" >
                    <modifier type="WHEEL_SUSPENSION" value="-0.06" modifiedValue="0.6"/>
                    <modifier type="WHEEL_SUSPENSION" value="-0.04" modifiedValue="0.4"/>
                    <modifier type="WHEEL_SUSPENSION" value="-0.02" modifiedValue="0.20"/>
                    <modifier type="WHEEL_SUSPENSION" value="-0.01" modifiedValue="0.0"/>
                    <modifier type="WHEEL_SUSPENSION" value="-0.00" modifiedValue="0.0"/>
                    <modifier type="WHEEL_SUSPENSION" value="0.01" modifiedValue="0.0"/>
                    <modifier type="WHEEL_SUSPENSION" value="0.02" modifiedValue="0.20"/>
                    <modifier type="WHEEL_SUSPENSION" value="0.04" modifiedValue="0.3"/>
                    <modifier type="WHEEL_SUSPENSION" value="0.06" modifiedValue="0.6"/>

                    <modifier type="SPEED" value="0.0" modifiedValue="0.0"/>
                    <modifier type="SPEED" value="2.0" modifiedValue="1.0"/>
                    <modifier type="SPEED" value="40.0" modifiedValue="1.0"/>
                </volume>
                <lowpassCutoffFrequency indoor="250" outdoor="20000" />
                <lowpassGain indoor="0.5" outdoor="1" />
            </active>
        </sounds>
    </attachable>

    <connectionHoses>
        <hose inputAttacherJointIndices="1" type="hydraulicIn"  node="hydraulicIn01" adapterNode="hydraulicIn01_detached" length="1.5" diameter="0.02" straighteningFactor="0.5">
            <objectChange node="hydraulicIn01_detached" visibilityActive="false" visibilityInactive="true" />
        </hose>
        <hose inputAttacherJointIndices="1" type="hydraulicOut" node="hydraulicOut01" adapterNode="hydraulicOut01_detached" length="1.5" diameter="0.02" straighteningFactor="0.5">
            <objectChange node="hydraulicOut01_detached" visibilityActive="false" visibilityInactive="true" />
        </hose>
        <hose inputAttacherJointIndices="1" type="hydraulicIn"  node="hydraulicIn02" adapterNode="hydraulicIn02_detached" length="1.5" diameter="0.02" straighteningFactor="0.5">
            <objectChange node="hydraulicIn02_detached" visibilityActive="false" visibilityInactive="true" />
        </hose>
        <hose inputAttacherJointIndices="1" type="hydraulicOut" node="hydraulicOut02" adapterNode="hydraulicOut02_detached" length="1.5" diameter="0.02" straighteningFactor="0.5">
            <objectChange node="hydraulicOut02_detached" visibilityActive="false" visibilityInactive="true" />
        </hose>
        <hose inputAttacherJointIndices="1" type="hydraulicIn"  node="hydraulicIn03" adapterNode="hydraulicIn03_detached" length="1.5" diameter="0.02" straighteningFactor="0.5">
            <objectChange node="hydraulicIn03_detached" visibilityActive="false" visibilityInactive="true" />
        </hose>
        <hose inputAttacherJointIndices="1" type="electric" node="electric" adapterNode="electric_detached" length="1.5" diameter="0.02" straighteningFactor="0.5">
            <objectChange node="electric_detached" visibilityActive="false" visibilityInactive="true" />
        </hose>
        <hose inputAttacherJointIndices="1" type="airDoubleRed" node="airIn" adapterNode="airIn_detached" length="1.5" diameter="0.015" straighteningFactor="0.5">
            <objectChange node="airIn_detached" visibilityActive="false" visibilityInactive="true" />
        </hose>
        <hose inputAttacherJointIndices="1" type="airDoubleYellow" node="airOut" adapterNode="airOut_detached" length="1.5" diameter="0.015" straighteningFactor="0.5">
            <objectChange node="airOut_detached" visibilityActive="false" visibilityInactive="true" />
        </hose>
    </connectionHoses>

    <lights>
        <sharedLight linkNode="frontLight13_left1"  filename="$data/shared/assets/lights/lizard/frontLight13_left.xml" />
        <sharedLight linkNode="frontLight13_right1"  filename="$data/shared/assets/lights/lizard/frontLight13_right.xml" />
        <sharedLight linkNode="rearLight65_left1"  filename="$data/shared/assets/lights/lizard/rearLight65_left.xml" />
        <sharedLight linkNode="rearLight65_right1"  filename="$data/shared/assets/lights/lizard/rearLight65_right.xml" />

        <realLights>
            <high>
                <light node="backLightsHigh1" lightTypes="0" />
                <brakeLight node="backLightsHigh1" />
                <turnLightLeft node="turnLightLeftBack" />
                <turnLightRight node="turnLightRightBack" />
            </high>
        </realLights>

    </lights>

    <licensePlates>
        <licensePlate node="licensePlateBack" position="BACK" preferedType="SQUARISH" placementArea="0.04 0.3 0.4 0.06"/>
    </licensePlates>

    <powerConsumer forceNode="0>" forceFactor="0.13" maxForce="31" />

    <groundReferenceNodes>
        <groundReferenceNode node="groundReferenceNode" forceFactor="0.5" threshold="0.15" chargeValue="1"/>
    </groundReferenceNodes>

    <workAreas>
        <workArea type="plow" functionName="processPlowArea" >
            <area startNode="workAreaStart" widthNode="workAreaWidth" heightNode="workAreaHeight" />
            <groundReferenceNode index="1" />
            <onlyActiveWhenLowered value="true"/>
        </workArea>
    </workAreas>

    <workParticles>
        <effect workAreaIndex="1">
            <effectNode effectClass="CultivatorMotionPathEffect" effectType="CULTIVATOR" linkNode="rollerEffect01LinkNode">
                <motionPathEffect textureFilename="$data/vehicles/vaderstad/carrierXL625/rollerEffect01Array.dds" numRows="40" rowLength="18" minFade="0.07" density="0.7" densityScale="0.7"/>
            </effectNode>
            <effectNode effectClass="CultivatorMotionPathEffect" effectType="CULTIVATOR" linkNode="rollerEffect02LinkNode">
                <motionPathEffect textureFilename="$data/vehicles/vaderstad/carrierXL625/rollerEffect01Array.dds" numRows="40" rowLength="18" minFade="0.07" density="0.7" densityScale="0.7"/>
            </effectNode>
            <effectNode effectClass="CultivatorMotionPathEffect" effectType="CULTIVATOR" linkNode="rollerEffect03LinkNode">
                <motionPathEffect textureFilename="$data/vehicles/vaderstad/carrierXL625/rollerEffect03Array.dds" numRows="20" rowLength="18" minFade="0.07" density="0.5" densityScale="0.35"/>
            </effectNode>
            <effectNode effectClass="CultivatorMotionPathEffect" effectType="CULTIVATOR" linkNode="rollerEffect04LinkNode">
                <motionPathEffect textureFilename="$data/vehicles/vaderstad/carrierXL625/rollerEffect03Array.dds" numRows="20" rowLength="18" minFade="0.07" density="0.5" densityScale="0.35"/>
            </effectNode>

            <effectNode effectClass="CultivatorMotionPathEffect" effectType="CULTIVATOR" linkNode="discEffect01LinkNode">
                <motionPathEffect textureFilename="$data/vehicles/vaderstad/carrierXL625/discEffect01Array.dds" numRows="50" rowLength="18" minFade="0.07"/>
            </effectNode>
            <effectNode effectClass="CultivatorMotionPathEffect" effectType="CULTIVATOR" linkNode="discEffect02LinkNode">
                <motionPathEffect textureFilename="$data/vehicles/vaderstad/carrierXL625/discEffect02Array.dds" numRows="50" rowLength="18" minFade="0.07"/>
            </effectNode>
        </effect>
        <particle>
            <node node="smokeEmitter" refNodeIndex="1" particleType="SOIL_SMOKE" emitCountScale="1"/>
            <node node="chunkEmitterShape" refNodeIndex="1" particleType="SOIL_CHUNKS" worldSpace="false"/>
        </particle>
    </workParticles>

    <foldable>
       <foldingConfigurations>
           <foldingConfiguration>
               <foldingParts startMoveDirection="1" foldMiddleAnimTime="0.1">
                   <foldingPart animationName="folding" speedScale="0.8"/>
               </foldingParts>
             </foldingConfiguration>
         </foldingConfigurations>
    </foldable>

    <animations>
        <animation name="folding">
            <!-- lowering -->
            <part node="leftArmBackArmPart01"     startTime="0" endTime="1" startRot="0 0 0"  endRot="-23 0 0"/>
            <part node="rightArmBackArmPart01"     startTime="0" endTime="1" startRot="0 0 0"  endRot="-23 0 0"/>
            <part node="drawbarPhysRot"  startTime="0" endTime="1" startRot="-7 0 0"  endRot="0 0 0"/>

            <!-- folding -->
            <part node="axis"                   startTime="1.0" endTime="3.0" startRot="7.5 0 0"  endRot="-15 0 0"/>
            <part node="wheels"                 startTime="2.0" endTime="3.0" startRot="-15 0 0"  endRot="15 0 0"/>
            <part node="leftArmBackArmPart01"   startTime="2.5" endTime="4.0" startRot="-23 0 0"  endRot="0 0 0"/>
            <part node="rightArmBackArmPart01"  startTime="2.5" endTime="4.0" startRot="-23 0 0"  endRot="0 0 0"/>
            <part node="leftArm"                startTime="3.0" endTime="7.0" startRot="0 0 0"  endRot="0 0 92" tangentType="spline"/>
            <part node="rightArm"               startTime="4.0" endTime="8.0" startRot="0 0 0"  endRot="0 0 -92" tangentType="spline"/>
            <part node="lockArmLeft"            startTime="8.0" endTime="8.2" startRot="0 25 0"  endRot="0 0 0"/>
            <part node="lockArmRight"           startTime="8.0" endTime="8.2" startRot="0 -25 0"  endRot="0 0 0"/>
            <part node="axis"                   startTime="8.0" endTime="10" startRot="-15 0 0"  endRot="0 0 0"/>
            <part node="wheels"                 startTime="8.0" endTime="10" startRot="15 0 0"  endRot="-15 0 0"/>
            <part node="drawbarPhysRot"                startTime="8.0" endTime="10" startRot="0 0 0"  endRot="-5 0 0"/>

            <sound template="hydraulicClose02" startTime="8"    endTime="9.99" direction="0"  volumeScale="4.5" pitchScale="0.8" fadeIn="0.1" fadeOut="0.1"/>
            <sound template="hydraulicOpen01"  startTime="4"    endTime="8"    direction="-1" volumeScale="3.0" pitchScale="0.8" fadeIn="0.1" fadeOut="0.1"/>
            <sound template="hydraulicOpen02"  startTime="3"    endTime="7"    direction="-1" volumeScale="3.0" pitchScale="0.8" fadeIn="0.1" fadeOut="0.1" linkNode="leftArmBackArmPart01"/>
            <sound template="hydraulicOpen03"  startTime="2"    endTime="3"    direction="-1" volumeScale="3.0" pitchScale="0.6" fadeIn="0.1" fadeOut="0.1" linkNode="rightArmBackArmPart01"/>
            <sound template="hydraulicClose01" startTime="1"    endTime="3"    direction="-1" volumeScale="3.0" pitchScale="0.6" fadeIn="0.1" fadeOut="0.1"/>
            <sound template="hydraulicClose02" startTime="0.01" endTime="1"    direction="-1" volumeScale="4.0" pitchScale="0.6" fadeIn="0.1" fadeOut="0.1"/>
            <sound template="hydraulicClose03" startTime="0.01" endTime="0.99" direction="1"  volumeScale="4"   pitchScale="0.8" fadeIn="0.1" fadeOut="0.1"/>
            <sound template="hydraulicClose02" startTime="1"    endTime="3"    direction="1"  volumeScale="4"   pitchScale="0.7" fadeIn="0.1" fadeOut="0.1"/>
            <sound template="hydraulicClose01" startTime="3"    endTime="7"    direction="1"  volumeScale="2" pitchScale="0.9" fadeIn="0.1" fadeOut="0.1" linkNode="leftArmBackArmPart01"/>
            <sound template="hydraulicClose02" startTime="4"    endTime="8"    direction="1"  volumeScale="3.0" pitchScale="1.1" fadeIn="0.1" fadeOut="0.1" linkNode="rightArmBackArmPart01"/>

            <sound template="vibratingImp"     startTime="8"   direction="0"  volumeScale="1" pitchScale="0.8" />
            <sound template="metalImpMechanic" startTime="8.2" direction="-1" volumeScale="1" pitchScale="0.8" />

            <sound template="foldStartMed02"        startTime="4.1"  direction="-1" volumeScale="3"   pitchScale="0.6" />
            <sound template="trailerCloseImpact_01" startTime="4.1"  direction="-1" volumeScale="1.3" pitchScale="0.8" />
            <sound template="hingeImp"              startTime="3.2"  direction="-1" volumeScale="0.7" pitchScale="0.7" />
            <sound template="trailerCloseImpact_02" startTime="3.2"  direction="-1" volumeScale="0.7" pitchScale="0.8" />
            <sound template="vibratingImp"          startTime="3.2"  direction="-1" volumeScale="0.7" pitchScale="0.8" />
            <sound template="clackVar6"             startTime="1.01" direction="-1" volumeScale="1.7" pitchScale="0.6" />
            <sound template="vibratingImp"          startTime="1.01" direction="-1" volumeScale="1.2" pitchScale="0.8" />
            <sound template="vibratingImp"          startTime="0.01" direction="-1" volumeScale="1.2" pitchScale="0.8" />
            <sound template="foldStartMed02"        startTime="0.01" direction="-1" volumeScale="3.2" pitchScale="0.7" />
            <sound template="foldStartMed02"        startTime="3"    direction="1"  volumeScale="3.4" pitchScale="0.7" />
            <sound template="vibratingImp"          startTime="3"    direction="1"  volumeScale="1.4" pitchScale="0.9" />
            <sound template="foldStartMed02"        startTime="7"    direction="1"  volumeScale="3.4" pitchScale="0.7" />
            <sound template="vibratingImp"          startTime="7"    direction="1"  volumeScale="1.1" pitchScale="0.7" />
            <sound template="metalImpMechanic"      startTime="6.9"  direction="1"  volumeScale="0.8" pitchScale="0.7" />
            <sound template="vibratingImp"          startTime="7.99" direction="1"  volumeScale="1.4" pitchScale="0.9" />
            <sound template="hingeImp"              startTime="7.99" direction="1"  volumeScale="1.4" pitchScale="0.6" />
            <sound template="metalImpHigh06"        startTime="7.99" direction="1"  volumeScale="0.4" pitchScale="0.6" />
            <sound template="metalImpMechanic"      startTime="9.8"  direction="1"  volumeScale="0.8" pitchScale="0.8" />
            <sound template="foldStartMed02"        startTime="9.9"  direction="1"  volumeScale="3.6" pitchScale="0.7" />
            <sound template="vibratingImp"          startTime="9.9"  direction="1"  volumeScale="1.2" pitchScale="0.7" />
            <sound template="foldStartMed02"        startTime="2.2"  direction="-1" volumeScale="3.6" pitchScale="0.7" />
            <sound template="vibratingImp"          startTime="2.2"  direction="-1" volumeScale="1.3" pitchScale="0.7" />
        </animation>

        <animation name="moveSupport">
            <!-- lowered -->
            <part node="supportArm" startTime="0" endTime="0.5" startTrans="0 0.49 0" endTrans="0 -0.12 0" requiredAnimation="folding" requiredAnimationRange="0 0"/>
            <part node="supportArmPart" startTime="0" endTime="0.5" startRot="0 0 0" endRot="5 0 0" requiredAnimation="folding" requiredAnimationRange="0 0"/>
            <!-- lifted -->
            <part node="supportArm" startTime="0" endTime="0.5" startTrans="0 0.49 0" endTrans="0 -0.22 0" requiredAnimation="folding" requiredAnimationRange="0.09 0.11"/>
            <part node="supportArmPart" startTime="0" endTime="0.5" startRot="0 0 0" endRot="0 0 0" requiredAnimation="folding" requiredAnimationRange="0.09 0.11"/>
            <!-- folded -->
            <part node="supportArm" startTime="0" endTime="0.5" startTrans="0 0.49 0" endTrans="0 -0.10 0" requiredAnimation="folding" requiredAnimationRange="1 1"/>
            <part node="supportArmPart" startTime="0" endTime="0.5" startRot="0 0 0" endRot="6 0 0" requiredAnimation="folding" requiredAnimationRange="1 1"/>

            <sound template="slideOpen"  startTime="0.01" endTime="0.49" direction="0"   volumeScale="2" pitchScale="2" linkNode="attacherJoint"/>
            <sound template="metalClose" startTime="0.01" direction="-1" volumeScale="2" pitchScale="2"  linkNode="attacherJoint"/>
        </animation>
    </animations>

    <cylindered>
        <movingTools>
            <movingTool node="drawbarPhysRot" playSound="true">
                <dependentPart node="drawbar" />
                <dependentPart node="drawbarHydraulic" />
                <inputAttacherJoint value="true" />
            </movingTool>
            <movingTool node="leftArm" wheelIndices="3">
                <dependentPart node="leftArmHydraulic" />
            </movingTool>
            <movingTool node="rightArm" wheelIndices="4">
                <dependentPart node="rightArmHydraulic" />
            </movingTool>
            <movingTool node="wheels" wheelIndices="1 2"/>
            <movingTool node="axis" wheelIndices="1 2">
                <dependentPart node="axisHydraulic" />
            </movingTool>
            <movingTool node="leftArmBackArmPart01" wheelIndices="3">
                <dependentPart node="leftArmBackArmPart02" />
            </movingTool>
            <movingTool node="rightArmBackArmPart01" wheelIndices="4">
                <dependentPart node="rightArmBackArmPart02" />
            </movingTool>
            <movingTool node="lockArmLeft">
                <dependentPart node="lockArmLeftSpring" />
            </movingTool>
            <movingTool node="lockArmRight">
                <dependentPart node="lockArmRightSpring" />
            </movingTool>
        </movingTools>

        <movingParts>
            <movingPart node="drawbar" referencePoint="drawbarRef" referenceFrame="drawbarPhysRot" limitedAxis="1" maxUpdateDistance="300">
                <dependentPart node="drawbarHydraulic"/>
            </movingPart>
            <movingPart node="leftArmHydraulic" referencePoint="leftArmHydraulicRef" referenceFrame="leftArmHydraulicRef">
                <translatingPart node="leftArmHydraulicPunch" />
            </movingPart>
            <movingPart node="rightArmHydraulic" referencePoint="rightArmHydraulicRef" referenceFrame="rightArmHydraulicRef">
                <translatingPart node="rightArmHydraulicPunch" />
            </movingPart>
            <movingPart node="axisHydraulic" referencePoint="axisHydraulicRef" referenceFrame="axisHydraulicRef">
                <translatingPart node="axisHydraulicPunch" />
            </movingPart>
            <movingPart node="drawbarHydraulic" referencePoint="drawbarHydraulicRef" referenceFrame="drawbarHydraulicRef">
                <translatingPart node="drawbarHydraulicPunch" />
            </movingPart>
            <movingPart node="leftArmBackArmPart02" localReferencePoint="leftArmBackArmPart03" referencePoint="leftArmBackArmPart03Ref" referenceFrame="leftArmBackArmPart02RefFrame" wheelIndices="3">
                <dependentPart node="leftArmBackArmPart03"/>
                <dependentPart node="leftArmBackArmPart01Hydraulic"/>
            </movingPart>
            <movingPart node="leftArmBackArmPart03" referencePoint="leftArmBackArmPart03Ref" referenceFrame="leftArmBackArmPart03Ref"/>
            <movingPart node="leftArmBackArmPart01Hydraulic" referencePoint="leftArmBackArmPart01HydraulicRef" referenceFrame="leftArmBackArmPart01HydraulicRef">
                <translatingPart node="leftArmBackArmPart01HydraulicPunch" />
            </movingPart>
            <movingPart node="rightArmBackArmPart02" localReferencePoint="rightArmBackArmPart03" referencePoint="rightArmBackArmPart03Ref" referenceFrame="rightArmBackArmPart02RefFrame" wheelIndices="4">
                <dependentPart node="rightArmBackArmPart03"/>
                <dependentPart node="rightArmBackArmPart01Hydraulic"/>
                <dependentPart node="rightArmMeasurement"/>
            </movingPart>
            <movingPart node="rightArmBackArmPart03" referencePoint="rightArmBackArmPart03Ref" referenceFrame="rightArmBackArmPart03Ref"/>
            <movingPart node="rightArmBackArmPart01Hydraulic" referencePoint="rightArmBackArmPart01HydraulicRef" referenceFrame="rightArmBackArmPart01HydraulicRef">
                <translatingPart node="rightArmBackArmPart01HydraulicPunch" />
            </movingPart>
            <movingPart node="rightArmMeasurement" referencePoint="rightArmMeasurementRef" referenceFrame="rightArmMeasurementRef"/>
            <movingPart node="lockArmLeftSpring" referencePoint="lockArmLeftSpringRef" referenceFrame="lockArmLeftSpringRef" scaleZ="true"/>
            <movingPart node="lockArmRightSpring" referencePoint="lockArmRightSpringRef" referenceFrame="lockArmRightSpringRef" scaleZ="true"/>
        </movingParts>
    </cylindered>

    <plow>
        <directionNode node="carrierXL625_main_component1" />
        <onlyActiveWhenLowered value="true"/>
        <sounds>
            <work template="defaultPlowWork" linkNodeOffset="-2 0 0" pitchScale="0.7"/>
            <work template="defaultPlowWork" linkNodeOffset="2 0 0"  pitchScale="0.8" volumeScale="1.3"/>
        </sounds>
    </plow>

    <ai>
        <needsLowering value="true" />
        <collisionTrigger node="aiCollisionNode" width="6.7" height="2"/>
        <areaMarkers leftNode="aiMarkerLeft" rightNode="aiMarkerRight" backNode="aiMarkerBack" />
        <sizeMarkers leftNode="sizeMarkerLeft" rightNode="sizeMarkerRight" backNode="sizeMarkerBack"/>
        <toolReverserDirectionNode node="sizeMarkerBack"/>
        <allowTurnBackward value="false" />
        <turningRadiusLimitation radius="8.5"/>
        <agentAttachment jointNode="attacherJoint" rotCenterWheelIndices="1 2" width="3" height="3.9" length="6.8" lengthOffset="2.75"/>
    </ai>

    <foliageBending>
        <bendingNode minX="-1.4" maxX="1.4" minZ="-1.25" maxZ="2.5" yOffset="0.5"/>
        <bendingNode minX="-0.3" maxX="0.3" minZ="2.5" maxZ="4.3" yOffset="0.5"/>
        <bendingNode minX="-0.475" maxX="2.85" minZ="-1.95" maxZ="1.85" yOffset="-0.65" node="leftArm"/>
        <bendingNode minX="-2.85" maxX="0.475" minZ="-1.95" maxZ="1.85" yOffset="-0.65" node="rightArm"/>
        <bendingNode minX="-1.45" maxX="1.45" minZ="-0.55" maxZ="0.6" yOffset="-0.05" node="wheels"/>
    </foliageBending>

    <wearable wearDuration="480" workMultiplier="5" fieldMultiplier="2"/>
    <washable dirtDuration="90" washDuration="1" workMultiplier="6" fieldMultiplier="2"/>

    <i3dMappings>
        <i3dMapping id="carrierXL625_main_component1" node="0>" />
        <i3dMapping id="carrierXL625_vis" node="0>0" />
        <i3dMapping id="drawbarPhysRot" node="0>0|0|0" />
        <i3dMapping id="attacherJoint" node="0>0|0|0|0" />
        <i3dMapping id="drawbar" node="0>0|0|1" />
        <i3dMapping id="supportArm" node="0>0|0|1|0|0" />
        <i3dMapping id="supportArmPart" node="0>0|0|1|0|0|0|0" />
        <i3dMapping id="drawbarHydraulicRef" node="0>0|0|1|1" />
        <i3dMapping id="yellowRectangle01_01" node="0>0|0|1|2|0|0" />
        <i3dMapping id="yellowRectangle01_02" node="0>0|0|1|2|0|1" />
        <i3dMapping id="frontLight13_left1" node="0>0|0|1|2|0|2" />
        <i3dMapping id="frontLight13_right1" node="0>0|0|1|2|0|3" />
        <i3dMapping id="drawbarRef" node="0>0|0|1|4" />
        <i3dMapping id="drawbarHydraulic" node="0>0|0|2" />
        <i3dMapping id="drawbarHydraulicPunch" node="0>0|0|2|0" />
        <i3dMapping id="hydraulicIn01_detached" node="0>0|0|2|1|0" />
        <i3dMapping id="hydraulicOut01_detached" node="0>0|0|2|1|1" />
        <i3dMapping id="hydraulicIn02_detached" node="0>0|0|2|1|2" />
        <i3dMapping id="hydraulicOut02_detached" node="0>0|0|2|1|3" />
        <i3dMapping id="hydraulicIn03_detached" node="0>0|0|2|1|4" />
        <i3dMapping id="electric_detached" node="0>0|0|2|1|5" />
        <i3dMapping id="airIn_detached" node="0>0|0|2|1|6" />
        <i3dMapping id="airOut_detached" node="0>0|0|2|1|7" />
        <i3dMapping id="airOut" node="0>0|0|2|1|8" />
        <i3dMapping id="airIn" node="0>0|0|2|1|9" />
        <i3dMapping id="electric" node="0>0|0|2|1|10" />
        <i3dMapping id="hydraulicIn03" node="0>0|0|2|1|11" />
        <i3dMapping id="hydraulicOut02" node="0>0|0|2|1|12" />
        <i3dMapping id="hydraulicIn02" node="0>0|0|2|1|13" />
        <i3dMapping id="hydraulicOut01" node="0>0|0|2|1|14" />
        <i3dMapping id="hydraulicIn01" node="0>0|0|2|1|15" />
        <i3dMapping id="leftArm" node="0>0|0|3" />
        <i3dMapping id="leftArmBackArmPart01" node="0>0|0|3|0" />
        <i3dMapping id="leftArmBackArmPart02RefFrame" node="0>0|0|3|0|0" />
        <i3dMapping id="leftArmBackArmPart02" node="0>0|0|3|0|0|0" />
        <i3dMapping id="leftArmBackArmPart03" node="0>0|0|3|0|0|0|0" />
        <i3dMapping id="leftArmBackArmPart01HydraulicRef" node="0>0|0|3|0|0|0|1" />
        <i3dMapping id="disc01" node="0>0|0|3|0|0|0|2|0" />
        <i3dMapping id="disc02" node="0>0|0|3|0|0|0|3|0" />
        <i3dMapping id="wheelBackLeft" node="0>0|0|3|0|0|0|4|0" />
        <i3dMapping id="rollerEffect01LinkNode" node="0>0|0|3|0|0|0|5" />
        <i3dMapping id="leftArmBackArmPart01Hydraulic" node="0>0|0|3|1" />
        <i3dMapping id="leftArmBackArmPart01HydraulicPunch" node="0>0|0|3|1|0" />
        <i3dMapping id="leftArmHydraulicRef" node="0>0|0|3|2" />
        <i3dMapping id="frontRoll01" node="0>0|0|3|3" />
        <i3dMapping id="frontRoll02" node="0>0|0|3|4" />
        <i3dMapping id="wheelsArrayLeft" node="0>0|0|3|6" />
        <i3dMapping id="discEffect01LinkNode" node="0>0|0|3|8" />
        <i3dMapping id="rollerEffect03LinkNode" node="0>0|0|3|9" />
        <i3dMapping id="leftArmBackArmPart03Ref" node="0>0|0|3|10" />
        <i3dMapping id="leftArmHydraulic" node="0>0|0|4" />
        <i3dMapping id="leftArmHydraulicPunch" node="0>0|0|4|0" />
        <i3dMapping id="rightArm" node="0>0|0|5" />
        <i3dMapping id="rightArmBackArmPart01" node="0>0|0|5|0" />
        <i3dMapping id="rightArmBackArmPart02RefFrame" node="0>0|0|5|0|0" />
        <i3dMapping id="rightArmBackArmPart02" node="0>0|0|5|0|0|0" />
        <i3dMapping id="rightArmBackArmPart03" node="0>0|0|5|0|0|0|0" />
        <i3dMapping id="rightArmBackArmPart01HydraulicRef" node="0>0|0|5|0|0|0|1" />
        <i3dMapping id="disc03" node="0>0|0|5|0|0|0|2|0" />
        <i3dMapping id="disc04" node="0>0|0|5|0|0|0|3|0" />
        <i3dMapping id="wheelBackRight" node="0>0|0|5|0|0|0|4|0" />
        <i3dMapping id="rollerEffect02LinkNode" node="0>0|0|5|0|0|0|5" />
        <i3dMapping id="rightArmMeasurement" node="0>0|0|5|0|1" />
        <i3dMapping id="rightArmBackArmPart01Hydraulic" node="0>0|0|5|1" />
        <i3dMapping id="rightArmBackArmPart01HydraulicPunch" node="0>0|0|5|1|0" />
        <i3dMapping id="rightArmHydraulicRef" node="0>0|0|5|2" />
        <i3dMapping id="frontRoll03" node="0>0|0|5|3" />
        <i3dMapping id="frontRoll04" node="0>0|0|5|4" />
        <i3dMapping id="wheelsArrayRight" node="0>0|0|5|6" />
        <i3dMapping id="discEffect02LinkNode" node="0>0|0|5|8" />
        <i3dMapping id="rollerEffect04LinkNode" node="0>0|0|5|9" />
        <i3dMapping id="rightArmBackArmPart03Ref" node="0>0|0|5|10" />
        <i3dMapping id="rightArmMeasurementRef" node="0>0|0|5|11" />
        <i3dMapping id="rightArmHydraulic" node="0>0|0|6" />
        <i3dMapping id="rightArmHydraulicPunch" node="0>0|0|6|0" />
        <i3dMapping id="axis" node="0>0|0|7" />
        <i3dMapping id="wheels" node="0>0|0|7|0" />
        <i3dMapping id="wheelLeft" node="0>0|0|7|0|0" />
        <i3dMapping id="wheelRight" node="0>0|0|7|0|1" />
        <i3dMapping id="axisHydraulicRef" node="0>0|0|7|1" />
        <i3dMapping id="redTriangle01_01" node="0>0|0|7|2|0|0" />
        <i3dMapping id="redTriangle01_02" node="0>0|0|7|2|0|1" />
        <i3dMapping id="yellowRectangle01_03" node="0>0|0|7|2|0|2" />
        <i3dMapping id="yellowRectangle01_04" node="0>0|0|7|2|0|3" />
        <i3dMapping id="rearLight65_left1" node="0>0|0|7|2|0|4" />
        <i3dMapping id="rearLight65_right1" node="0>0|0|7|2|0|5" />
        <i3dMapping id="backLightsHigh1" node="0>0|0|7|2|1|0" />
        <i3dMapping id="turnLightLeftBack" node="0>0|0|7|2|2|0" />
        <i3dMapping id="turnLightRightBack" node="0>0|0|7|2|2|1" />
        <i3dMapping id="licensePlateBack" node="0>0|0|7|3" />
        <i3dMapping id="axisHydraulic" node="0>0|0|8" />
        <i3dMapping id="axisHydraulicPunch" node="0>0|0|8|0" />
        <i3dMapping id="lockArmLeft" node="0>0|0|9|0" />
        <i3dMapping id="lockArmLeftSpringRef" node="0>0|0|9|0|0" />
        <i3dMapping id="lockArmLeftSpring" node="0>0|0|10" />
        <i3dMapping id="lockArmRight" node="0>0|0|11|0" />
        <i3dMapping id="lockArmRightSpringRef" node="0>0|0|11|0|0" />
        <i3dMapping id="lockArmRightSpring" node="0>0|0|12" />
        <i3dMapping id="workAreaStart" node="0>0|1|0" />
        <i3dMapping id="workAreaWidth" node="0>0|1|1" />
        <i3dMapping id="workAreaHeight" node="0>0|1|2" />
        <i3dMapping id="groundReferenceNode" node="0>0|1|3" />
        <i3dMapping id="aiMarkerLeft" node="0>0|2|0" />
        <i3dMapping id="aiMarkerRight" node="0>0|2|1" />
        <i3dMapping id="aiMarkerBack" node="0>0|2|2" />
        <i3dMapping id="aiCollisionNode" node="0>0|2|3" />
        <i3dMapping id="sizeMarkerLeft" node="0>0|2|4" />
        <i3dMapping id="sizeMarkerRight" node="0>0|2|5" />
        <i3dMapping id="sizeMarkerBack" node="0>0|2|6" />
        <i3dMapping id="smokeEmitter" node="0>0|3|0" />
        <i3dMapping id="chunkEmitterShape" node="0>0|3|1" />
    </i3dMappings>
</vehicle>
