﻿<?xml version="1.0" encoding="utf-8" standalone="no" ?>
<vehicle type="cultiplow" xmlns:xsi="http://www.w3.org/2001/XMLSchema-instance" xsi:noNamespaceSchemaLocation="../../../../shared/xml/schema/vehicle.xsd">
    <annotation>Copyright (C) GIANTS Software GmbH, All Rights Reserved.</annotation>

    <storeData>
        <name>CROSSMAX 300 CultiPlow</name>
        <specs>
            <neededPower>95</neededPower>
            <workingWidth>3</workingWidth>
            <combination filterCategory="weights" filterSpec="weight" filterSpecMin="650" filterSpecMax="750"/>
        </specs>
        <functions>
            <function>$l10n_function_plow</function>
        </functions>
        <image>$data/vehicles/knoche/crossmax300/store_crossmax300.png</image>
        <price>9000</price>
        <lifetime>600</lifetime>
        <rotation>0</rotation>
        <brand>KNOCHE</brand>
        <category>plows</category>
        <shopFoldingState>0</shopFoldingState>
        <shopTranslationOffset>0 0 0</shopTranslationOffset>
        <shopRotationOffset>0 0 0</shopRotationOffset>
        <vertexBufferMemoryUsage>842240</vertexBufferMemoryUsage>
        <indexBufferMemoryUsage>218112</indexBufferMemoryUsage>
        <textureMemoryUsage>655360</textureMemoryUsage>
        <instanceVertexBufferMemoryUsage>0</instanceVertexBufferMemoryUsage>
        <instanceIndexBufferMemoryUsage>0</instanceIndexBufferMemoryUsage>
        <audioMemoryUsage>0</audioMemoryUsage>
    </storeData>

    <base>
        <typeDesc>$l10n_typeDesc_plow</typeDesc>
        <filename>$data/vehicles/knoche/crossmax300/crossmax300.i3d</filename>
        <size width="3.65" length="2.7" height="1.5"/>
        <speedLimit value="18"/>
        <components>
            <component centerOfMass="0 0.35 0" solverIterationCount="15" mass="1250"/>
        </components>
        <schemaOverlay attacherJointPosition="0 0" name="IMPLEMENT"/>
        <mapHotspot type="TOOL"/>
    </base>

    <wheels>
        <wheelConfigurations>
            <wheelConfiguration>
                <wheels>
                    <wheel>
                        <physics rotSpeed="0" restLoad="0.4" repr="wheelLeft"  radius="0.275" width="0.3" forcePointRatio="0.3" initialCompression="20" suspTravel="0.1" spring="15" damper="30" supportsWheelSink="false"/>
                    </wheel>
                    <wheel>
                        <physics rotSpeed="0" restLoad="0.4" repr="wheelRight" radius="0.275" width="0.3" forcePointRatio="0.3" initialCompression="20" suspTravel="0.1" spring="15" damper="30" supportsWheelSink="false"/>
                    </wheel>
                </wheels>
            </wheelConfiguration>
        </wheelConfigurations>
    </wheels>

    <speedRotatingParts>
        <speedRotatingPart node="roll" groundReferenceNodeIndex="1" radius="0.275"/>
        <speedRotatingPart shaderNode="discs" groundReferenceNodeIndex="1" radius="-0.29"/>
    </speedRotatingParts>

    <attachable>
        <inputAttacherJoints>
            <inputAttacherJoint node="attacherJoint" jointType="implement" topReferenceNode="topReferenceNode" lowerTransLimitScale="0 1 0" lowerRotationOffset="-2" upperRotationOffset="8" lowerRotLimitScale="0 0 0.3">
                <distanceToGround lower="0.5" upper="1.0"/>
                <bottomArm widths="0.916" ballType="1"/>
            </inputAttacherJoint>
        </inputAttacherJoints>
        <support animationName="moveSupport" />
    </attachable>

    <connectionHoses>
        <hose inputAttacherJointIndices="1" type="hydraulicIn"  node="hydraulicIn01" adapterNode="hydraulicIn01_detached" length="1" diameter="0.015" straighteningFactor="1">
            <objectChange node="hydraulicIn01_detached" visibilityActive="false" visibilityInactive="true"/>
        </hose>
        <hose inputAttacherJointIndices="1" type="hydraulicOut" node="hydraulicOut01" adapterNode="hydraulicOut01_detached" length="1" diameter="0.015" straighteningFactor="1">
            <objectChange node="hydraulicOut01_detached" visibilityActive="false" visibilityInactive="true"/>
        </hose>
        <hose inputAttacherJointIndices="1" type="electric" node="electric" adapterNode="electric_detached" length="1" diameter="0.008" straighteningFactor="1">
            <objectChange node="electric_detached" visibilityActive="false" visibilityInactive="true"/>
        </hose>
    </connectionHoses>

    <lights>
        <sharedLight linkNode="rearLight08_left"  filename="$data/shared/assets/lights/lizard/rearLight08_left.xml"/>
        <sharedLight linkNode="rearLight08_right" filename="$data/shared/assets/lights/lizard/rearLight08_right.xml"/>
        <sharedLight linkNode="rearLight22White"  filename="$data/shared/assets/lights/lizard/rearLight22White.xml"/>
        <sharedLight linkNode="rearLight22White1" filename="$data/shared/assets/lights/lizard/rearLight22White.xml"/>

        <realLights>
            <high>
                <light          node="backLightsHigh" lightTypes="0"/>
                <brakeLight     node="backLightsHigh"/>
                <turnLightLeft  node="turnLightLeftBack"/>
                <turnLightRight node="turnLightRightBack"/>
            </high>
        </realLights>
    </lights>

    <powerConsumer forceNode="crossmax300_main_component1" maxForce="12"/>

    <groundReferenceNodes>
        <groundReferenceNode node="groundReferenceNode" forceFactor="1" threshold="0.2" depthNode="groundReferenceNode">
        </groundReferenceNode>
    </groundReferenceNodes>

    <workAreas>
        <workArea type="plow" functionName="processPlowArea">
            <area startNode="workAreaStart" widthNode="workAreaWidth" heightNode="workAreaHeight"/>
            <groundReferenceNode index="1"/>
            <onlyActiveWhenLowered value="true"/>
            <folding minLimit="0" maxLimit="0"/>
        </workArea>
    </workAreas>

    <workParticles>
        <effect workAreaIndex="1">
            <effectNode effectClass="CultivatorMotionPathEffect" effectType="CULTIVATOR" linkNode="discEffect01LinkNode">
                <motionPathEffect textureFilename="$data/vehicles/knoche/crossmax300/discEffectArray.dds" numRows="60" rowLength="18" minFade="0.07"/>
            </effectNode>
            <effectNode effectClass="CultivatorMotionPathEffect" effectType="CULTIVATOR" linkNode="rollerEffect01LinkNode">
                <motionPathEffect textureFilename="$data/vehicles/knoche/crossmax300/rollerEffectArray.dds" numRows="20" rowLength="18" minFade="0.07" density="0.75" densityScale="0.6"/>
            </effectNode>
        </effect>

        <particle>
            <node node="effectParticleSmokeEmit" refNodeIndex="1" particleType="SOIL_SMOKE" emitCountScale="2.5"/>
        </particle>
    </workParticles>

    <plow>
        <sounds>
            <work template="defaultPlowWork" linkNode="0>" />
        </sounds>
        <directionNode node="0>" />
        <onlyActiveWhenLowered value="true"/>
    </plow>

    <animations>
        <animation name="moveSupport">
            <part node="rollArm"    startTime="0" endTime="0.5" startRot="30 0 0" endRot="0 0 0" />
            <part node="supportCol" startTime="0" endTime="0.5" startTrans="0 0.25 0" endTrans="0 0 0" />

            <sound template="hydraulicOpen05"       startTime="0.01" endTime="0.49" direction="0"     volumeScale="2" pitchScale="1.4" fadeIn="0.1" fadeOut="0.1"/>
            <sound template="foldStartMed02"        startTime="0.4"  direction="1"  volumeScale="3"   pitchScale="0.8" />
            <sound template="vibratingImp"          startTime="0.4"  direction="1"  volumeScale="0.8" pitchScale="0.8" />
            <sound template="trailerCloseImpact_01" startTime="0.1"  direction="-1" volumeScale="0.5" pitchScale="0.8"/>
            <sound template="foldStartMed02"        startTime="0.01" direction="-1" volumeScale="1.5" pitchScale="1.3"/>
        </animation>
    </animations>

    <cylindered>
        <movingTools>
            <movingTool node="rollArm" playSound="true" wheelIndices="1 2">
                <dependentPart node="rollArmHydraulic" />
                <dependentPart node="rollArmSensorArm01" />
            </movingTool>

            <movingTool node="groundAdjustLeft">
                <dependentPart node="armLeftSidePlateArm" />
            </movingTool>
            <movingTool node="groundAdjustRight">
                <dependentPart node="armRightSidePlateArm" />
            </movingTool>
        </movingTools>

        <movingParts>
            <movingPart node="rollArmHydraulic" referencePoint="rollArmHydraulicRef" referenceFrame="rollArmHydraulicRef">
                <translatingPart node="rollArmHydraulicPunch" />
            </movingPart>
            <movingPart node="rollArmSensorArm01" localReferencePoint="rollArmSensorArm02" referencePoint="rollArmSensorArm02Ref" referenceFrame="rollArmSensorArm01RefFrame">
                <dependentPart node="rollArmSensorArm02"/>
            </movingPart>
            <movingPart node="rollArmSensorArm02" referencePoint="rollArmSensorArm02Ref" referenceFrame="rollArmSensorArm02Ref"/>

            <movingPart node="armLeftSidePlateArm" referencePoint="armLeftSidePlateArmRef" referenceFrame="armLeftSidePlateArmRefFrame"/>
            <movingPart node="armRightSidePlateArm" referencePoint="armRightSidePlateArmRef" referenceFrame="armRightSidePlateArmRefFrame"/>
        </movingParts>
    </cylindered>

    <groundAdjustedNodes>
        <groundAdjustedNode node="groundAdjustLeft" minY="0.146" maxY="0.4" moveSpeed="0.5" resetIfNotActive="true">
            <raycastNode distance="1" node="groundAdjustLeftRaycast"/>
        </groundAdjustedNode>
        <groundAdjustedNode node="groundAdjustRight"  minY="0.146" maxY="0.4" moveSpeed="0.5" resetIfNotActive="true">
            <raycastNode distance="1" node="groundAdjustRightRaycast"/>
        </groundAdjustedNode>
    </groundAdjustedNodes>

    <ai>
        <areaMarkers leftNode="aiMarkerLeft" rightNode="aiMarkerRight" backNode="aiMarkerBack"/>
        <sizeMarkers leftNode="sizeMarkerLeft" rightNode="sizeMarkerRight" backNode="sizeMarkerBack"/>
        <collisionTrigger useSize="true"/>
        <needsLowering value="true"/>
        <agentAttachment useSize="true"/>
    </ai>

    <foliageBending>
        <bendingNode minX="-1.5" maxX="1.5" minZ="-1.5" maxZ="0.8" yOffset="0.1"/>
    </foliageBending>

    <wearable wearDuration="480" workMultiplier="5" fieldMultiplier="2"/>
    <washable dirtDuration="90" washDuration="1" workMultiplier="6" fieldMultiplier="2"/>

    <i3dMappings>
        <i3dMapping id="crossmax300_main_component1" node="0>" />
        <i3dMapping id="attacherJoint" node="0>0|0|0" />
        <i3dMapping id="topReferenceNode" node="0>0|0|1" />
        <i3dMapping id="supportCol" node="0>0|0|2" />
        <i3dMapping id="hydraulicIn01" node="0>0|1|0" />
        <i3dMapping id="hydraulicOut01" node="0>0|1|1" />
        <i3dMapping id="electric" node="0>0|1|2" />
        <i3dMapping id="hydraulicIn01_detached" node="0>0|1|3" />
        <i3dMapping id="hydraulicOut01_detached" node="0>0|1|4" />
        <i3dMapping id="electric_detached" node="0>0|1|5" />
        <i3dMapping id="rearLight08_left" node="0>0|2|0|0" />
        <i3dMapping id="rearLight08_right" node="0>0|2|0|1" />
        <i3dMapping id="rearLight22White" node="0>0|2|0|2" />
        <i3dMapping id="rearLight22White1" node="0>0|2|0|3" />
        <i3dMapping id="backLightsHigh" node="0>0|2|1|0" />
        <i3dMapping id="turnLightLeftBack" node="0>0|2|2|0" />
        <i3dMapping id="turnLightRightBack" node="0>0|2|2|1" />
        <i3dMapping id="groundReferenceNode" node="0>0|3|0" />
        <i3dMapping id="workAreaStart" node="0>0|4|0" />
        <i3dMapping id="workAreaWidth" node="0>0|4|1" />
        <i3dMapping id="workAreaHeight" node="0>0|4|2" />
        <i3dMapping id="discEffect01LinkNode" node="0>0|5|0" />
        <i3dMapping id="effectParticleSmokeEmit" node="0>0|5|1" />
        <i3dMapping id="rollArm" node="0>0|6|0" />
        <i3dMapping id="wheelLeft" node="0>0|6|0|0|0" />
        <i3dMapping id="wheelRight" node="0>0|6|0|0|1" />
        <i3dMapping id="roll" node="0>0|6|0|1" />
        <i3dMapping id="rollArmHydraulicRef" node="0>0|6|0|3" />
        <i3dMapping id="rollArmSensorArm02Ref" node="0>0|6|0|4" />
        <i3dMapping id="rollerEffect01LinkNode" node="0>0|6|0|5" />
        <i3dMapping id="rollArmHydraulic" node="0>0|6|1" />
        <i3dMapping id="rollArmHydraulicPunch" node="0>0|6|1|0" />
        <i3dMapping id="rollArmSensorArm01RefFrame" node="0>0|6|2" />
        <i3dMapping id="rollArmSensorArm01" node="0>0|6|2|0" />
        <i3dMapping id="rollArmSensorArm02" node="0>0|6|2|0|0" />
        <i3dMapping id="discs" node="0>0|6|3" />
        <i3dMapping id="armLeftSidePlateArmRefFrame" node="0>0|6|4" />
        <i3dMapping id="armLeftSidePlateArm" node="0>0|6|4|0" />
        <i3dMapping id="groundAdjustLeft" node="0>0|6|5|0" />
        <i3dMapping id="armLeftSidePlateArmRef" node="0>0|6|5|0|0" />
        <i3dMapping id="groundAdjustLeftRaycast" node="0>0|6|5|1" />
        <i3dMapping id="groundAdjustRightRaycast" node="0>0|6|5|2" />
        <i3dMapping id="groundAdjustRight" node="0>0|6|5|3" />
        <i3dMapping id="armRightSidePlateArmRef" node="0>0|6|5|3|0" />
        <i3dMapping id="armRightSidePlateArmRefFrame" node="0>0|6|6" />
        <i3dMapping id="armRightSidePlateArm" node="0>0|6|6|0" />
        <i3dMapping id="aiMarkerLeft" node="0>0|7|0" />
        <i3dMapping id="aiMarkerRight" node="0>0|7|1" />
        <i3dMapping id="aiMarkerBack" node="0>0|7|2" />
        <i3dMapping id="sizeMarkerLeft" node="0>0|7|3" />
        <i3dMapping id="sizeMarkerRight" node="0>0|7|4" />
        <i3dMapping id="sizeMarkerBack" node="0>0|7|5" />
        <i3dMapping id="aiCollisionNode" node="0>0|7|6" />
    </i3dMappings>
</vehicle>
