﻿<?xml version="1.0" encoding="utf-8" standalone="no"?>
<vehicle type="cultiplow" xmlns:xsi="http://www.w3.org/2001/XMLSchema-instance" xsi:noNamespaceSchemaLocation="../../../../shared/xml/schema/vehicle.xsd">
    <annotation>Copyright (C) GIANTS Software GmbH, All Rights Reserved.</annotation>

    <storeData>
        <name>ECO-CULTIVATOR 300 CultiPlow</name>
        <specs>
            <neededPower>110</neededPower>
            <workingWidth>3.0</workingWidth>
            <combination filterCategory="weights" filterSpec="weight" filterSpecMin="650" filterSpecMax="750"/>
        </specs>
        <functions>
            <function>$l10n_function_plow</function>
        </functions>
        <image>$data/vehicles/knoche/ecoCultivator300/store_ecoCultivator300.png</image>
        <price>16000</price>
        <lifetime>600</lifetime>
        <rotation>0</rotation>
        <brand>KNOCHE</brand>
        <category>plows</category>
        <shopTranslationOffset>0 -0.003 0</shopTranslationOffset>
        <shopRotationOffset>0.059 0 0</shopRotationOffset>
        <vertexBufferMemoryUsage>1138688</vertexBufferMemoryUsage>
        <indexBufferMemoryUsage>300800</indexBufferMemoryUsage>
        <textureMemoryUsage>589824</textureMemoryUsage>
        <instanceVertexBufferMemoryUsage>0</instanceVertexBufferMemoryUsage>
        <instanceIndexBufferMemoryUsage>0</instanceIndexBufferMemoryUsage>
        <audioMemoryUsage>0</audioMemoryUsage>
    </storeData>

    <base>
        <typeDesc>$l10n_typeDesc_plow</typeDesc>
        <filename>$data/vehicles/knoche/ecoCultivator300/ecoCultivator300.i3d</filename>
        <size width="3.2" length="3.8" height="1.42" lengthOffset="-0.3"/>
        <speedLimit value="15"/>
        <components>
            <component centerOfMass="0 0.5 0" solverIterationCount="10" mass="1050"/>
        </components>
        <schemaOverlay attacherJointPosition="0 0" name="IMPLEMENT"/>
        <mapHotspot type="TOOL"/>
    </base>

    <wheels>
        <wheelConfigurations>
            <wheelConfiguration name="$l10n_configuration_valueDefault" price="0" saveId="DEFAULT">
                <wheels hasSurfaceSounds="false">
                    <wheel>
                        <physics restLoad="0.7" repr="wheelDrum"         forcePointRatio="0.15" radius="0.28" width="3" mass="0.1" initialCompression="30" suspTravel="0.05" spring="35" damper="15" supportsWheelSink="false"/>
                    </wheel>
                    <wheel filename="$data/shared/wheels/tires/trelleborg/T510/16x6_50R8.xml" isLeft="true" hasTireTracks="true" hasParticles="true">
                        <physics restLoad="0.3" repr="wheelFrontLeft01"  forcePointRatio="0.15" mass="0.1" initialCompression="30" suspTravel="0.05" spring="14" damper="15" supportsWheelSink="false"/>
                    </wheel>
                    <wheel filename="$data/shared/wheels/tires/trelleborg/T510/16x6_50R8.xml" isLeft="false" hasTireTracks="true" hasParticles="true">
                        <physics restLoad="0.3" repr="wheelFrontRight01" forcePointRatio="0.15" mass="0.1" initialCompression="30" suspTravel="0.05" spring="14" damper="15" supportsWheelSink="false"/>
                    </wheel>
                </wheels>
            </wheelConfiguration>
        </wheelConfigurations>

        <dynamicallyLoadedWheels>
            <dynamicallyLoadedWheel linkNode="wheelFrontLeft02" filename="$data/shared/wheels/tires/trelleborg/T510/16x6_50R8.xml" isLeft="false" />
            <dynamicallyLoadedWheel linkNode="wheelFrontRight02" filename="$data/shared/wheels/tires/trelleborg/T510/16x6_50R8.xml" isLeft="true" />
        </dynamicallyLoadedWheels>

        <hubs>
            <hub linkNode="wheelFrontLeft01"  filename="$data/shared/wheels/hubs/hubSmall_n0_1.xml" isLeft="true"  scale="0.15 0.15 0.15" offset="-0.05"/>
            <hub linkNode="wheelFrontLeft02"  filename="$data/shared/wheels/hubs/hubSmall_n0_1.xml" isLeft="false" scale="0.15 0.15 0.15" offset="-0.05"/>
            <hub linkNode="wheelFrontRight01" filename="$data/shared/wheels/hubs/hubSmall_n0_1.xml" isLeft="false" scale="0.15 0.15 0.15" offset="-0.05"/>
            <hub linkNode="wheelFrontRight02" filename="$data/shared/wheels/hubs/hubSmall_n0_1.xml" isLeft="true"  scale="0.15 0.15 0.15" offset="-0.05"/>
        </hubs>
    </wheels>

    <speedRotatingParts>
        <speedRotatingPart node="roll" radius="0.28" groundReferenceNodeIndex="1"/>
        <speedRotatingPart node="wheelFrontLeft02" wheelNodes="wheelFrontLeft01"/>
        <speedRotatingPart node="wheelFrontRight02" wheelNodes="wheelFrontRight01"/>
    </speedRotatingParts>

    <attachable>
        <inputAttacherJoints>
            <inputAttacherJoint node="attacherJoint" jointType="implement" topReferenceNode="topReferenceNode" upperRotationOffset="5" lowerRotationOffset="12" lowerRotLimitScale="0.05 0 0.6" lowerTransLimitScale="0 1 0">
                <distanceToGround lower="0.45" upper="1.0"/>
                <bottomArm widths="0.9" ballType="1" />
            </inputAttacherJoint>
        </inputAttacherJoints>
        <support animationName="moveSupport"/>
    </attachable>

    <connectionHoses>
        <hose inputAttacherJointIndices="1" type="hydraulicIn"  node="hydraulicIn01"  length="1.4" diameter="0.015" straighteningFactor="1" materialTemplateName="0.04 0.04 0.04" adapterNode="hydraulicIn01_detached">
           <objectChange node="hydraulicIn01_detached" visibilityActive="false" visibilityInactive="true"/>
        </hose>
        <hose inputAttacherJointIndices="1" type="hydraulicOut" node="hydraulicOut01" length="1.4" diameter="0.015" straighteningFactor="1" materialTemplateName="0.04 0.04 0.04" adapterNode="hydraulicOut01_detached">
           <objectChange node="hydraulicOut01_detached" visibilityActive="false" visibilityInactive="true"/>
        </hose>
        <hose inputAttacherJointIndices="1" type="electric"  node="electricIn01"  length="1.6" diameter="0.012" straighteningFactor="1" materialTemplateName="0.04 0.04 0.04" adapterNode="electricIn01_detached">
            <objectChange node="electricIn01_detached" visibilityActive="false" visibilityInactive="true"/>
        </hose>
    </connectionHoses>

    <powerConsumer forceNode="ecoCultivator300_main_component1" maxForce="11.5"/>

    <lights>
        <realLights>
            <high>
                <light node="backLightsHigh" lightTypes="0"/>
                <turnLightLeft node="turnLightLeftBack"/>
                <turnLightRight node="turnLightRightBack"/>
                <brakeLight node="backLightsHigh"/>
            </high>
        </realLights>

        <staticLightCompounds>
            <staticLightCompound>
                <node node="lightRearBase_static" intensity="5"/>
                <node node="lightRearGlass_static" intensity="1"/>
            </staticLightCompound>
        </staticLightCompounds>
    </lights>

    <groundReferenceNodes>
        <groundReferenceNode node="groundReferenceNode" forceFactor="1" threshold="0.25" depthNode="groundReferenceNode" chargeValue="1"/>
    </groundReferenceNodes>

    <workAreas>
        <workArea type="plow" functionName="processPlowArea" needsSetIsTurnedOn="false">
            <area startNode="workAreaStart" widthNode="workAreaWidth" heightNode="workAreaHeight" />
            <groundReferenceNode index="1" />
            <onlyActiveWhenLowered value="true"/>
        </workArea>
    </workAreas>

    <workParticles>
        <effect workAreaIndex="1">
            <effectNode effectClass="CultivatorMotionPathEffect" effectType="CULTIVATOR" linkNode="sweepEffectLinkNode01">
                <motionPathEffect textureFilename="$data/effects/cultivator/arrays/sharedCultivatorSweepArray01.dds" numRows="20" rowLength="18" minFade="0.07" isCultivatorSweepEffect="true" />
            </effectNode>
            <effectNode effectClass="CultivatorMotionPathEffect" effectType="CULTIVATOR" linkNode="sweepEffectLinkNode02">
                <motionPathEffect textureFilename="$data/effects/cultivator/arrays/sharedCultivatorSweepArray01.dds" numRows="20" rowLength="18" minFade="0.07" isCultivatorSweepEffect="true" />
            </effectNode>
            <effectNode effectClass="CultivatorMotionPathEffect" effectType="CULTIVATOR" linkNode="sweepEffectLinkNode03">
                <motionPathEffect textureFilename="$data/effects/cultivator/arrays/sharedCultivatorSweepArray01.dds" numRows="20" rowLength="18" minFade="0.07" isCultivatorSweepEffect="true" />
            </effectNode>
            <effectNode effectClass="CultivatorMotionPathEffect" effectType="CULTIVATOR" linkNode="sweepEffectLinkNode04">
                <motionPathEffect textureFilename="$data/effects/cultivator/arrays/sharedCultivatorSweepArray01.dds" numRows="20" rowLength="18" minFade="0.07" isCultivatorSweepEffect="true" />
            </effectNode>
            <effectNode effectClass="CultivatorMotionPathEffect" effectType="CULTIVATOR" linkNode="sweepEffectLinkNode05">
                <motionPathEffect textureFilename="$data/effects/cultivator/arrays/sharedCultivatorSweepArray01.dds" numRows="20" rowLength="18" minFade="0.07" isCultivatorSweepEffect="true" />
            </effectNode>
            <effectNode effectClass="CultivatorMotionPathEffect" effectType="CULTIVATOR" linkNode="sweepEffectLinkNode06">
                <motionPathEffect textureFilename="$data/effects/cultivator/arrays/sharedCultivatorSweepArray01.dds" numRows="20" rowLength="18" minFade="0.07" isCultivatorSweepEffect="true" />
            </effectNode>
            <effectNode effectClass="CultivatorMotionPathEffect" effectType="CULTIVATOR" linkNode="sweepEffectLinkNode07">
                <motionPathEffect textureFilename="$data/effects/cultivator/arrays/sharedCultivatorSweepArray01.dds" numRows="20" rowLength="18" minFade="0.07" isCultivatorSweepEffect="true" />
            </effectNode>
            <effectNode effectClass="CultivatorMotionPathEffect" effectType="CULTIVATOR" linkNode="sweepEffectLinkNode08">
                <motionPathEffect textureFilename="$data/effects/cultivator/arrays/sharedCultivatorSweepArray01.dds" numRows="20" rowLength="18" minFade="0.07" isCultivatorSweepEffect="true" />
            </effectNode>
            <effectNode effectClass="CultivatorMotionPathEffect" effectType="CULTIVATOR" linkNode="sweepEffectLinkNode09">
                <motionPathEffect textureFilename="$data/effects/cultivator/arrays/sharedCultivatorSweepArray01.dds" numRows="20" rowLength="18" minFade="0.07" isCultivatorSweepEffect="true" maxVariationState="0.5"/>
            </effectNode>
            <effectNode effectClass="CultivatorMotionPathEffect" effectType="CULTIVATOR" linkNode="sweepEffectLinkNode10">
                <motionPathEffect textureFilename="$data/effects/cultivator/arrays/sharedCultivatorSweepArray01.dds" numRows="20" rowLength="18" minFade="0.07" isCultivatorSweepEffect="true" maxVariationState="0.5"/>
            </effectNode>
            <effectNode effectClass="CultivatorMotionPathEffect" effectType="CULTIVATOR" linkNode="sweepEffectLinkNode11">
                <motionPathEffect textureFilename="$data/effects/cultivator/arrays/sharedCultivatorSweepArray01.dds" numRows="20" rowLength="18" minFade="0.07" isCultivatorSweepEffect="true" maxVariationState="0.5"/>
            </effectNode>
            <effectNode effectClass="CultivatorMotionPathEffect" effectType="CULTIVATOR" linkNode="sweepEffectLinkNode12">
                <motionPathEffect textureFilename="$data/effects/cultivator/arrays/sharedCultivatorSweepArray01.dds" numRows="20" rowLength="18" minFade="0.07" isCultivatorSweepEffect="true" maxVariationState="0.5"/>
            </effectNode>
            <effectNode effectClass="CultivatorMotionPathEffect" effectType="CULTIVATOR" linkNode="sweepEffectLinkNode13">
                <motionPathEffect textureFilename="$data/effects/cultivator/arrays/sharedCultivatorSweepArray01.dds" numRows="20" rowLength="18" minFade="0.07" isCultivatorSweepEffect="true" maxVariationState="0.5"/>
            </effectNode>
            <effectNode effectClass="CultivatorMotionPathEffect" effectType="CULTIVATOR" linkNode="sweepEffectLinkNode14">
                <motionPathEffect textureFilename="$data/effects/cultivator/arrays/sharedCultivatorSweepArray01.dds" numRows="20" rowLength="18" minFade="0.07" isCultivatorSweepEffect="true" maxVariationState="0.5"/>
            </effectNode>

            <effectNode effectClass="CultivatorMotionPathEffect" effectType="CULTIVATOR" linkNode="rollerEffectLinkNode">
                <motionPathEffect textureFilename="$data/vehicles/knoche/ecoCultivator300/rollerEffectArray.dds" numRows="30" rowLength="18" minFade="0.07" density="0.45" densityScale="0.35"/>
            </effectNode>
        </effect>

        <particle>
            <node node="smokeEmitter" refNodeIndex="1" particleType="SOIL_SMOKE" emitCountScale="2.5"/>
            <node node="chunksEmitter" refNodeIndex="1" particleType="SOIL_CHUNKS" emitCountScale="2.5" worldSpace="false"/>
        </particle>
    </workParticles>

    <animations>
        <animation name="moveSupport">
            <part node="supportCol01" startTime="0" endTime="0.5" startTrans="0 0.5 0" endTrans="0 -0.0 0"/>
            <part node="wheelArmsFront" startTime="0" endTime="0.5" startTrans="0 0.1 0" endTrans="0 0 0"/>
            <part node="backArm" startTime="0" endTime="0.5" startRot="5 0 0" endRot="0 0 0"/>

            <sound template="hydraulicClose01" startTime="0.01" endTime="0.49" volumeScale="1.5" pitchScale="0.8" fadeIn="0.1" fadeOut="0.1" linkNode="attacherJoint"/>
            <sound template="vibratingImp"     startTime="0.01" direction="-1" volumeScale="0.5" pitchScale="1"   linkNode="attacherJoint" />
            <sound template="hingeImp"         startTime="0.15" direction="-1" volumeScale="0.5" pitchScale="1"   linkNode="attacherJoint" />
        </animation>
    </animations>

    <cylindered>
        <movingTools>
            <movingTool node="wheelArmsFront" playSound="true" wheelIndices="2 3"/>
            <movingTool node="backArm" playSound="true" wheelIndices="1">
                <dependentPart node="backArmHydraulic" />
            </movingTool>
        </movingTools>

        <movingParts>
            <movingPart node="backArmHydraulic" referencePoint="backArmHydraulicRef" referenceFrame="backArmHydraulicRef">
                <translatingPart node="backArmHydraulicPunch" />
            </movingPart>
        </movingParts>
    </cylindered>

    <plow>
        <sounds>
            <work template="defaultPlowWork" linkNode="0>" volumeScale="1.4"/>
        </sounds>
        <directionNode node="ecoCultivator300_main_component1" />
        <onlyActiveWhenLowered value="true"/>
    </plow>

    <ai>
        <needsLowering value="true"/>
        <areaMarkers leftNode="aiMarkerLeft" rightNode="aiMarkerRight" backNode="aiMarkerBack"/>
        <sizeMarkers leftNode="sizeMarkerLeft" rightNode="sizeMarkerRight" backNode="sizeMarkerBack"/>
        <collisionTrigger  useSize="true"/>
        <agentAttachment useSize="true"/>
    </ai>

    <foliageBending>
        <bendingNode minX="-1.58" maxX="1.58" minZ="-2.15" maxZ="1.65" yOffset="0.4"/>
    </foliageBending>

    <wearable wearDuration="480" workMultiplier="5" fieldMultiplier="2"/>
    <washable dirtDuration="90" washDuration="1" workMultiplier="6" fieldMultiplier="2"/>

    <i3dMappings>
        <i3dMapping id="ecoCultivator300_main_component1" node="0>" />
        <i3dMapping id="attacherJoint" node="0>0|0|0" />
        <i3dMapping id="topReferenceNode" node="0>0|0|1" />
        <i3dMapping id="supportCol01" node="0>0|0|2" />
        <i3dMapping id="hydraulicIn01" node="0>0|1|0" />
        <i3dMapping id="electricIn01" node="0>0|1|1" />
        <i3dMapping id="hydraulicOut01" node="0>0|1|2" />
        <i3dMapping id="hydraulicIn01_detached" node="0>0|1|3" />
        <i3dMapping id="hydraulicOut01_detached" node="0>0|1|4" />
        <i3dMapping id="electricIn01_detached" node="0>0|1|5" />
        <i3dMapping id="groundReferenceNode" node="0>0|2|0" />
        <i3dMapping id="lightRearBase_static" node="0>0|3|0|0" />
        <i3dMapping id="lightRearGlass_static" node="0>0|3|0|1" />
        <i3dMapping id="backLightsHigh" node="0>0|3|1|0" />
        <i3dMapping id="turnLightLeftBack" node="0>0|3|2|0" />
        <i3dMapping id="turnLightRightBack" node="0>0|3|2|1" />
        <i3dMapping id="workAreaStart" node="0>0|4|0" />
        <i3dMapping id="workAreaWidth" node="0>0|4|1" />
        <i3dMapping id="workAreaHeight" node="0>0|4|2" />
        <i3dMapping id="aiMarkerLeft" node="0>0|5|0" />
        <i3dMapping id="aiMarkerRight" node="0>0|5|1" />
        <i3dMapping id="aiMarkerBack" node="0>0|5|2" />
        <i3dMapping id="sizeMarkerLeft" node="0>0|5|3" />
        <i3dMapping id="sizeMarkerRight" node="0>0|5|4" />
        <i3dMapping id="sizeMarkerBack" node="0>0|5|5" />
        <i3dMapping id="sweepEffectLinkNode01" node="0>0|6|0" />
        <i3dMapping id="sweepEffectLinkNode02" node="0>0|6|1" />
        <i3dMapping id="sweepEffectLinkNode03" node="0>0|6|2" />
        <i3dMapping id="sweepEffectLinkNode04" node="0>0|6|3" />
        <i3dMapping id="sweepEffectLinkNode05" node="0>0|6|4" />
        <i3dMapping id="sweepEffectLinkNode06" node="0>0|6|5" />
        <i3dMapping id="sweepEffectLinkNode07" node="0>0|6|6" />
        <i3dMapping id="sweepEffectLinkNode08" node="0>0|6|7" />
        <i3dMapping id="sweepEffectLinkNode09" node="0>0|6|8" />
        <i3dMapping id="sweepEffectLinkNode10" node="0>0|6|9" />
        <i3dMapping id="sweepEffectLinkNode11" node="0>0|6|10" />
        <i3dMapping id="sweepEffectLinkNode12" node="0>0|6|11" />
        <i3dMapping id="sweepEffectLinkNode13" node="0>0|6|12" />
        <i3dMapping id="sweepEffectLinkNode14" node="0>0|6|13" />
        <i3dMapping id="rollerEffectLinkNode" node="0>0|6|14" />
        <i3dMapping id="smokeEmitter" node="0>0|6|15" />
        <i3dMapping id="chunksEmitter" node="0>0|6|16" />
        <i3dMapping id="backArm" node="0>0|7|0" />
        <i3dMapping id="roll" node="0>0|7|0|0" />
        <i3dMapping id="wheelDrum" node="0>0|7|0|1" />
        <i3dMapping id="backArmHydraulicRef" node="0>0|7|0|2" />
        <i3dMapping id="backArmHydraulic" node="0>0|7|1" />
        <i3dMapping id="backArmHydraulicPunch" node="0>0|7|1|0" />
        <i3dMapping id="sideArms" node="0>0|7|2" />
        <i3dMapping id="wheelArmsFront" node="0>0|7|3|0" />
        <i3dMapping id="wheelFrontLeft01" node="0>0|7|3|0|0" />
        <i3dMapping id="wheelFrontRight01" node="0>0|7|3|0|1" />
        <i3dMapping id="wheelFrontLeft02" node="0>0|7|3|0|3" />
        <i3dMapping id="wheelFrontRight02" node="0>0|7|3|0|4" />
    </i3dMappings>
</vehicle>
