﻿<?xml version="1.0" encoding="utf-8" standalone="no" ?>
<vehicle type="cultiplow" xmlns:xsi="http://www.w3.org/2001/XMLSchema-instance" xsi:noNamespaceSchemaLocation="../../../../shared/xml/schema/vehicle.xsd">
    <annotation>Copyright (C) GIANTS Software GmbH, All Rights Reserved.</annotation>

    <storeData>
        <name>GRIZZLY X4 CultiPlow</name>
        <specs>
            <neededPower>240</neededPower>
            <workingWidth>4.0</workingWidth>
            <combination filterCategory="weights" filterSpec="weight" filterSpecMin="750" filterSpecMax="800"/>
        </specs>
        <functions>
            <function>$l10n_function_plow</function>
        </functions>
        <image>$data/vehicles/agromasz/grizzlyX4/store_grizzlyX4.png</image>
        <price>28000</price>
        <lifetime>600</lifetime>
        <rotation>0</rotation>
        <brand>AGROMASZ</brand>
        <category>plows</category>
        <shopTranslationOffset>0 -0.028 0</shopTranslationOffset>
        <shopRotationOffset>1.943 0 0</shopRotationOffset>
        <vertexBufferMemoryUsage>3059200</vertexBufferMemoryUsage>
        <indexBufferMemoryUsage>1419776</indexBufferMemoryUsage>
        <textureMemoryUsage>917504</textureMemoryUsage>
        <instanceVertexBufferMemoryUsage>0</instanceVertexBufferMemoryUsage>
        <instanceIndexBufferMemoryUsage>0</instanceIndexBufferMemoryUsage>
        <audioMemoryUsage>0</audioMemoryUsage>
    </storeData>

    <base>
        <typeDesc>$l10n_typeDesc_plow</typeDesc>
        <filename>$data/vehicles/agromasz/grizzlyX4/grizzlyX4.i3d</filename>
        <size width="3" length="9.65" height="2.85" lengthOffset="-0.05"/>
        <speedLimit value="15"/>
        <components>
            <component centerOfMass="0 0.6 -1" solverIterationCount="10" mass="4635"/>
            <component centerOfMass="0 0 0" solverIterationCount="10" mass="550"/>

            <joint component1="1" component2="2" node="componentJointDrawbar" rotLimit="0 0 0" transLimit="0 0 0"/>
        </components>
        <schemaOverlay attacherJointPosition="0 0" name="IMPLEMENT"/>
        <mapHotspot type="TOOL_TRAILED"/>
    </base>

    <configurationSets title="$l10n_configuration_roller">
        <configurationSet name="$l10n_configuration_valueDesign01">
            <configuration name="design"    index="1"/>
            <configuration name="animation" index="1"/>
        </configurationSet>
        <configurationSet name="$l10n_configuration_valueDesign02">
            <configuration name="design"    index="2"/>
            <configuration name="animation" index="2"/>
        </configurationSet>
        <configurationSet name="$l10n_configuration_valueDesign03">
            <configuration name="design"    index="3"/>
            <configuration name="animation" index="1"/>
        </configurationSet>
    </configurationSets>

    <wheels>
        <wheelConfigurations tireCategories="TRAILER">
            <wheelConfiguration name="$l10n_configuration_valueDefault" price="0" saveId="DEFAULT">
                <wheels>
                    <wheel dimensions="500_50R17" isLeft="true"  hasTireTracks="true" hasParticles="true">
                        <physics restLoad="2.2" repr="wheelMiddleLeft"  forcePointRatio="0.3" initialCompression="30" suspTravel="0.08" spring="86" damper="35" yOffset="0.03"/>
                    </wheel>
                    <wheel dimensions="500_50R17" isLeft="false" hasTireTracks="true" hasParticles="true">
                        <physics restLoad="2.2" repr="wheelMiddleRight" forcePointRatio="0.3" initialCompression="30" suspTravel="0.08" spring="86" damper="35" yOffset="0.03"/>
                    </wheel>
                    <wheel>
                        <physics restLoad="1.6" repr="wheelBackLeft"   radius="0.3"  width="2.1" forcePointRatio="0.5" useReprDirection="true" initialCompression="30" suspTravel="0.10" spring="50" damper="80" brakeFactor="0" supportsWheelSink="false" rotationDamping="0.005"/>
                    </wheel>
                    <wheel>
                        <physics restLoad="1.6" repr="wheelBackRight"  radius="0.3"  width="2.1" forcePointRatio="0.5" useReprDirection="true" initialCompression="30" suspTravel="0.10" spring="50" damper="80" brakeFactor="0" supportsWheelSink="false" rotationDamping="0.005"/>
                    </wheel>
                    <wheel>
                        <physics restLoad="0.3" repr="wheelFrontLeft"  radius="0.25" width="1.8" forcePointRatio="0.5" useReprDirection="true" initialCompression="30" suspTravel="0.12" spring="10" damper="80" brakeFactor="0" supportsWheelSink="false" rotationDamping="0.005"/>
                    </wheel>
                    <wheel>
                        <physics restLoad="0.3" repr="wheelFrontRight" radius="0.25" width="1.8" forcePointRatio="0.5" useReprDirection="true" initialCompression="30" suspTravel="0.12" spring="10" damper="80" brakeFactor="0" supportsWheelSink="false" rotationDamping="0.005"/>
                    </wheel>
                </wheels>
            </wheelConfiguration>
        </wheelConfigurations>

        <hubs>
            <hub linkNode="wheelMiddleLeft"  filename="$data/shared/wheels/hubs/hub_n10_5.xml" isLeft="true"  scale="0.285 0.285 0.285" offset="0.017"/>
            <hub linkNode="wheelMiddleRight" filename="$data/shared/wheels/hubs/hub_n10_5.xml" isLeft="false" scale="0.285 0.285 0.285" offset="0.017"/>
        </hubs>
    </wheels>


    <speedRotatingParts>
        <speedRotatingPart nodes="tubeRollerLeft doubleTubeRollerLeft01 doubleTubeRollerLeft02 crackerRollerLeft" wheelNodes="wheelBackLeft"/>
        <speedRotatingPart nodes="tubeRollerRight doubleTubeRollerRight01 doubleTubeRollerRight02 crackerRollerRight" wheelNodes="wheelBackRight"/>
        <speedRotatingPart shaderNode="armLeftDiscsBack"   groundReferenceNodeIndex="1" radius="-0.28"/>
        <speedRotatingPart shaderNode="armRightDiscsBack"  groundReferenceNodeIndex="1" radius="-0.28"/>
        <speedRotatingPart shaderNode="armLeftDiscsFront"  groundReferenceNodeIndex="1" radius="-0.28"/>
        <speedRotatingPart shaderNode="armRightDiscsFront" groundReferenceNodeIndex="1" radius="-0.28"/>
    </speedRotatingParts>

    <attachable>
        <inputAttacherJoints>
            <inputAttacherJoint node="attacherJoint" rootNode="grizzlyX4_drawbar_component2" jointType="trailerLow" attacherHeight="0.71"/>
        </inputAttacherJoints>
        <support animationName="moveSupport" delayedOnLoad="true"/>
        <brakeForce force="0.85"/>
        <sounds>
            <active file="$data/sounds/tools/cultivator/generalRattle_01.wav" innerRadius="10" outerRadius="50" volumeScale="3.6" isLocalSound="true" pitchScale="0.9">
                <volume indoor="0.7" outdoor="0.9" >
                    <modifier type="WHEEL_SUSPENSION" value="-0.08" modifiedValue="0.5"/>
                    <modifier type="WHEEL_SUSPENSION" value="-0.05" modifiedValue="0.3"/>
                    <modifier type="WHEEL_SUSPENSION" value="-0.04" modifiedValue="0.10"/>
                    <modifier type="WHEEL_SUSPENSION" value="-0.03" modifiedValue="0.00"/>
                    <modifier type="WHEEL_SUSPENSION" value="-0.00" modifiedValue="0.0"/>
                    <modifier type="WHEEL_SUSPENSION" value="0.03" modifiedValue="0.00"/>
                    <modifier type="WHEEL_SUSPENSION" value="0.04" modifiedValue="0.10"/>
                    <modifier type="WHEEL_SUSPENSION" value="0.05" modifiedValue="0.3"/>
                    <modifier type="WHEEL_SUSPENSION" value="0.08" modifiedValue="0.5"/>

                    <modifier type="SPEED" value="0.0" modifiedValue="0.0"/>
                    <modifier type="SPEED" value="2.0" modifiedValue="1.0"/>
                    <modifier type="SPEED" value="40.0" modifiedValue="1.0"/>
                </volume>
                <lowpassCutoffFrequency indoor="250" outdoor="20000" />
                <lowpassGain indoor="0.5" outdoor="1" />
            </active>
        </sounds>
    </attachable>

    <connectionHoses>
        <hose inputAttacherJointIndices="1" type="hydraulicIn" node="hydraulicIn01" diameter="0.0185" length="1.5" isTwoPointHose="true" adapterNode="hydraulicIn01_connector">
           <objectChange node="hydraulicIn01_detached" visibilityActive="false" visibilityInactive="true"/>
        </hose>
        <hose inputAttacherJointIndices="1" type="hydraulicOut" node="hydraulicOut01" diameter="0.0185" length="1.5" isTwoPointHose="true" adapterNode="hydraulicOut01_connector">
           <objectChange node="hydraulicOut01_detached" visibilityActive="false" visibilityInactive="true"/>
        </hose>
        <hose inputAttacherJointIndices="1" type="hydraulicIn" node="hydraulicIn02" diameter="0.0185" length="1.5" isTwoPointHose="true"  adapterNode="hydraulicIn02_connector">
           <objectChange node="hydraulicIn02_detached" visibilityActive="false" visibilityInactive="true"/>
        </hose>
        <hose inputAttacherJointIndices="1" type="hydraulicOut" node="hydraulicOut02" diameter="0.0185" length="1.5" isTwoPointHose="true"  adapterNode="hydraulicOut02_connector">
            <objectChange node="hydraulicOut02_detached" visibilityActive="false" visibilityInactive="true" />
        </hose>
        <hose inputAttacherJointIndices="1" type="hydraulicIn" node="hydraulicIn03" diameter="0.0185" length="1.5" isTwoPointHose="true"  adapterNode="hydraulicIn03_connector">
           <objectChange node="hydraulicIn03_detached" visibilityActive="false" visibilityInactive="true"/>
        </hose>
        <hose inputAttacherJointIndices="1" type="hydraulicOut" node="hydraulicOut03" diameter="0.0185" length="1.5" isTwoPointHose="true"  adapterNode="hydraulicOut03_connector">
            <objectChange node="hydraulicOut03_detached" visibilityActive="false" visibilityInactive="true" />
        </hose>
        <hose inputAttacherJointIndices="1" type="airDoubleRed" node="airRed" diameter="0.015" length="1.5" isTwoPointHose="true" adapterNode="airRed_connector">
            <objectChange node="airRed_detached" visibilityActive="false" visibilityInactive="true"/>
        </hose>
        <hose inputAttacherJointIndices="1" type="airDoubleYellow" node="airYellow" diameter="0.015" length="1.5" isTwoPointHose="true"  adapterNode="airYellow_connector">
           <objectChange node="airYellow_detached" visibilityActive="false" visibilityInactive="true"/>
        </hose>
        <hose inputAttacherJointIndices="1" type="electric" node="electric" diameter="0.01" length="1.4" isTwoPointHose="true"  adapterNode="electric_connector">
            <objectChange node="electric_detached" visibilityActive="false" visibilityInactive="true"/>
        </hose>
        <sounds>
            <connect    type="airDoubleRed" template="hydraulicHosesAttach" volumeScale="0.7" linkNode="attacherJoint"/>
            <connect    type="electric"     template="generalConnection"    volumeScale="0.7" linkNode="attacherJoint"/>
            <disconnect type="airDoubleRed" template="hydraulicHosesDetach" volumeScale="0.7" linkNode="attacherJoint"/>
            <disconnect type="electric"     template="generalConnection"    volumeScale="0.7" linkNode="attacherJoint"/>
        </sounds>
    </connectionHoses>

    <powerConsumer forceNode="grizzlyX4_main_component1" maxForce="28"/>

    <lights>
        <sharedLight linkNode="rearLight26Red_01"  filename="$data/shared/assets/lights/lizard/rearLight26Red.xml" />
        <sharedLight linkNode="rearLight26Red_02"  filename="$data/shared/assets/lights/lizard/rearLight26Red.xml" />
        <sharedLight linkNode="rearLight60White_01" filename="$data/shared/assets/lights/lizard/rearLight60White_left.xml" />
        <sharedLight linkNode="rearLight60White_02" filename="$data/shared/assets/lights/lizard/rearLight60White_right.xml" />
        <sharedLight linkNode="rearLight26Orange_01" filename="$data/shared/assets/lights/lizard/rearLight26Orange.xml" />
        <sharedLight linkNode="rearLight26Orange_02" filename="$data/shared/assets/lights/lizard/rearLight26Orange.xml" />

        <realLights>
            <high>
                <light node="backLightsHigh" lightTypes="0"/>
                <turnLightLeft node="turnLightLeftBack"/>
                <turnLightRight node="turnLightRightBack"/>
                <brakeLight node="backLightsHigh"/>
            </high>
        </realLights>
    </lights>

    <licensePlates>
        <licensePlate node="licensePlateBack" position="BACK" preferedType="ELONGATED" placementArea="0.3 0.3 0.3 0.29"/>
    </licensePlates>

    <groundReferenceNodes>
        <groundReferenceNode node="groundReferenceNode" forceFactor="1" threshold="0.2"/>
    </groundReferenceNodes>

    <workAreas>
        <workArea type="plow" functionName="processPlowArea">
            <area startNode="workAreaStart" widthNode="workAreaWidth" heightNode="workAreaHeight"/>
            <groundReferenceNode index="1"/>
            <onlyActiveWhenLowered value="true"/>
        </workArea>
    </workAreas>

    <workParticles>
        <effect workAreaIndex="1">
            <effectNode effectClass="CultivatorMotionPathEffect" effectType="CULTIVATOR" linkNode="discEffectFrontLinkNode">
                <motionPathEffect textureFilename="$data/vehicles/agromasz/grizzlyX4/discEffectFrontArray.dds" numRows="60" rowLength="18" minFade="0.07" density="1" shapeScale="0.8" maxShapeScale="0.8"/>
            </effectNode>
            <effectNode effectClass="CultivatorMotionPathEffect" effectType="CULTIVATOR" linkNode="tineEffectLinkNode">
                <motionPathEffect textureFilename="$data/vehicles/agromasz/grizzlyX4/tineEffectArray.dds" numRows="60" rowLength="18" minFade="0.07" density="1" shapeScale="1" maxShapeScale="1"/>
            </effectNode>
            <effectNode effectClass="CultivatorMotionPathEffect" effectType="CULTIVATOR" linkNode="discEffectBackLinkNode">
                <motionPathEffect textureFilename="$data/vehicles/agromasz/grizzlyX4/discEffectBackArray.dds" numRows="20" rowLength="18" minFade="0.07" density="1" shapeScale="1" maxShapeScale="1"/>
            </effectNode>
            <effectNode effectClass="CultivatorMotionPathEffect" effectType="CULTIVATOR" linkNode="rollerEffect01LinkNode">
                <motionPathEffect textureFilename="$data/vehicles/agromasz/grizzlyX4/rollerEffect01Array.dds" numRows="40" rowLength="18" minFade="0.07" density="0.6" densityScale="0.6"/>
            </effectNode>
        </effect>

        <particle>
            <node node="dustEmitterShape" refNodeIndex="1" particleType="SOIL_SMOKE"/>
            <node node="chunkEmitterShape" refNodeIndex="1" particleType="SOIL" worldSpace="false"/>
        </particle>
    </workParticles>

<!--     <workModes foldMaxLimit="0.14285">
        <workMode name="$l10n_action_workMode_cultivatorShallow" useDeepMode="false" forceScale="0.7">
            <animation name="depthSettingAnimation" speed="-1" stopTime="0" repeatAfterUnfolding="true"/>
        </workMode>
        <workMode name="$l10n_action_workMode_cultivatorDeep" useDeepMode="true" forceScale="1">
            <animation name="depthSettingAnimation" speed="1" stopTime="1" repeatAfterUnfolding="true"/>
        </workMode>
    </workModes>
 -->
    <foldable>
        <foldingConfigurations>
            <foldingConfiguration>
                <foldingParts startMoveDirection="1" foldMiddleAnimTime="0.14285">
                    <foldingPart animationName="folding" speedScale="1.0"/>
                </foldingParts>
            </foldingConfiguration>
        </foldingConfigurations>
    </foldable>

    <animations>
        <animation name="moveSupport">
            <!-- folded -->
            <part node="componentJointDrawbar" startTime="0.0" endTime="1.0" startRot="5 0 0" endRot="-8 0 0" requiredAnimation="folding" requiredAnimationRange="0.1 1"/>
            <part node="axleMiddle" startTime="0.0" endTime="1.0" startRot="20 0 0" endRot="5 0 0" requiredAnimation="folding" requiredAnimationRange="0.1 1"/>
            <part node="supportCol" startTime="1.0" endTime="1.5" startTrans="0 0 0" endTrans="0 -0.5 0" requiredAnimation="folding" requiredAnimationRange="0.1 1"/>

            <part node="supportArmBolt" startTime="0.00" endTime="1.00" visibility="true" requiredAnimation="folding" requiredAnimationRange="0.1 1"/>
            <part node="supportArmBolt" startTime="1.00" endTime="1.49" visibility="false" requiredAnimation="folding" requiredAnimationRange="0.1 1"/>
            <part node="supportArmBolt" startTime="1.49" endTime="1.50" visibility="true" requiredAnimation="folding" requiredAnimationRange="0.1 1"/>
            <part node="supportArm" startTime="1.0" endTime="1.49" startTrans="0 0 0" endTrans="0 -0.5 0" requiredAnimation="folding" requiredAnimationRange="0.1 1"/>

            <!-- lowered -->
            <part componentJointIndex="1" startTime="0.0" endTime="1.0" startRotMinLimit="-1.5 0 0" startRotMaxLimit="8 0 0" endRotLimit="0 0 0" requiredAnimation="folding" requiredAnimationRange="0 0.1"/>
            <part node="componentJointDrawbar" startTime="0.0" endTime="1.0" startRot="-5 0 0" endRot="-8 0 0" requiredAnimation="folding" requiredAnimationRange="0 0.1"/>
            <part node="axleMiddle" startTime="0.0" endTime="1.0" startRot="-42 0 0" endRot="5 0 0" requiredAnimation="folding" requiredAnimationRange="0 0.1"/>
            <part node="supportCol" startTime="1.0" endTime="1.5" startTrans="0 0 0" endTrans="0 -0.5 0" requiredAnimation="folding" requiredAnimationRange="0 0.1"/>

            <part node="supportArmBolt" startTime="0.00" endTime="1.00" visibility="true" requiredAnimation="folding" requiredAnimationRange="0 0.1"/>
            <part node="supportArmBolt" startTime="1.00" endTime="1.49" visibility="false" requiredAnimation="folding" requiredAnimationRange="0 0.1"/>
            <part node="supportArmBolt" startTime="1.49" endTime="1.50" visibility="true" requiredAnimation="folding" requiredAnimationRange="0 0.1"/>
            <part node="supportArm" startTime="1.0" endTime="1.49" startTrans="0 0 0" endTrans="0 -0.5 0" requiredAnimation="folding" requiredAnimationRange="0 0.1"/>

            <sound template="hydraulicOpen06"  startTime="0.01" endTime="1"    volumeScale="1" direction="1"  startPitchScale="0.5" endPitchScale="0.4" fadeIn="0.1" fadeOut="0.1" />
            <sound template="hydraulicOpen05"  startTime="0.01" endTime="1"    volumeScale="2" direction="1"  startPitchScale="1.6" endPitchScale="1.5" fadeIn="0.1" fadeOut="0.1" />
            <sound template="hydraulicClose03" startTime="0.01" endTime="1"    volumeScale="3" direction="-1" pitchScale="1.2"      fadeIn="0.1" fadeOut="0.1" />
            <sound template="hydraulicClose01" startTime="0.01" endTime="1"    volumeScale="3" direction="-1" pitchScale="0.6"      fadeIn="0.1" fadeOut="0.1" />
            <sound template="slideOpen"        startTime="1"    endTime="1.49" volumeScale="2" pitchScale="2" linkNode="supportArm"/>
        </animation>

        <animation name="folding" soundVolumeFactor="0.8">
            <!-- lowering -->
            <part componentJointIndex="1" startTime="0.0" endTime="1.0" startRotMinLimit="-1.5 0 0" startRotMaxLimit="8 0 0" endRotLimit="0 0 0"/>
            <part node="componentJointDrawbar" startTime="0.0" endTime="1.0" startRot="-5 0 0" endRot="5 0 0" />
            <part node="axleMiddle" startTime="0.0" endTime="1.0" startRot="-42 0 0" endRot="30 0 0" />

            <!-- folding -->
            <part node="armLeft"  startTime="1.0" endTime="7.0" startRot="0 0 0" endRot="0 0 90" />
            <part node="armRight" startTime="1.0" endTime="7.0" startRot="0 0 0" endRot="0 0 -90" />

            <part node="colPart05" startTime="3.0" endTime="4.0" startTrans="0 0 0" endTrans="0 -0.55 0" />
            <part node="colPart06" startTime="3.0" endTime="4.0" startTrans="0 0 0" endTrans="0 -0.55 0" />

            <part direction="1" startTime="1" endTime="2" dependentAnimation="depthSettingAnimation" dependentAnimationStartTime="0" dependentAnimationEndTime="1"/>

            <sound template="hydraulicOpen02"       startTime="1.01" endTime="6.99" volumeScale="2"   startPitchScale="1.2" endPitchScale="1.3" direction="-1" fadeIn="0.1" fadeOut="0.1"/>
            <sound template="hydraulicOpen06"       startTime="1.01" endTime="6.99" volumeScale="0.7" startPitchScale="0.5" endPitchScale="0.6" direction="-1" fadeIn="0.1" fadeOut="0.1"/>
            <sound template="hydraulicClose01"      startTime="1.01" endTime="6.99" volumeScale="4.7" pitchScale="0.6"      direction="1"       fadeIn="0.1"   fadeOut="0.1"/>
            <sound template="hydraulicOpen04"       startTime="1.01" endTime="6.99" volumeScale="1.7" pitchScale="1.2"      direction="1"       fadeIn="0.1"   fadeOut="0.1"/>
            <sound template="vibratingImp"          startTime="1.01" direction="-1" volumeScale="1.2" pitchScale="1" />
            <sound template="foldStartMed02"        startTime="1.01" direction="-1" volumeScale="3.2" pitchScale="0.7" />
            <sound template="metalImpHigh05"        startTime="1.1"  direction="-1" volumeScale="1.2" pitchScale="0.8" />
            <sound template="vibratingImp"          startTime="6.99" direction="1"  volumeScale="1.3" pitchScale="1" />
            <sound template="foldStartMed02"        startTime="6.99" direction="1"  volumeScale="3.2" pitchScale="0.7" />
            <sound template="sheetImp02"            startTime="6.99" direction="1"  volumeScale="2.2" pitchScale="0.8" />
            <sound template="trailerCloseImpact_01" startTime="6.99" direction="1"  volumeScale="0.7" pitchScale="0.8" />
            <sound template="hydraulicOpen02"       startTime="0.01" endTime="0.99" volumeScale="1.5" pitchScale="1.5" direction="-1" fadeIn="0.1" fadeOut="0.1"/>
            <sound template="hydraulicOpen06"       startTime="0.01" endTime="0.99" volumeScale="0.8" pitchScale="0.5" direction="-1" fadeIn="0.1" fadeOut="0.1"/>
            <sound template="hydraulicClose03"      startTime="0.01" endTime="0.99" volumeScale="4"   pitchScale="1.6" direction="0"  fadeIn="0.1" fadeOut="0.1"/>
            <sound template="vibratingImp"          startTime="0.01" direction="-1" volumeScale="1.3" pitchScale="1.4" />
            <sound template="foldStartMed02"        startTime="0.01" direction="-1" volumeScale="3.2" pitchScale="0.7" />
            <sound template="sheetImp02"            startTime="0.01" direction="-1" volumeScale="2.2" pitchScale="0.8" />
            <sound template="trailerCloseImpact_02" startTime="0.01" direction="-1" volumeScale="0.7" pitchScale="0.8" />
        </animation>

        <animationConfigurations>
            <animationConfiguration name="1">
                <animation name="depthSettingAnimation">
                    <part node="armLeftDiscArm01" startTime="0.0" endTime="1.0" startRot="10 0 0" endRot="5 0 0" />
                    <part node="armRightDiscArm01" startTime="0.0" endTime="1.0" startRot="10 0 0" endRot="5 0 0" />

                    <part node="armLeftBackArm" startTime="0.0" endTime="1.0" startRot="2.4 0 0" endRot="10 0 0" />
                    <part node="armRightBackArm" startTime="0.0" endTime="1.0" startRot="2.4 0 0" endRot="10 0 0" />

                    <part node="armLeftDiscArmBackDistanceRef" startTime="0.0" endTime="1.0" startTrans="0 0 0.5" endTrans="0 0 0.45" />
                    <part node="armRightDiscArmBackDistanceRef" startTime="0.0" endTime="1.0" startTrans="0 0 0.5" endTrans="0 0 0.45" />
                </animation>
            </animationConfiguration>
            <animationConfiguration name="2">
                <animation name="depthSettingAnimation">
                    <part node="armLeftDiscArm01" startTime="0.0" endTime="1.0" startRot="10 0 0" endRot="1 0 0" />
                    <part node="armRightDiscArm01" startTime="0.0" endTime="1.0" startRot="10 0 0" endRot="1 0 0" />

                    <part node="armLeftBackArm" startTime="0.0" endTime="1.0" startRot="2.4 0 0" endRot="10 0 0" />
                    <part node="armRightBackArm" startTime="0.0" endTime="1.0" startRot="2.4 0 0" endRot="10 0 0" />

                    <part node="armLeftDiscArmBackDistanceRef" startTime="0.0" endTime="1.0" startTrans="0 0 0.48" endTrans="0 0 0.38" />
                    <part node="armRightDiscArmBackDistanceRef" startTime="0.0" endTime="1.0" startTrans="0 0 0.48" endTrans="0 0 0.38" />

                    <part node="doubleTubeRollerLeft" startTime="0.0" endTime="1.0" startRot="0 0 0" endRot="-8 0 0" />
                    <part node="doubleTubeRollerRight" startTime="0.0" endTime="1.0" startRot="0 0 0" endRot="-8 0 0" />

                    <part node="wheelBackLeftRotNode" startTime="0.0" endTime="1.0" startRot="0 0 0" endRot="-8 0 0" />
                    <part node="wheelBackRightRotNode" startTime="0.0" endTime="1.0" startRot="0 0 0" endRot="-8 0 0" />
                </animation>
            </animationConfiguration>
        </animationConfigurations>
    </animations>

    <cylindered>
        <movingTools>
            <!-- physics -->
            <movingTool node="componentJointDrawbar">
                <componentJoint index="1"/>
            </movingTool>
            <movingTool node="wheelBackLeftRotNode" wheelNodes="wheelBackLeft"/>
            <movingTool node="wheelBackRightRotNode" wheelNodes="wheelBackRight"/>

            <!-- armMiddle -->
            <movingTool node="wheelMiddleRotNode" wheelNodes="wheelMiddleLeft wheelMiddleRight"/>
            <movingTool node="axleMiddle" wheelNodes="wheelMiddleLeft wheelMiddleRight">
                <dependentPart node="axleMiddleHydraulic" />
            </movingTool>

            <!-- armLeft -->
             <movingTool node="armLeft" wheelNodes="wheelBackLeft wheelFrontLeft">
                <dependentPart node="armLeftHydraulic" />
            </movingTool>
             <movingTool node="armLeftDiscArm01">
                <dependentPart node="armLeftDiscArm02" />
            </movingTool>
             <movingTool node="armLeftBackArm" wheelNodes="wheelBackLeft">
                <dependentPart node="armLeftBackArmHydraulic" />
                <dependentPart node="armLeftDiscArmBack" />
            </movingTool>

            <!-- armRight -->
             <movingTool node="armRight" wheelNodes="wheelBackRight wheelFrontRight">
                <dependentPart node="armRightHydraulic" />
            </movingTool>
             <movingTool node="armRightDiscArm01">
                <dependentPart node="armRightDiscArm02" />
            </movingTool>
             <movingTool node="armRightBackArm" wheelNodes="wheelBackRight">
                <dependentPart node="armRightBackArmHydraulic" />
                <dependentPart node="armRightBackArmIndicator" />
                <dependentPart node="armRightDiscArmBack" />
            </movingTool>

            <!-- tines -->
            <movingTool node="armLeftTine01">
                <dependentPart node="armLeftTine01Hydraulic" />
            </movingTool>
            <movingTool node="armLeftTine02">
                <dependentPart node="armLeftTine02Hydraulic" />
            </movingTool>
            <movingTool node="armLeftTine03">
                <dependentPart node="armLeftTine03Hydraulic" />
            </movingTool>

            <movingTool node="armMiddleTine01">
                <dependentPart node="armMiddleTine01Hydraulic" />
            </movingTool>
            <movingTool node="armMiddleTine02">
                <dependentPart node="armMiddleTine02Hydraulic" />
            </movingTool>
            <movingTool node="armMiddleTine03">
                <dependentPart node="armMiddleTine03Hydraulic" />
            </movingTool>
            <movingTool node="armMiddleTine04">
                <dependentPart node="armMiddleTine04Hydraulic" />
            </movingTool>

            <movingTool node="armRightTine01">
                <dependentPart node="armRightTine01Hydraulic" />
            </movingTool>
            <movingTool node="armRightTine02">
                <dependentPart node="armRightTine02Hydraulic" />
            </movingTool>
            <movingTool node="armRightTine03">
                <dependentPart node="armRightTine03Hydraulic" />
            </movingTool>
        </movingTools>

        <movingParts>
            <!-- drawbar -->
            <movingPart node="drawbar" referencePoint="drawbarRef" referenceFrame="drawbarRefFrame" isActiveDirty="true" maxUpdateDistance="300" limitedAxis="1">
                <dependentPart node="drawbarHydraulic" maxUpdateDistance="40" />
            </movingPart>
            <movingPart node="drawbarHydraulic" referencePoint="drawbarHydraulicRef" referenceFrame="drawbarHydraulicRef">
                <translatingPart node="drawbarHydraulicPunch" />
            </movingPart>

            <!-- armMiddle -->
            <movingPart node="axleMiddleHydraulic" referencePoint="axleMiddleHydraulicRef" referenceFrame="axleMiddleHydraulicRef">
                <translatingPart node="axleMiddleHydraulicPunch" />
            </movingPart>

            <!-- tines -->
            <movingPart node="armMiddleTine01Hydraulic" referencePoint="armMiddleTine01HydraulicRef" referenceFrame="armMiddleTine01HydraulicRef">
                <translatingPart node="armMiddleTine01HydraulicPunch" />
            </movingPart>
            <movingPart node="armMiddleTine02Hydraulic" referencePoint="armMiddleTine02HydraulicRef" referenceFrame="armMiddleTine02HydraulicRef">
                <translatingPart node="armMiddleTine02HydraulicPunch" />
            </movingPart>
            <movingPart node="armMiddleTine03Hydraulic" referencePoint="armMiddleTine03HydraulicRef" referenceFrame="armMiddleTine03HydraulicRef">
                <translatingPart node="armMiddleTine03HydraulicPunch" />
            </movingPart>
            <movingPart node="armMiddleTine04Hydraulic" referencePoint="armMiddleTine04HydraulicRef" referenceFrame="armMiddleTine04HydraulicRef">
                <translatingPart node="armMiddleTine04HydraulicPunch" />
            </movingPart>

            <!-- armLeft -->
            <movingPart node="armLeftHydraulic" referencePoint="armLeftHydraulicRef" referenceFrame="armLeftHydraulicRefFrame" limitedAxis="1">
                <translatingPart node="armLeftHydraulicPunch" />
            </movingPart>
            <movingPart node="armLeftDiscArm02" referenceFrame="armLeftDiscArm01" doDirectionAlignment="false" doRotationAlignment="true" rotMultiplier="1">
                <dependentPart node="armLeftDiscArmFrame" />
                <dependentPart node="armLeftDiscArmHydraulic" />
            </movingPart>
            <movingPart node="armLeftDiscArmFrame" referenceFrame="armLeftDiscArm01" doDirectionAlignment="false" doRotationAlignment="true" rotMultiplier="-1"/>
            <movingPart node="armLeftDiscArmHydraulic" referencePoint="armLeftDiscArmHydraulicRef" referenceFrame="armLeftDiscArmHydraulicRef">
                <translatingPart node="armLeftDiscArmHydraulicPunch"/>
            </movingPart>
            <movingPart node="armLeftBackArmHydraulic" referencePoint="armLeftBackArmHydraulicRef" referenceFrame="armLeftBackArmHydraulicRef">
                <translatingPart node="armLeftBackArmHydraulicPunch"/>
            </movingPart>

            <movingPart node="armLeftDiscArmBack" localReferencePoint="armLeftDiscArmBackLocalRef" referenceDistancePoint="armLeftDiscArmBackDistanceRef" referencePoint="armLeftDiscArmBackRef" referenceFrame="armLeftDiscArmBackRefFrame" limitedAxis="1">
                <dependentPart node="armLeftDiscArmBackLocalRef" />
            </movingPart>
            <movingPart node="armLeftDiscArmBackLocalRef" referencePoint="armLeftDiscArmBackRef" referenceFrame="armLeftDiscArmBackRef">
                <dependentPart node="armLeftDiscArmBackPunchBase" />
            </movingPart>
            <movingPart node="armLeftDiscArmBackPunchBase" referencePoint="armLeftDiscArmBackPunchBaseRef" referenceFrame="armLeftDiscArmBackPunchBaseRefFrame" doInversedLineAlignment="true" doDirectionAlignment="false">
                <orientationLine>
                    <lineNode node="armLeftDiscArmBackPunchBaseLineStart"/>
                    <lineNode node="armLeftDiscArmBackPunchBaseLineEnd"/>
                </orientationLine>
                <dependentPart node="armLeftDiscArmBackPunch"/>
            </movingPart>
            <movingPart node="armLeftDiscArmBackPunch" referencePoint="armLeftDiscArmBackPunchRef" referenceFrame="armLeftDiscArmBackPunchRef"/>

            <!-- tines -->
            <movingPart node="armLeftTine01Hydraulic" referencePoint="armLeftTine01HydraulicRef" referenceFrame="armLeftTine01HydraulicRef">
                <translatingPart node="armLeftTine01HydraulicPunch" />
            </movingPart>
            <movingPart node="armLeftTine02Hydraulic" referencePoint="armLeftTine02HydraulicRef" referenceFrame="armLeftTine02HydraulicRef">
                <translatingPart node="armLeftTine02HydraulicPunch" />
            </movingPart>
            <movingPart node="armLeftTine03Hydraulic" referencePoint="armLeftTine03HydraulicRef" referenceFrame="armLeftTine03HydraulicRef">
                <translatingPart node="armLeftTine03HydraulicPunch" />
            </movingPart>

            <!-- armRight -->
            <movingPart node="armRightHydraulic" referencePoint="armRightHydraulicRef" referenceFrame="armRightHydraulicRefFrame" limitedAxis="1">
                <translatingPart node="armRightHydraulicPunch" />
            </movingPart>
            <movingPart node="armRightDiscArm02" referenceFrame="armRightDiscArm01" doDirectionAlignment="false" doRotationAlignment="true" rotMultiplier="1">
                <dependentPart node="armRightDiscArmFrame" />
                <dependentPart node="armRightDiscArmHydraulic" />
            </movingPart>
            <movingPart node="armRightDiscArmFrame" referenceFrame="armRightDiscArm01" doDirectionAlignment="false" doRotationAlignment="true" rotMultiplier="-1"/>
            <movingPart node="armRightDiscArmHydraulic" referencePoint="armRightDiscArmHydraulicRef" referenceFrame="armRightDiscArmHydraulicRef">
                <translatingPart node="armRightDiscArmHydraulicPunch"/>
            </movingPart>
            <movingPart node="armRightBackArmIndicator" localReferencePoint="armRightBackArmIndicatorArm" referencePoint="armRightBackArmIndicatorRef" referenceFrame="armRightBackArmIndicatorRefFrame">
                <dependentPart node="armRightBackArmIndicatorArm"/>
            </movingPart>
            <movingPart node="armRightBackArmIndicatorArm" referencePoint="armRightBackArmIndicatorRef" referenceFrame="armRightBackArmIndicatorRef"/>
            <movingPart node="armRightBackArmHydraulic" referencePoint="armRightBackArmHydraulicRef" referenceFrame="armRightBackArmHydraulicRef">
                <translatingPart node="armRightBackArmHydraulicPunch"/>
            </movingPart>

            <movingPart node="armRightDiscArmBack" localReferencePoint="armRightDiscArmBackLocalRef" referenceDistancePoint="armRightDiscArmBackDistanceRef" referencePoint="armRightDiscArmBackRef" referenceFrame="armRightDiscArmBackRefFrame" limitedAxis="1">
                <dependentPart node="armRightDiscArmBackLocalRef" />
            </movingPart>
            <movingPart node="armRightDiscArmBackLocalRef" referencePoint="armRightDiscArmBackRef" referenceFrame="armRightDiscArmBackRef">
                <dependentPart node="armRightDiscArmBackPunchBase" />
            </movingPart>
            <movingPart node="armRightDiscArmBackPunchBase" referencePoint="armRightDiscArmBackPunchBaseRef" referenceFrame="armRightDiscArmBackPunchBaseRefFrame" doInversedLineAlignment="true" doDirectionAlignment="false">
                <orientationLine>
                    <lineNode node="armRightDiscArmBackPunchBaseLineStart"/>
                    <lineNode node="armRightDiscArmBackPunchBaseLineEnd"/>
                </orientationLine>
                <dependentPart node="armRightDiscArmBackPunch"/>
            </movingPart>
            <movingPart node="armRightDiscArmBackPunch" referencePoint="armRightDiscArmBackPunchRef" referenceFrame="armRightDiscArmBackPunchRef"/>

            <!-- tines -->
            <movingPart node="armRightTine01Hydraulic" referencePoint="armRightTine01HydraulicRef" referenceFrame="armRightTine01HydraulicRef">
                <translatingPart node="armRightTine01HydraulicPunch" />
            </movingPart>
            <movingPart node="armRightTine02Hydraulic" referencePoint="armRightTine02HydraulicRef" referenceFrame="armRightTine02HydraulicRef">
                <translatingPart node="armRightTine02HydraulicPunch" />
            </movingPart>
            <movingPart node="armRightTine03Hydraulic" referencePoint="armRightTine03HydraulicRef" referenceFrame="armRightTine03HydraulicRef">
                <translatingPart node="armRightTine03HydraulicPunch" />
            </movingPart>
        </movingParts>
    </cylindered>

    <randomlyMovingParts>
        <randomlyMovingPart node="armLeftTine01" rotAxis="1" rotMax="5" preset="CULTIVATOR" speedScale="0.4" refNodeIndex="1" isSpeedDependent="true"/>
        <randomlyMovingPart node="armLeftTine02" rotAxis="1" rotMax="5" preset="CULTIVATOR" speedScale="0.4" refNodeIndex="1" isSpeedDependent="true"/>
        <randomlyMovingPart node="armLeftTine03" rotAxis="1" rotMax="5" preset="CULTIVATOR" speedScale="0.4" refNodeIndex="1" isSpeedDependent="true"/>

        <randomlyMovingPart node="armMiddleTine01" rotAxis="1" rotMax="5" preset="CULTIVATOR" speedScale="0.4" refNodeIndex="1" isSpeedDependent="true"/>
        <randomlyMovingPart node="armMiddleTine02" rotAxis="1" rotMax="5" preset="CULTIVATOR" speedScale="0.4" refNodeIndex="1" isSpeedDependent="true"/>
        <randomlyMovingPart node="armMiddleTine03" rotAxis="1" rotMax="5" preset="CULTIVATOR" speedScale="0.4" refNodeIndex="1" isSpeedDependent="true"/>
        <randomlyMovingPart node="armMiddleTine04" rotAxis="1" rotMax="5" preset="CULTIVATOR" speedScale="0.4" refNodeIndex="1" isSpeedDependent="true"/>

        <randomlyMovingPart node="armRightTine01" rotAxis="1" rotMax="5" preset="CULTIVATOR" speedScale="0.4" refNodeIndex="1" isSpeedDependent="true"/>
        <randomlyMovingPart node="armRightTine02" rotAxis="1" rotMax="5" preset="CULTIVATOR" speedScale="0.4" refNodeIndex="1" isSpeedDependent="true"/>
        <randomlyMovingPart node="armRightTine03" rotAxis="1" rotMax="5" preset="CULTIVATOR" speedScale="0.4" refNodeIndex="1" isSpeedDependent="true"/>
    </randomlyMovingParts>

    <plow>
        <directionNode node="grizzlyX4_main_component1"/>
        <onlyActiveWhenLowered value="true"/>
        <sounds>
            <work template="defaultPlowWork" linkNode="grizzlyX4_main_component1" />
        </sounds>
    </plow>

    <ai>
        <needsLowering value="true"/>
        <areaMarkers leftNode="aiMarkerLeft" rightNode="aiMarkerRight" backNode="aiMarkerBack"/>
        <collisionTrigger node="aiCollisionNode" width="4.3" height="1.65"/>
        <allowTurnBackward value="false"/>
        <toolReverserDirectionNode node="aiMarkerBack"/>
        <agentAttachment jointNode="attacherJoint" rotCenterWheelIndices="1 2" width="3" height="2.75" length="9.5" lengthOffset="1.6"/>
    </ai>

    <foliageBending>
        <bendingNode minX="-1.4" maxX="1.4" minZ="-4.6" maxZ="2.25" yOffset="0.45"/>
        <bendingNode minX="-0.3" maxX="0.3" minZ="-1.25" maxZ="0.9" yOffset="-0.35" node="grizzlyX4_drawbar_component2"/>
        <bendingNode minX="0.822" maxX="1.55" minZ="-3.6" maxZ="3.25" yOffset="-0.484" node="armLeft"/>
        <bendingNode minX="-1.55" maxX="-0.822" minZ="-3.6" maxZ="3.25" yOffset="-0.484" node="armRight"/>
    </foliageBending>

<!--     <designConfigurations title="$l10n_configuration_roller">
        <designConfiguration name="$l10n_configuration_valueDesign01" price="0">
            <objectChange node="tubeRollerLeftFrame"  visibilityActive="true" visibilityInactive="false"/>
            <objectChange node="tubeRollerRightFrame" visibilityActive="true" visibilityInactive="false"/>
        </designConfiguration>
        <designConfiguration name="$l10n_configuration_valueDesign02" price="2000">
            <objectChange node="doubleTubeRollerLeftFrame"  visibilityActive="true" visibilityInactive="false"/>
            <objectChange node="doubleTubeRollerRightFrame" visibilityActive="true" visibilityInactive="false"/>

            <objectChange node="wheelBackLeft" translationActive="0 0.04 -0.092" translationInactive="0 0 0" />
            <objectChange node="wheelBackRight" translationActive="0 0.04 -0.092" translationInactive="0 0 0" />

            <objectChange node="warningBarBack" translationActive="0 0 -0.198" translationInactive="0 0 0" />
            <objectChange node="warningBarBackExtension" visibilityActive="true" visibilityInactive="false"/>
            <size length="9.85" lengthOffset="-0.145"/>
        </designConfiguration>
        <designConfiguration name="$l10n_configuration_valueDesign03" price="2200">
            <objectChange node="crackerRollerLeftFrame"  visibilityActive="true" visibilityInactive="false"/>
            <objectChange node="crackerRollerRightFrame" visibilityActive="true" visibilityInactive="false"/>
        </designConfiguration>
    </designConfigurations>
 -->
    <wearable wearDuration="480" workMultiplier="5" fieldMultiplier="2"/>
    <washable dirtDuration="90" washDuration="1" workMultiplier="6" fieldMultiplier="2"/>

    <i3dMappings>
        <i3dMapping id="grizzlyX4_main_component1" node="0>" />
        <i3dMapping id="grizzlyX4_vis" node="0>0" />
        <i3dMapping id="axleMiddle" node="0>0|0|0" />
        <i3dMapping id="wheelMiddleRotNode" node="0>0|0|0|0|0" />
        <i3dMapping id="wheelMiddleLeft" node="0>0|0|0|0|0|0" />
        <i3dMapping id="wheelMiddleRight" node="0>0|0|0|0|0|1" />
        <i3dMapping id="axleMiddleHydraulicRef" node="0>0|0|0|1" />
        <i3dMapping id="axleMiddleHydraulic" node="0>0|0|1" />
        <i3dMapping id="axleMiddleHydraulicPunch" node="0>0|0|1|0" />
        <i3dMapping id="drawbarRefFrame" node="0>0|0|2" />
        <i3dMapping id="drawbar" node="0>0|0|2|0" />
        <i3dMapping id="hydraulicIn01" node="0>0|0|2|0|0|0|0" />
        <i3dMapping id="hydraulicIn01_detached" node="0>0|0|2|0|0|0|0|0" />
        <i3dMapping id="hydraulicIn01_connector" node="0>0|0|2|0|0|0|0|0|0" />
        <i3dMapping id="hydraulicOut01" node="0>0|0|2|0|0|0|1" />
        <i3dMapping id="hydraulicOut01_detached" node="0>0|0|2|0|0|0|1|0" />
        <i3dMapping id="hydraulicOut01_connector" node="0>0|0|2|0|0|0|1|0|0" />
        <i3dMapping id="hydraulicIn02" node="0>0|0|2|0|0|0|2" />
        <i3dMapping id="hydraulicIn02_detached" node="0>0|0|2|0|0|0|2|0" />
        <i3dMapping id="hydraulicIn02_connector" node="0>0|0|2|0|0|0|2|0|0" />
        <i3dMapping id="hydraulicOut02" node="0>0|0|2|0|0|0|3" />
        <i3dMapping id="hydraulicOut02_detached" node="0>0|0|2|0|0|0|3|0" />
        <i3dMapping id="hydraulicOut02_connector" node="0>0|0|2|0|0|0|3|0|0" />
        <i3dMapping id="hydraulicIn03" node="0>0|0|2|0|0|0|4" />
        <i3dMapping id="hydraulicIn03_detached" node="0>0|0|2|0|0|0|4|0" />
        <i3dMapping id="hydraulicIn03_connector" node="0>0|0|2|0|0|0|4|0|0" />
        <i3dMapping id="hydraulicOut03" node="0>0|0|2|0|0|0|5" />
        <i3dMapping id="hydraulicOut03_detached" node="0>0|0|2|0|0|0|5|0" />
        <i3dMapping id="hydraulicOut03_connector" node="0>0|0|2|0|0|0|5|0|0" />
        <i3dMapping id="airRed" node="0>0|0|2|0|0|0|6" />
        <i3dMapping id="airRed_detached" node="0>0|0|2|0|0|0|6|0" />
        <i3dMapping id="airRed_connector" node="0>0|0|2|0|0|0|6|0|0" />
        <i3dMapping id="airYellow" node="0>0|0|2|0|0|0|7" />
        <i3dMapping id="airYellow_detached" node="0>0|0|2|0|0|0|7|0" />
        <i3dMapping id="airYellow_connector" node="0>0|0|2|0|0|0|7|0|0" />
        <i3dMapping id="electric" node="0>0|0|2|0|0|0|8" />
        <i3dMapping id="electric_detached" node="0>0|0|2|0|0|0|8|0" />
        <i3dMapping id="electric_connector" node="0>0|0|2|0|0|0|8|0|0" />
        <i3dMapping id="supportArm" node="0>0|0|2|0|0|1|0" />
        <i3dMapping id="supportArmBolt" node="0>0|0|2|0|0|2" />
        <i3dMapping id="drawbarHydraulicRef" node="0>0|0|2|0|1" />
        <i3dMapping id="drawbarHydraulic" node="0>0|0|3" />
        <i3dMapping id="drawbarHydraulicPunch" node="0>0|0|3|0" />
        <i3dMapping id="armLeft" node="0>0|0|4" />
        <i3dMapping id="armLeftDiscArm01" node="0>0|0|4|0|0" />
        <i3dMapping id="armLeftDiscArm02" node="0>0|0|4|0|1" />
        <i3dMapping id="armLeftDiscArmFrame" node="0>0|0|4|0|1|0" />
        <i3dMapping id="armLeftDiscsFront" node="0>0|0|4|0|1|0|0" />
        <i3dMapping id="discEffectFrontLinkNode" node="0>0|0|4|0|1|0|1" />
        <i3dMapping id="armLeftDiscArmHydraulicRef" node="0>0|0|4|0|1|1" />
        <i3dMapping id="armLeftDiscArmHydraulic" node="0>0|0|4|0|2" />
        <i3dMapping id="armLeftDiscArmHydraulicPunch" node="0>0|0|4|0|2|0" />
        <i3dMapping id="armLeftBackArm" node="0>0|0|4|0|3" />
        <i3dMapping id="tubeRollerLeftFrame" node="0>0|0|4|0|3|0|0" />
        <i3dMapping id="tubeRollerLeft" node="0>0|0|4|0|3|0|0|0" />
        <i3dMapping id="crackerRollerLeftFrame" node="0>0|0|4|0|3|0|1" />
        <i3dMapping id="crackerRollerLeft" node="0>0|0|4|0|3|0|1|0" />
        <i3dMapping id="doubleTubeRollerLeftFrame" node="0>0|0|4|0|3|0|2" />
        <i3dMapping id="doubleTubeRollerLeft" node="0>0|0|4|0|3|0|2|0" />
        <i3dMapping id="doubleTubeRollerLeft01" node="0>0|0|4|0|3|0|2|0|0" />
        <i3dMapping id="doubleTubeRollerLeft02" node="0>0|0|4|0|3|0|2|0|1" />
        <i3dMapping id="armLeftDiscArmBackPunchBaseRefFrame" node="0>0|0|4|0|3|1" />
        <i3dMapping id="armLeftDiscArmBackPunchBase" node="0>0|0|4|0|3|1|0" />
        <i3dMapping id="armLeftDiscArmBackPunchBaseLineStart" node="0>0|0|4|0|3|1|0|0" />
        <i3dMapping id="armLeftDiscArmBackPunchBaseLineEnd" node="0>0|0|4|0|3|1|0|1" />
        <i3dMapping id="armLeftDiscArmBackPunchRef" node="0>0|0|4|0|3|1|0|2" />
        <i3dMapping id="wheelBackLeftRotNode" node="0>0|0|4|0|3|2" />
        <i3dMapping id="wheelBackLeft" node="0>0|0|4|0|3|2|0|0" />
        <i3dMapping id="rollerEffect01LinkNode" node="0>0|0|4|0|3|2|1" />
        <i3dMapping id="armLeftBackArmHydraulicRef" node="0>0|0|4|0|3|3" />
        <i3dMapping id="armLeftDiscArmBackRef" node="0>0|0|4|0|3|4" />
        <i3dMapping id="armLeftBackArmHydraulic" node="0>0|0|4|0|4" />
        <i3dMapping id="armLeftBackArmHydraulicPunch" node="0>0|0|4|0|4|0" />
        <i3dMapping id="armLeftDiscArmBackRefFrame" node="0>0|0|4|0|5" />
        <i3dMapping id="armLeftDiscArmBack" node="0>0|0|4|0|5|0" />
        <i3dMapping id="armLeftDiscsBack" node="0>0|0|4|0|5|0|0" />
        <i3dMapping id="discEffectBackLinkNode" node="0>0|0|4|0|5|0|1" />
        <i3dMapping id="armLeftDiscArmBackPunch" node="0>0|0|4|0|5|0|2" />
        <i3dMapping id="armLeftDiscArmBackLocalRef" node="0>0|0|4|0|5|0|3" />
        <i3dMapping id="armLeftDiscArmBackDistanceRef" node="0>0|0|4|0|5|0|4" />
        <i3dMapping id="armLeftDiscArmBackPunchBaseRef" node="0>0|0|4|0|5|0|5" />
        <i3dMapping id="armLeftTine01" node="0>0|0|4|1|0" />
        <i3dMapping id="armLeftTine01HydraulicRef" node="0>0|0|4|1|0|0" />
        <i3dMapping id="armLeftTine01Hydraulic" node="0>0|0|4|1|1" />
        <i3dMapping id="armLeftTine01HydraulicPunch" node="0>0|0|4|1|1|0" />
        <i3dMapping id="armLeftTine02" node="0>0|0|4|1|2" />
        <i3dMapping id="armLeftTine02HydraulicRef" node="0>0|0|4|1|2|0" />
        <i3dMapping id="armLeftTine02Hydraulic" node="0>0|0|4|1|3" />
        <i3dMapping id="armLeftTine02HydraulicPunch" node="0>0|0|4|1|3|0" />
        <i3dMapping id="armLeftTine03" node="0>0|0|4|1|4" />
        <i3dMapping id="armLeftTine03HydraulicRef" node="0>0|0|4|1|4|0" />
        <i3dMapping id="armLeftTine03Hydraulic" node="0>0|0|4|1|5" />
        <i3dMapping id="armLeftTine03HydraulicPunch" node="0>0|0|4|1|5|0" />
        <i3dMapping id="armLeftHydraulicRef" node="0>0|0|4|2" />
        <i3dMapping id="wheelFrontLeft" node="0>0|0|4|3" />
        <i3dMapping id="colPart05" node="0>0|0|4|6|0" />
        <i3dMapping id="armLeftHydraulicRefFrame" node="0>0|0|5" />
        <i3dMapping id="armLeftHydraulic" node="0>0|0|5|0" />
        <i3dMapping id="armLeftHydraulicPunch" node="0>0|0|5|0|0" />
        <i3dMapping id="armRight" node="0>0|0|6" />
        <i3dMapping id="armRightDiscArm01" node="0>0|0|6|0|0" />
        <i3dMapping id="armRightDiscArm02" node="0>0|0|6|0|1" />
        <i3dMapping id="armRightDiscArmFrame" node="0>0|0|6|0|1|0" />
        <i3dMapping id="armRightDiscsFront" node="0>0|0|6|0|1|0|0" />
        <i3dMapping id="armRightDiscArmHydraulicRef" node="0>0|0|6|0|1|1" />
        <i3dMapping id="armRightDiscArmHydraulic" node="0>0|0|6|0|2" />
        <i3dMapping id="armRightDiscArmHydraulicPunch" node="0>0|0|6|0|2|0" />
        <i3dMapping id="armRightBackArm" node="0>0|0|6|0|3" />
        <i3dMapping id="armRightDiscArmBackPunchBaseRefFrame" node="0>0|0|6|0|3|0" />
        <i3dMapping id="armRightDiscArmBackPunchBase" node="0>0|0|6|0|3|0|0" />
        <i3dMapping id="armRightDiscArmBackPunchBaseLineStart" node="0>0|0|6|0|3|0|0|0" />
        <i3dMapping id="armRightDiscArmBackPunchBaseLineEnd" node="0>0|0|6|0|3|0|0|1" />
        <i3dMapping id="armRightDiscArmBackPunchRef" node="0>0|0|6|0|3|0|0|2" />
        <i3dMapping id="tubeRollerRightFrame" node="0>0|0|6|0|3|1|0" />
        <i3dMapping id="tubeRollerRight" node="0>0|0|6|0|3|1|0|0" />
        <i3dMapping id="crackerRollerRightFrame" node="0>0|0|6|0|3|1|1" />
        <i3dMapping id="crackerRollerRight" node="0>0|0|6|0|3|1|1|0" />
        <i3dMapping id="doubleTubeRollerRightFrame" node="0>0|0|6|0|3|1|2" />
        <i3dMapping id="doubleTubeRollerRight" node="0>0|0|6|0|3|1|2|0" />
        <i3dMapping id="doubleTubeRollerRight01" node="0>0|0|6|0|3|1|2|0|0" />
        <i3dMapping id="doubleTubeRollerRight02" node="0>0|0|6|0|3|1|2|0|1" />
        <i3dMapping id="armRightBackArmHydraulicRef" node="0>0|0|6|0|3|2|0" />
        <i3dMapping id="armRightBackArmIndicatorRef" node="0>0|0|6|0|3|2|1" />
        <i3dMapping id="armRightDiscArmBackRef" node="0>0|0|6|0|3|2|2" />
        <i3dMapping id="wheelBackRightRotNode" node="0>0|0|6|0|3|3" />
        <i3dMapping id="wheelBackRight" node="0>0|0|6|0|3|3|0|0" />
        <i3dMapping id="armRightBackArmHydraulic" node="0>0|0|6|0|4" />
        <i3dMapping id="armRightBackArmHydraulicPunch" node="0>0|0|6|0|4|0" />
        <i3dMapping id="armRightBackArmIndicatorRefFrame" node="0>0|0|6|0|5" />
        <i3dMapping id="armRightBackArmIndicator" node="0>0|0|6|0|5|0" />
        <i3dMapping id="armRightBackArmIndicatorArm" node="0>0|0|6|0|5|0|0" />
        <i3dMapping id="armRightDiscArmBackRefFrame" node="0>0|0|6|0|6" />
        <i3dMapping id="armRightDiscArmBack" node="0>0|0|6|0|6|0" />
        <i3dMapping id="armRightDiscArmBackLocalRef" node="0>0|0|6|0|6|0|0" />
        <i3dMapping id="armRightDiscArmBackDistanceRef" node="0>0|0|6|0|6|0|1" />
        <i3dMapping id="armRightDiscsBack" node="0>0|0|6|0|6|0|2" />
        <i3dMapping id="armRightDiscArmBackPunch" node="0>0|0|6|0|6|0|3" />
        <i3dMapping id="armRightDiscArmBackPunchBaseRef" node="0>0|0|6|0|6|0|4" />
        <i3dMapping id="armRightTine01" node="0>0|0|6|1|0" />
        <i3dMapping id="armRightTine01HydraulicRef" node="0>0|0|6|1|0|0" />
        <i3dMapping id="armRightTine01Hydraulic" node="0>0|0|6|1|1" />
        <i3dMapping id="armRightTine01HydraulicPunch" node="0>0|0|6|1|1|0" />
        <i3dMapping id="armRightTine02" node="0>0|0|6|1|2" />
        <i3dMapping id="armRightTine02HydraulicRef" node="0>0|0|6|1|2|0" />
        <i3dMapping id="armRightTine02Hydraulic" node="0>0|0|6|1|3" />
        <i3dMapping id="armRightTine02HydraulicPunch" node="0>0|0|6|1|3|0" />
        <i3dMapping id="armRightTine03" node="0>0|0|6|1|4" />
        <i3dMapping id="armRightTine03HydraulicRef" node="0>0|0|6|1|4|0" />
        <i3dMapping id="armRightTine03Hydraulic" node="0>0|0|6|1|5" />
        <i3dMapping id="armRightTine03HydraulicPunch" node="0>0|0|6|1|5|0" />
        <i3dMapping id="wheelFrontRight" node="0>0|0|6|2" />
        <i3dMapping id="armRightHydraulicRef" node="0>0|0|6|3" />
        <i3dMapping id="colPart06" node="0>0|0|6|6|0" />
        <i3dMapping id="armRightHydraulicRefFrame" node="0>0|0|7" />
        <i3dMapping id="armRightHydraulic" node="0>0|0|7|0" />
        <i3dMapping id="armRightHydraulicPunch" node="0>0|0|7|0|0" />
        <i3dMapping id="armMiddleTine01" node="0>0|0|8|0" />
        <i3dMapping id="armMiddleTine01HydraulicRef" node="0>0|0|8|0|0" />
        <i3dMapping id="armMiddleTine01Hydraulic" node="0>0|0|8|1" />
        <i3dMapping id="armMiddleTine01HydraulicPunch" node="0>0|0|8|1|0" />
        <i3dMapping id="armMiddleTine02" node="0>0|0|8|2" />
        <i3dMapping id="armMiddleTine02HydraulicRef" node="0>0|0|8|2|0" />
        <i3dMapping id="armMiddleTine02Hydraulic" node="0>0|0|8|3" />
        <i3dMapping id="armMiddleTine02HydraulicPunch" node="0>0|0|8|3|0" />
        <i3dMapping id="armMiddleTine03" node="0>0|0|8|4" />
        <i3dMapping id="armMiddleTine03HydraulicRef" node="0>0|0|8|4|0" />
        <i3dMapping id="armMiddleTine03Hydraulic" node="0>0|0|8|5" />
        <i3dMapping id="armMiddleTine03HydraulicPunch" node="0>0|0|8|5|0" />
        <i3dMapping id="armMiddleTine04" node="0>0|0|8|6" />
        <i3dMapping id="armMiddleTine04HydraulicRef" node="0>0|0|8|6|0" />
        <i3dMapping id="armMiddleTine04Hydraulic" node="0>0|0|8|7" />
        <i3dMapping id="armMiddleTine04HydraulicPunch" node="0>0|0|8|7|0" />
        <i3dMapping id="warningBarBack" node="0>0|1|0|0" />
        <i3dMapping id="rearLight26Red_01" node="0>0|1|0|0|0|0|0" />
        <i3dMapping id="rearLight26Red_02" node="0>0|1|0|0|0|0|1" />
        <i3dMapping id="rearLight26Orange_01" node="0>0|1|0|0|0|0|2" />
        <i3dMapping id="rearLight26Orange_02" node="0>0|1|0|0|0|0|3" />
        <i3dMapping id="rearLight60White_01" node="0>0|1|0|0|0|0|4" />
        <i3dMapping id="rearLight60White_02" node="0>0|1|0|0|0|0|5" />
        <i3dMapping id="backLightsHigh" node="0>0|1|0|0|0|1|0" />
        <i3dMapping id="turnLightLeftBack" node="0>0|1|0|0|0|2|0" />
        <i3dMapping id="turnLightRightBack" node="0>0|1|0|0|0|2|1" />
        <i3dMapping id="licensePlateBack" node="0>0|1|0|0|1" />
        <i3dMapping id="warningBarBackExtension" node="0>0|1|1" />
        <i3dMapping id="workAreaStart" node="0>0|2|0" />
        <i3dMapping id="workAreaWidth" node="0>0|2|1" />
        <i3dMapping id="workAreaHeight" node="0>0|2|2" />
        <i3dMapping id="groundReferenceNode" node="0>0|2|3" />
        <i3dMapping id="tineEffectLinkNode" node="0>0|3|0" />
        <i3dMapping id="dustEmitterShape" node="0>0|3|1" />
        <i3dMapping id="chunkEmitterShape" node="0>0|3|2" />
        <i3dMapping id="aiCollisionNode" node="0>0|4|0" />
        <i3dMapping id="aiMarkerLeft" node="0>0|4|1" />
        <i3dMapping id="aiMarkerRight" node="0>0|4|2" />
        <i3dMapping id="aiMarkerBack" node="0>0|4|3" />
        <i3dMapping id="componentJointDrawbar" node="0>0|6" />
        <i3dMapping id="grizzlyX4_drawbar_component2" node="1>" />
        <i3dMapping id="supportCol" node="1>0|0" />
        <i3dMapping id="attacherJoint" node="1>1" />
        <i3dMapping id="drawbarRef" node="1>2" />
    </i3dMappings>
</vehicle>
