﻿<?xml version="1.0" encoding="utf-8" standalone="no" ?>
<vehicle type="cultiplow" xmlns:xsi="http://www.w3.org/2001/XMLSchema-instance" xsi:noNamespaceSchemaLocation="../../../../shared/xml/schema/vehicle.xsd">
    <annotation>Copyright (C) GIANTS Software GmbH, All Rights Reserved.</annotation>

    <storeData>
        <name>Softer 11 PS CultiPlow</name>
        <specs>
            <neededPower>330</neededPower>
            <workingWidth>10.5</workingWidth>
        </specs>
        <functions>
            <function>$l10n_function_plow</function>
        </functions>
        <image>$data/vehicles/farmet/softer11/store_softer11.png</image>
        <price>95000</price>
        <lifetime>600</lifetime>
        <rotation>0</rotation>
        <brand>FARMET</brand>
        <category>plows</category>
        <shopTranslationOffset>0 0.034 0</shopTranslationOffset>
        <shopRotationOffset>-0.625 0 0</shopRotationOffset>
        <vertexBufferMemoryUsage>3477504</vertexBufferMemoryUsage>
        <indexBufferMemoryUsage>1432576</indexBufferMemoryUsage>
        <textureMemoryUsage>1114112</textureMemoryUsage>
        <instanceVertexBufferMemoryUsage>0</instanceVertexBufferMemoryUsage>
        <instanceIndexBufferMemoryUsage>0</instanceIndexBufferMemoryUsage>
        <audioMemoryUsage>0</audioMemoryUsage>
    </storeData>
    <base>
        <typeDesc>$l10n_typeDesc_plow</typeDesc>
        <filename>$data/vehicles/farmet/softer11/softer11.i3d</filename>
        <size width="3.05" length="6.55" height="4" lengthOffset="-0.3"/>
        <speedLimit value="18"/>
        <components>
            <component centerOfMass="0 0.4 -2" solverIterationCount="10" mass="5420"/>
            <component centerOfMass="0 0 -0.7" solverIterationCount="10" mass="850"/>
            <component centerOfMass="0 0 -0.7" solverIterationCount="10" mass="550"/>
            <component centerOfMass="0 0 -0.7" solverIterationCount="10" mass="850"/>
            <component centerOfMass="0 0 -0.7" solverIterationCount="10" mass="550"/>
            <joint component1="1" component2="2" node="leftArm01Joint" rotLimit="0 0 0" transLimit="0 0 0"/>
            <joint component1="2" component2="3" node="leftArm02Joint" rotLimit="0 0 0" transLimit="0 0 0"/>
            <joint component1="1" component2="4" node="rightArm01Joint" rotLimit="0 0 0" transLimit="0 0 0"/>
            <joint component1="4" component2="5" node="rightArm02Joint" rotLimit="0 0 0" transLimit="0 0 0"/>
        </components>
        <schemaOverlay attacherJointPosition="0 0" name="IMPLEMENT"/>
        <mapHotspot type="TOOL_TRAILED"/>
    </base>

    <wheels>
        <wheelConfigurations tireCategories="TRAILER">
            <wheelConfiguration name="$l10n_configuration_valueDefault" price="0" saveId="DEFAULT">
                <wheels>
                    <wheel dimensions="500_50R17" isLeft="true" hasTireTracks="true" hasParticles="true">
                        <physics restLoad="3.4" repr="wheelLeft"  forcePointRatio="0.5" initialCompression="40" suspTravel="0.09" spring="89" damper="40" yOffset="0.03"/>
                        <wheelChock parkingNode="wheelChock03" filename="$data/shared/assets/wheelChocks/wheelChock03.i3d" materialTemplateName="SHARED_BLACK1"/>
                        <wheelChock parkingNode="wheelChock04" isInverted="true" filename="$data/shared/assets/wheelChocks/wheelChock03.i3d" materialTemplateName="SHARED_BLACK1"/>
                    </wheel>
                    <wheel dimensions="500_50R17" isLeft="false" hasTireTracks="true" hasParticles="true">
                        <physics restLoad="3.4" repr="wheelRight" forcePointRatio="0.5" initialCompression="40" suspTravel="0.09" spring="89" damper="40" yOffset="0.03"/>
                    </wheel>
                    <wheel filename="$data/shared/wheels/tires/trelleborg/IM110/10_0__80__12.xml" isLeft="true" hasParticles="true">
                        <physics restLoad="0.3" repr="armLeft01Wheel" forcePointRatio="0.25" useReprDirection="true" initialCompression="20" suspTravel="0.1" spring="10" damper="10" brakeFactor="0" rotationDamping="0.0035"/>
                    </wheel>
                    <wheel filename="$data/shared/wheels/tires/trelleborg/IM110/10_0__80__12.xml" isLeft="true" hasParticles="true">
                        <physics restLoad="0.2" repr="armLeft02Wheel" forcePointRatio="0.25" useReprDirection="true" initialCompression="20" suspTravel="0.1" spring="10" damper="10" brakeFactor="0" rotationDamping="0.0035"/>
                    </wheel>
                    <wheel filename="$data/shared/wheels/tires/trelleborg/IM110/10_0__80__12.xml" isLeft="false" hasParticles="true">
                        <physics restLoad="0.3" repr="armRight01Wheel" forcePointRatio="0.25" useReprDirection="true" initialCompression="20" suspTravel="0.1" spring="10" damper="10" brakeFactor="0" rotationDamping="0.0035"/>
                    </wheel>
                    <wheel filename="$data/shared/wheels/tires/trelleborg/IM110/10_0__80__12.xml" isLeft="false" hasParticles="true">
                        <physics restLoad="0.2" repr="armRight02Wheel" forcePointRatio="0.25" useReprDirection="true" initialCompression="20" suspTravel="0.1" spring="10" damper="10" brakeFactor="0" rotationDamping="0.0035"/>
                    </wheel>
                    <wheel>
                        <physics restLoad="2.6" repr="rollerWheel01" radius="0.28" width="0.45" forcePointRatio="0.25" initialCompression="15" suspTravel="0.12" spring="180" damper="35" brakeFactor="0.65" rotationDamping="0.005" supportsWheelSink="false"/>
                    </wheel>
                    <wheel>
                        <physics restLoad="2.6" repr="rollerWheel02" radius="0.28" width="0.45" forcePointRatio="0.25" initialCompression="15" suspTravel="0.12" spring="180" damper="35" brakeFactor="0.65" rotationDamping="0.005" supportsWheelSink="false"/>
                    </wheel>

                    <wheel>
                        <physics restLoad="0.6" repr="rollerWheel03" radius="0.24" width="1.6" forcePointRatio="0.25" initialCompression="15" suspTravel="0.15" spring="15" damper="10" brakeFactor="0" rotationDamping="0.005" supportsWheelSink="false"/>
                    </wheel>
                    <wheel>
                        <physics restLoad="0.7" repr="rollerWheel04" radius="0.24" width="2.4" forcePointRatio="0.25" initialCompression="15" suspTravel="0.15" spring="20" damper="10" brakeFactor="0" rotationDamping="0.005" supportsWheelSink="false"/>
                    </wheel>
                    <wheel>
                        <physics restLoad="0.7" repr="rollerWheel05" radius="0.24" width="2.4" forcePointRatio="0.25" initialCompression="15" suspTravel="0.15" spring="20" damper="10" brakeFactor="0" rotationDamping="0.005" supportsWheelSink="false"/>
                    </wheel>
                    <wheel>
                        <physics restLoad="0.6" repr="rollerWheel06" radius="0.24" width="1.6" forcePointRatio="0.25" initialCompression="15" suspTravel="0.15" spring="15" damper="10" brakeFactor="0" rotationDamping="0.005" supportsWheelSink="false"/>
                    </wheel>
                </wheels>
            </wheelConfiguration>
        </wheelConfigurations>

        <hubMaterial materialTemplateName="FARMET_BLUE1" />

        <hubs>
            <hub linkNode="wheelLeft"       filename="$data/shared/wheels/hubs/hub_n10_5.xml" isLeft="true"  scale="0.25 0.25 0.25"/>
            <hub linkNode="wheelRight"      filename="$data/shared/wheels/hubs/hub_n10_5.xml" isLeft="false" scale="0.25 0.25 0.25"/>
            <hub linkNode="armLeft01Wheel"  filename="$data/shared/wheels/hubs/hub_n6_1.xml"  isLeft="true"  scale="0.18 0.18 0.18"/>
            <hub linkNode="armLeft02Wheel"  filename="$data/shared/wheels/hubs/hub_n6_1.xml"  isLeft="true" scale="0.18 0.18 0.18"/>
            <hub linkNode="armRight01Wheel" filename="$data/shared/wheels/hubs/hub_n6_1.xml"  isLeft="false"  scale="0.18 0.18 0.18"/>
            <hub linkNode="armRight02Wheel" filename="$data/shared/wheels/hubs/hub_n6_1.xml"  isLeft="false" scale="0.18 0.18 0.18"/>
        </hubs>
    </wheels>

    <speedRotatingParts>
        <speedRotatingPart shaderNode="discsLeft01" radius="0.29" wheelIndex="4"/>
        <speedRotatingPart shaderNode="discsLeft02" radius="0.29" wheelIndex="3"/>
        <speedRotatingPart shaderNode="discsCenter" radius="0.29" foldMinLimit="0" foldMaxLimit="0.05"/>
        <speedRotatingPart shaderNode="discsRight01" radius="0.29" wheelIndex="5"/>
        <speedRotatingPart shaderNode="discsRight02" radius="0.29" wheelIndex="6"/>
        <speedRotatingPart node="roller01" radius="0.29" wheelIndex="4"/>
        <speedRotatingPart node="roller02" radius="0.29" wheelIndex="3"/>
        <speedRotatingPart node="roller03" radius="0.29" foldMinLimit="0" foldMaxLimit="0.05"/>
        <speedRotatingPart node="roller04" radius="0.29" wheelIndex="5"/>
        <speedRotatingPart node="roller05" radius="0.29" wheelIndex="6"/>
    </speedRotatingParts>

    <dynamicallyLoadedParts>
        <dynamicallyLoadedPart node="0" linkNode="chockSupport" filename="$data/shared/assets/wheelChocks/wheelChockSupport01.i3d"/>
        <dynamicallyLoadedPart node="0" linkNode="chockSupport1" filename="$data/shared/assets/wheelChocks/wheelChockSupport01.i3d"/>
    </dynamicallyLoadedParts>

    <attachable>
        <inputAttacherJoints>
            <inputAttacherJoint node="attacherJoint" jointType="trailer" attacherHeight="0.65"/>
        </inputAttacherJoints>
        <brakeForce force="1.2"/>
        <support animationName="moveSupport"/>
        <sounds>
            <active file="$data/sounds/tools/cultivator/generalRattle_01.wav" innerRadius="10" outerRadius="50" volumeScale="3.6" isLocalSound="true" pitchScale="0.8">
                <volume indoor="0.7" outdoor="0.9" >
                    <modifier type="WHEEL_SUSPENSION" value="-0.06" modifiedValue="0.4"/>
                    <modifier type="WHEEL_SUSPENSION" value="-0.04" modifiedValue="0.2"/>
                    <modifier type="WHEEL_SUSPENSION" value="-0.02" modifiedValue="0.00"/>
                    <modifier type="WHEEL_SUSPENSION" value="-0.01" modifiedValue="0.0"/>
                    <modifier type="WHEEL_SUSPENSION" value="-0.00" modifiedValue="0.0"/>
                    <modifier type="WHEEL_SUSPENSION" value="0.01" modifiedValue="0.0"/>
                    <modifier type="WHEEL_SUSPENSION" value="0.02" modifiedValue="0.00"/>
                    <modifier type="WHEEL_SUSPENSION" value="0.04" modifiedValue="0.2"/>
                    <modifier type="WHEEL_SUSPENSION" value="0.06" modifiedValue="0.4"/>

                    <modifier type="SPEED" value="0.0" modifiedValue="0.0"/>
                    <modifier type="SPEED" value="2.0" modifiedValue="1.0"/>
                    <modifier type="SPEED" value="40.0" modifiedValue="1.0"/>
                </volume>
                <lowpassCutoffFrequency indoor="250" outdoor="20000" />
                <lowpassGain indoor="0.5" outdoor="1" />
            </active>
        </sounds>
    </attachable>

    <connectionHoses>
        <hose inputAttacherJointIndices="1" type="hydraulicIn"  node="hydraulicIn01" adapterNode="hydraulicIn01_detached"  length="0.8" diameter="0.015" straighteningFactor="1">
           <objectChange node="hydraulicIn01_detached" visibilityActive="false" visibilityInactive="true"/>
        </hose>
        <hose inputAttacherJointIndices="1" type="hydraulicOut" node="hydraulicOut01" adapterNode="hydraulicOut01_detached" length="0.8" diameter="0.015" straighteningFactor="1">
           <objectChange node="hydraulicOut01_detached" visibilityActive="false" visibilityInactive="true"/>
        </hose>
        <hose inputAttacherJointIndices="1" type="hydraulicIn"  node="hydraulicIn02" adapterNode="hydraulicIn02_detached" length="0.8" diameter="0.015" straighteningFactor="1">
           <objectChange node="hydraulicIn02_detached" visibilityActive="false" visibilityInactive="true"/>
        </hose>
        <hose inputAttacherJointIndices="1" type="hydraulicOut" node="hydraulicOut02" adapterNode="hydraulicOut02_detached" length="0.8" diameter="0.015" straighteningFactor="1">
           <objectChange node="hydraulicOut02_detached" visibilityActive="false" visibilityInactive="true"/>
        </hose>
        <hose inputAttacherJointIndices="1" type="airDoubleRed" node="airIn" adapterNode="airIn_detached" length="0.8" diameter="0.015" straighteningFactor="1">
            <objectChange node="airIn_detached" visibilityActive="false" visibilityInactive="true" />
        </hose>
        <hose inputAttacherJointIndices="1" type="airDoubleYellow" node="airOut" adapterNode="airOut_detached" length="0.8" diameter="0.015" straighteningFactor="1">
            <objectChange node="airOut_detached" visibilityActive="false" visibilityInactive="true" />
        </hose>
        <hose inputAttacherJointIndices="1" type="electric"  node="electricIn01" adapterNode="electricIn01_detached" length="0.8" diameter="0.01" straighteningFactor="1">
            <objectChange node="electricIn01_detached" visibilityActive="false" visibilityInactive="true"/>
        </hose>
        <sounds>
            <connect    type="airDoubleRed" template="hydraulicHosesAttach" volumeScale="0.7" linkNode="attacherJoint"/>
            <connect    type="electric"     template="generalConnection"    volumeScale="0.7" linkNode="attacherJoint"/>
            <disconnect type="airDoubleRed" template="hydraulicHosesDetach" volumeScale="0.7" linkNode="attacherJoint"/>
            <disconnect type="electric"     template="generalConnection"    volumeScale="0.7" linkNode="attacherJoint"/>
        </sounds>
    </connectionHoses>

    <powerConsumer forceNode="softer11_main_component1" maxForce="36">
        <speedLimitModifier offset="-12" minPowerHp="0"  maxPowerHp="250"/>
        <speedLimitModifier offset="-8" minPowerHp="250" maxPowerHp="270"/>
        <speedLimitModifier offset="-5" minPowerHp="270" maxPowerHp="295"/>
        <speedLimitModifier offset="-2" minPowerHp="295" maxPowerHp="310"/>
    </powerConsumer>

    <lights>
        <sharedLight linkNode="rearLight63White"   filename="$data/shared/assets/lights/lizard/rearLight63White.xml" />
        <sharedLight linkNode="rearLight63White1"  filename="$data/shared/assets/lights/lizard/rearLight63White.xml" />
        <sharedLight linkNode="plateNumberLight03" filename="$data/shared/assets/lights/lizard/plateNumberLight03.xml" />

        <realLights>
            <high>
                <light node="backLightsHigh" lightTypes="0" />
                <light node="licensePlateLightHigh" lightTypes="0"/>
                <turnLightLeft node="turnLightLeftBack" />
                <turnLightRight node="turnLightRightBack" />
                <brakeLight node="backLightsHigh" />
            </high>
        </realLights>

        <staticLightCompounds>
            <staticLightCompound>
                <node node="softer11Lights_static" intensity="15"/>
                <node node="softer11LightsGlass_static" intensity="1"/>
            </staticLightCompound>
        </staticLightCompounds>
    </lights>

    <licensePlates>
        <licensePlate node="licensePlateNodeBack" position="BACK" preferedType="SQUARISH" placementArea="0.085 0.25 0.15 0.165">
            <objectChange node="licensePlateNodeBack" visibilityActive="true" visibilityInactive="false"/>
        </licensePlate>
    </licensePlates>

    <groundReferenceNodes>
        <groundReferenceNode node="groundReferenceNode" forceFactor="1" threshold="0.2" depthNode="groundReferenceNode" chargeValue="1"/>
    </groundReferenceNodes>

    <workAreas>
        <workArea type="plow" functionName="processPlowArea" >
            <area startNode="workAreaStart" widthNode="workAreaWidth" heightNode="workAreaHeight"/>
            <groundReferenceNode index="1"/>
            <onlyActiveWhenLowered value="true"/>
        </workArea>
    </workAreas>

    <workParticles>
        <effect workAreaIndex="1">
            <effectNode effectClass="CultivatorMotionPathEffect" effectType="CULTIVATOR" linkNode="rollerEffect01LinkNode">
                <motionPathEffect textureFilename="$data/vehicles/farmet/softer11/rollerEffect01Array.dds" numRows="10" rowLength="18" minFade="0.07" density="0.5" densityScale="0.5"/>
            </effectNode>
            <effectNode effectClass="CultivatorMotionPathEffect" effectType="CULTIVATOR" linkNode="rollerEffect02LinkNode">
                <motionPathEffect textureFilename="$data/vehicles/farmet/softer11/rollerEffect02Array.dds" numRows="20" rowLength="18" minFade="0.07" density="0.5" densityScale="0.5"/>
            </effectNode>
            <effectNode effectClass="CultivatorMotionPathEffect" effectType="CULTIVATOR" linkNode="rollerEffect03LinkNode">
                <motionPathEffect textureFilename="$data/vehicles/farmet/softer11/rollerEffect03Array.dds" numRows="20" rowLength="18" minFade="0.07" density="0.5" densityScale="0.5"/>
            </effectNode>
            <effectNode effectClass="CultivatorMotionPathEffect" effectType="CULTIVATOR" linkNode="rollerEffect04LinkNode">
                <motionPathEffect textureFilename="$data/vehicles/farmet/softer11/rollerEffect04Array.dds" numRows="20" rowLength="18" minFade="0.07" density="0.5" densityScale="0.5"/>
            </effectNode>
            <effectNode effectClass="CultivatorMotionPathEffect" effectType="CULTIVATOR" linkNode="rollerEffect05LinkNode">
                <motionPathEffect textureFilename="$data/vehicles/farmet/softer11/rollerEffect05Array.dds" numRows="10" rowLength="18" minFade="0.07" density="0.5" densityScale="0.5"/>
            </effectNode>
            <effectNode effectClass="CultivatorMotionPathEffect" effectType="CULTIVATOR" linkNode="discEffect01LinkNode">
                <motionPathEffect textureFilename="$data/vehicles/farmet/softer11/discEffect01Array.dds" numRows="30" rowLength="18" minFade="0.07"/>
            </effectNode>
            <effectNode effectClass="CultivatorMotionPathEffect" effectType="CULTIVATOR" linkNode="discEffect02LinkNode">
                <motionPathEffect textureFilename="$data/vehicles/farmet/softer11/discEffect02Array.dds" numRows="50" rowLength="18" minFade="0.07"/>
            </effectNode>
            <effectNode effectClass="CultivatorMotionPathEffect" effectType="CULTIVATOR" linkNode="discEffect03LinkNode">
                <motionPathEffect textureFilename="$data/vehicles/farmet/softer11/discEffect03Array.dds" numRows="40" rowLength="18" minFade="0.07"/>
            </effectNode>
            <effectNode effectClass="CultivatorMotionPathEffect" effectType="CULTIVATOR" linkNode="discEffect04LinkNode">
                <motionPathEffect textureFilename="$data/vehicles/farmet/softer11/discEffect04Array.dds" numRows="50" rowLength="18" minFade="0.07"/>
            </effectNode>
            <effectNode effectClass="CultivatorMotionPathEffect" effectType="CULTIVATOR" linkNode="discEffect05LinkNode">
                <motionPathEffect textureFilename="$data/vehicles/farmet/softer11/discEffect05Array.dds" numRows="40" rowLength="18" minFade="0.07"/>
            </effectNode>
        </effect>
        <particle>
            <node node="smokeEmitter" refNodeIndex="1" particleType="SOIL_SMOKE" emitCountScale="1"/>
        </particle>
    </workParticles>

    <foldable>
        <foldingConfigurations>
            <foldingConfiguration>
                <foldingParts startMoveDirection="1" foldMiddleAnimTime="0.1">
                    <foldingPart animationName="folding" speedScale="0.55" />
                </foldingParts>
            </foldingConfiguration>
        </foldingConfigurations>
    </foldable>

    <animations>
        <animation name="folding">
            <part node="wheelArmLeft01"  startTime="0" endTime="1" startRot="-10 0 0" endRot="-10 0 0"/>
            <part node="wheelArmLeft02"  startTime="0" endTime="1" startRot="-10 0 0" endRot="-10 0 0"/>
            <part node="wheelArmRight01" startTime="0" endTime="1" startRot="-10 0 0" endRot="-10 0 0"/>
            <part node="wheelArmRight02" startTime="0" endTime="1" startRot="-10 0 0" endRot="-10 0 0"/>
            <part node="wheelArmLeft01_physics"  startTime="0" endTime="1" startRot="-10 0 0" endRot="-10 0 0"/>
            <part node="wheelArmLeft02_physics"  startTime="0" endTime="1" startRot="-10 0 0" endRot="-10 0 0"/>
            <part node="wheelArmRight01_physics" startTime="0" endTime="1" startRot="-10 0 0" endRot="-10 0 0"/>
            <part node="wheelArmRight02_physics" startTime="0" endTime="1" startRot="-10 0 0" endRot="-10 0 0"/>

            <part node="axis"                      startTime="0" endTime="0.5"   startRot="15 0 0" endRot="0 0 0"/>
            <part node="backArm"                   startTime="0.5" endTime="2"   startRot="15 0 0" endRot="0 0 0"/>
            <part node="drawbar"                   startTime="0" endTime="1"     startRot="-9 0 0" endRot="0 0 0"/>
            <part node="armLeft01BackArm"          startTime="1" endTime="2"     startRot="15 0 0" endRot="15 0 0"/>
            <part node="armLeft02BackArm"          startTime="1" endTime="2"     startRot="15 0 0" endRot="15 0 0"/>
            <part node="armRight01BackArm"         startTime="1" endTime="2"     startRot="15 0 0" endRot="15 0 0"/>
            <part node="armRight02BackArm"         startTime="1" endTime="2"     startRot="15 0 0" endRot="15 0 0"/>
            <part node="armLeft01BackArm_physics"  startTime="1" endTime="2"     startRot="15 0 0" endRot="15 0 0"/>
            <part node="armLeft02BackArm_physics"  startTime="1" endTime="2"     startRot="15 0 0" endRot="15 0 0"/>
            <part node="armRight01BackArm_physics" startTime="1" endTime="2"     startRot="15 0 0" endRot="15 0 0"/>
            <part node="armRight02BackArm_physics" startTime="1" endTime="2"     startRot="15 0 0" endRot="15 0 0"/>
            <part node="leftArm02Joint"            startTime="1" endTime="4.5"   startRot="0 0 0" endRot="0 0 179.8" tangentType="spline"/>
            <part node="armLeft02RefFrame"         startTime="1" endTime="4.5"   startRot="0 0 0" endRot="-90 0 0" tangentType="spline"/>
            <part node="armLeft02Animated_joint"   startTime="1" endTime="4.5"   startTrans="-0.598 0.0 -0.0" endTrans="-0.598 -0.096 -0.062" startRot="0.0 0.0 0.0" endRot="68.964 0.0 0.0" tangentType="spline"/>
            <part componentIndex="3"               startTime="1" endTime="4.5"   startCenterOfMass="0.5 0 -1" endCenterOfMass="1.3 -0.6 -0.7"/>
            <part node="armLeft02Part01"           startTime="1" endTime="4.5"   startTrans="0 0 0" endTrans="0 0 0.6" tangentType="spline"/>
            <part node="armLeft02Part01Holder"     startTime="3.5" endTime="4.5" startRot="0 0 0" endRot="-3 0 0" tangentType="spline"/>
            <part node="rightArm02Joint"           startTime="1" endTime="5"     startRot="0 0 0" endRot="0 0 -179.8" tangentType="spline"/>
            <part node="armRight02RefFrame"        startTime="1" endTime="5"     startRot="0 0 0" endRot="-90 0 0" tangentType="spline"/>
            <part node="armRight02Animated_joint"  startTime="1" endTime="5"     startTrans="0.591 -0.0 -0.0" endTrans="0.591 -0.094 -0.091" startRot="0.0 0.0 0.0" endRot="68.447 2.464 6.213" tangentType="spline"/>
            <part componentIndex="5"               startTime="1" endTime="5"     startCenterOfMass="-0.5 0 -1" endCenterOfMass="-1.3 -0.6 -0.7"/>
            <part node="armRight02Part01"          startTime="1" endTime="5"     startTrans="0 0 0" endTrans="0 0 0.6" tangentType="spline"/>
            <part node="armRight02Part01Holder"    startTime="4" endTime="5"     startRot="0 0 0" endRot="-3 0 0" tangentType="spline"/>
            <part node="leftArm01Joint"            startTime="4.5" endTime="9.5" startRot="0 0 0" endRot="0 0 89.9" tangentType="spline"/>
            <part componentIndex="2"               startTime="4.5" endTime="9.5" startCenterOfMass="1 0 -1" endCenterOfMass="-1 0.8 -0.7"/>
            <part node="rightArm01Joint"           startTime="5" endTime="10"    startRot="0 0 0" endRot="0 0 -89.9" tangentType="spline"/>
            <part componentIndex="4"               startTime="5" endTime="10"    startCenterOfMass="-1 0 -1" endCenterOfMass="1 0.8 -0.7"/>
            <part componentJointIndex="1"          startTime="0" endTime="0.5"   startRotLimit="0 0 10" endRotLimit="0 0 0" />
            <part componentJointIndex="2"          startTime="0" endTime="0.5"   startRotLimit="0 0 10" endRotLimit="0 0 0" />
            <part componentJointIndex="3"          startTime="0" endTime="0.5"   startRotLimit="0 0 10" endRotLimit="0 0 0" />
            <part componentJointIndex="4"          startTime="0" endTime="0.5"   startRotLimit="0 0 10" endRotLimit="0 0 0" />
            <part node="transportLock_attached"    startTime="9.98" endTime="9.99" visibility="false" />
            <part node="transportLock_attached"    startTime="9.99" endTime="10.0" visibility="true" />

            <part node="transportLock_detached" startTime="9.98" endTime="9.99" visibility="true" />
            <part node="transportLock_detached" startTime="9.99" endTime="10.0" visibility="false" />

            <sound template="hydraulicOpen06"       startTime="5.20" endTime="9.80"    direction="-1"    volumeScale="0.8" startPitchScale="0.5" endPitchScale="0.7" fadeIn="0.1" fadeOut="0.1" linkNode="armRight01BackArm_physics"/>
            <sound template="hydraulicOpen02"       startTime="5.00" endTime="9.30"    direction="-1"    volumeScale="2.1" startPitchScale="1.4" endPitchScale="1.6" fadeIn="0.1" fadeOut="0.1" linkNode="armLeft01BackArm_physics"/>
            <sound template="thudVar1"              startTime="5.20" volumeScale="1.0" direction="-1"    pitchScale="0.6"  linkNode="armRight01BackArm_physics"/>
            <sound template="clackVar2"             startTime="5.20" volumeScale="3.0" direction="-1"    pitchScale="0.6"  linkNode="armRight01BackArm_physics"/>
            <sound template="foldStartMed02"        startTime="5.20" volumeScale="4.0" direction="-1"    pitchScale="0.8"  linkNode="armRight01BackArm_physics"/>
            <sound template="rattleSoft"            startTime="5.20" volumeScale="2.0" direction="-1"    pitchScale="1.1"  linkNode="armRight01BackArm_physics"/>
            <sound template="thudVar2"              startTime="4.70" volumeScale="3.0" direction="-1"    pitchScale="0.6"  linkNode="armLeft01BackArm_physics"/>
            <sound template="clackVar1"             startTime="4.70" volumeScale="1.0" direction="-1"    pitchScale="0.6"  linkNode="armLeft01BackArm_physics"/>
            <sound template="sheetImp02"            startTime="4.70" volumeScale="1.0" direction="-1"    pitchScale="0."   linkNode="armLeft01BackArm_physics"/>
            <sound template="rattleSoft"            startTime="4.70" volumeScale="2.0" direction="-1"    pitchScale="1.2"  linkNode="armLeft01BackArm_physics"/>
            <sound template="hydraulicOpen02"       startTime="1.10" endTime="4.99"    direction="-1"    volumeScale="2.0" pitchScale="0.9" fadeIn="0.1" fadeOut="0.1" linkNode="armRight02Part01Holder"/>
            <sound template="hydraulicOpen02"       startTime="1.01" endTime="4.60"    direction="-1"    volumeScale="2.0" pitchScale="0.8" fadeIn="0.1" fadeOut="0.1" linkNode="armLeft02Part01Holder"/>
            <sound template="sheetImp03"            startTime="1.10" direction="-1"    volumeScale="4.0" pitchScale="0.7"  linkNode="armRight02Part01Holder"/>
            <sound template="grabImp"               startTime="1.10" direction="-1"    volumeScale="0.8" pitchScale="0.7"  linkNode="armRight02Part01Holder"/>
            <sound template="rattleSoft"            startTime="1.10" direction="-1"    volumeScale="5.0" pitchScale="0.7"  linkNode="armRight02Part01Holder"/>
            <sound template="sheetImp03"            startTime="1.01" direction="-1"    volumeScale="4.0" pitchScale="0.8"  linkNode="armLeft02Part01Holder"/>
            <sound template="grabImp"               startTime="1.01" direction="-1"    volumeScale="0.8" pitchScale="0.8"  linkNode="armLeft02Part01Holder"/>
            <sound template="rattleSoft"            startTime="1.01" direction="-1"    volumeScale="5.0" pitchScale="0.8"  linkNode="armLeft02Part01Holder"/>
            <sound template="hydraulicClose01"      startTime="1.10" endTime="4.50"    direction="1"     volumeScale="2.0" pitchScale="1.2" fadeIn="0.1" fadeOut="0.1" linkNode="armRight02Part01Holder"/>
            <sound template="hydraulicClose01"      startTime="1.10" endTime="4.20"    direction="1"     volumeScale="2.0" pitchScale="1.1" fadeIn="0.1" fadeOut="0.1" linkNode="armLeft02Part01Holder"/>
            <sound template="hydraulicSmallClose"   startTime="1.10" endTime="2.20"    direction="1"     volumeScale="0.7" pitchScale="0.7" />
            <sound template="metalImpHigh02"        startTime="4.40" direction="1"     volumeScale="0.8" pitchScale="0.8" />
            <sound template="clackVar4"             startTime="4.40" direction="1"     volumeScale="2.8" pitchScale="0.6" />
            <sound template="metalImpHigh01"        startTime="4.9"  direction="1"     volumeScale="0.8" pitchScale="0.9" />
            <sound template="foldStartMed02"        startTime="4.9"  direction="1"     volumeScale="3.8" pitchScale="0.7" />
            <sound template="hydraulicClose01"      startTime="5.20" endTime="9.90"    direction="1"     volumeScale="2.2" pitchScale="0.8" fadeIn="0.1" fadeOut="0.1" linkNode="armRight02Part01Holder"/>
            <sound template="hydraulicClose01"      startTime="5.00" endTime="9.20"    direction="1"     volumeScale="2.2" pitchScale="0.9" fadeIn="0.1" fadeOut="0.1" linkNode="armLeft02Part01Holder"/>
            <sound template="metalClose"            startTime="9.90" direction="1"     volumeScale="3.7" pitchScale="0.8"  linkNode="armRight02Part01Holder"/>
            <sound template="metalImpHigh02"        startTime="9.90" direction="1"     volumeScale="0.7" pitchScale="0.8"  linkNode="armRight02Part01Holder"/>
            <sound template="thudVar2"              startTime="9.90" direction="1"     volumeScale="3.8" pitchScale="0.7"  linkNode="armRight02Part01Holder"/>
            <sound template="metalClose"            startTime="9.30" direction="1"     volumeScale="3.7" pitchScale="0.6"  linkNode="armRight02Part01Holder"/>
            <sound template="thudVar2"              startTime="9.30" direction="1"     volumeScale="3.8" pitchScale="0.8"  linkNode="armRight02Part01Holder"/>
            <sound template="foldStartMed02"        startTime="9.30" direction="1"     volumeScale="3.8" pitchScale="0.7"  linkNode="armRight02Part01Holder"/>
            <sound template="hydraulicOpen06"       startTime="0.10" endTime="0.99"    direction="-1"    volumeScale="1.2" pitchScale="0.5" fadeIn="0.1" fadeOut="0.1" />
            <sound template="clackVar2"             startTime="0.40" direction="-1"    volumeScale="3.8" pitchScale="0.7"  linkNodeOffset="0 0 -3"  />
            <sound template="foldStartMed02"        startTime="0.40" direction="-1"    volumeScale="4.8" pitchScale="0.7"  linkNodeOffset="0 0 -3"  />
            <sound template="hydraulicClose01"      startTime="0.10" endTime="0.99"    direction="1"     volumeScale="2.9" pitchScale="0.6" fadeIn="0.1" fadeOut="0.1" />
        </animation>

        <animation name="moveSupport">
            <part node="supportArm"      startTime="0" endTime="0.5" startRot="0 0 0" endRot="-40 0 0"/>
            <part node="supportArmPart"  startTime="0" endTime="0.5" startRot="0 0 0" endRot="40 0 0"/>

            <sound template="hydraulicOpen02" startTime="0.01" endTime="0.49" volumeScale="1.6" pitchScale="1.8" linkNode="supportArm" fadeIn="0.1" fadeOut="0.1"/>
            <sound template="metalClose"      startTime="0.01" direction="-1" volumeScale="2"   pitchScale="2"   linkNode="supportArm"/>
        </animation>
    </animations>

    <cylindered>
        <movingTools>
            <movingTool node="armLeft01BackArm_physics" playSound="false" wheelIndices="7 8 9 10 11 12"/>
            <movingTool node="armLeft02BackArm_physics" playSound="false" wheelIndices="7 8 9 10 11 12"/>
            <movingTool node="armRight01BackArm_physics" playSound="false" wheelIndices="7 8 9 10 11 12"/>
            <movingTool node="armRight02BackArm_physics" playSound="false" wheelIndices="7 8 9 10 11 12"/>
            <movingTool node="wheelArmLeft01_physics" playSound="false" wheelIndices="3 4 5 6"/>
            <movingTool node="wheelArmLeft02_physics" playSound="false" wheelIndices="3 4 5 6"/>
            <movingTool node="wheelArmRight01_physics" playSound="false" wheelIndices="3 4 5 6"/>
            <movingTool node="wheelArmRight02_physics" playSound="false" wheelIndices="3 4 5 6"/>
            <movingTool node="axis" playSound="true" wheelIndices="1 2">
                <dependentPart node="axisHydraulic" />
            </movingTool>
            <movingTool node="backArm" playSound="true" wheelIndices="1 2 7 8">
                <dependentPart node="backArmHydraulic" />
            </movingTool>
            <movingTool node="drawbar" playSound="true">
                <dependentPart node="drawbarHydraulic" />
                <inputAttacherJoint value="true"/>
            </movingTool>
            <movingTool node="armLeft01BackArm" playSound="true">
                <dependentPart node="armLeft01BackArmHydraulic" />
            </movingTool>
            <movingTool node="armLeft02BackArm" playSound="true">
                <dependentPart node="armLeft02BackArmHydraulic" />
            </movingTool>
            <movingTool node="armRight01BackArm" playSound="true">
                <dependentPart node="armRight01BackArmHydraulic" />
            </movingTool>
            <movingTool node="armRight02BackArm" playSound="true">
                <dependentPart node="armRight02BackArmHydraulic" />
            </movingTool>
            <movingTool node="supportArm" playSound="true">
                <dependentPart node="supportArmHydraulic" />
            </movingTool>
            <movingTool node="leftArm01Joint" playSound="true">
                <componentJoint index="1"/>
            </movingTool>
            <movingTool node="leftArm02Joint" playSound="true">
                <componentJoint index="2"/>
            </movingTool>
            <movingTool node="rightArm01Joint" playSound="true">
                <componentJoint index="3"/>
            </movingTool>
            <movingTool node="rightArm02Joint" playSound="true">
                <componentJoint index="4"/>
            </movingTool>
        </movingTools>

        <movingParts>
            <movingPart node="drawbarHydraulic" referencePoint="drawbarHydraulicRef" referenceFrame="drawbarHydraulicRef">
                <translatingPart node="drawbarHydraulicPunch" />
            </movingPart>
            <movingPart node="axisHydraulic" referencePoint="axisHydraulicRef" referenceFrame="axisHydraulicRef">
                <translatingPart node="axisHydraulicPunch" />
            </movingPart>
            <movingPart node="backArmHydraulic" referencePoint="backArmHydraulicRef" referenceFrame="backArmHydraulicRef">
                <translatingPart node="backArmHydraulicPunch" />
            </movingPart>
            <movingPart node="armLeft01BackArmHydraulic" referencePoint="armLeft01BackArmHydraulicRef" referenceFrame="armLeft01BackArmHydraulicRef">
                <translatingPart node="armLeft01BackArmHydraulicPunch" />
            </movingPart>
            <movingPart node="armLeft02BackArmHydraulic" referencePoint="armLeft02BackArmHydraulicRef" referenceFrame="armLeft02BackArmHydraulicRef">
                <translatingPart node="armLeft02BackArmHydraulicPunch" />
            </movingPart>
            <movingPart node="armRight01BackArmHydraulic" referencePoint="armRight01BackArmHydraulicRef" referenceFrame="armRight01BackArmHydraulicRef">
                <translatingPart node="armRight01BackArmHydraulicPunch" />
            </movingPart>
            <movingPart node="armRight02BackArmHydraulic" referencePoint="armRight02BackArmHydraulicRef" referenceFrame="armRight02BackArmHydraulicRef">
                <translatingPart node="armRight02BackArmHydraulicPunch" />
            </movingPart>
            <movingPart node="supportArmHydraulic" referencePoint="supportArmHydraulicRef" referenceFrame="supportArmHydraulicRef">
                <translatingPart node="supportArmHydraulicPunch" />
            </movingPart>
            <movingPart node="armLeft01" referencePoint="armLeft01Ref" referenceFrame="armLeft01RefFrame" isActiveDirty="true" maxUpdateDistance="300" limitedAxis="1">
                <dependentPart node="armLeft02" />
                <dependentPart node="armLeft02Part" />
            </movingPart>
            <movingPart node="armLeft02" referencePoint="armLeft02Ref" referenceFrame="armLeft02RefFrame" limitedAxis="1" minRot="-89.99" maxRot="89.99"/>
            <movingPart node="armLeft02Part" referencePoint="armLeft02PartRef" referenceFrame="armLeft02PartRef" limitedAxis="1" scaleZ="true"/>
            <movingPart node="armRight01" referencePoint="armRight01Ref" referenceFrame="armRight01RefFrame" isActiveDirty="true" maxUpdateDistance="300" limitedAxis="1">
                <dependentPart node="armRight02" />
                <dependentPart node="armRight02Part02" />
            </movingPart>
            <movingPart node="armRight02" referencePoint="armRight02Ref" referenceFrame="armRight02RefFrame" limitedAxis="1" minRot="-89.99" maxRot="89.99"/>
            <movingPart node="armRight02Part02" referencePoint="armRight02Part02Ref" referenceFrame="armRight02Part02Ref" limitedAxis="1" scaleZ="true"/>
            <movingPart node="armLeftHydraulic" referencePoint="armLeftHydraulicRef" referenceFrame="armLeftHydraulicRefFrame" isActiveDirty="true" maxUpdateDistance="300">
                <translatingPart node="armLeftHydraulicPunch" />
            </movingPart>
        </movingParts>
    </cylindered>

    <plow>
        <sounds>
            <work template="defaultPlowWork" linkNodeOffset="-4 0 -3" fadeIn="0.1" fadeOut="0.1" volumeScale="0.7"/>
            <work template="defaultPlowWork" linkNodeOffset="4 0 -3" fadeIn="0.1" fadeOut="0.1"  volumeScale="0.7"/>
        </sounds>
        <directionNode node="softer11_main_component1" />
        <onlyActiveWhenLowered value="true"/>
    </plow>

    <ai>
        <needsLowering value="true"/>
        <areaMarkers leftNode="aiMarkerLeft" rightNode="aiMarkerRight" backNode="aiMarkerBack"/>
        <sizeMarkers leftNode="sizeMarkerLeft" rightNode="sizeMarkerRight" backNode="sizeMarkerBack"/>
        <collisionTrigger node="aiCollisionNode" width="11" height="1.8"/>
        <allowTurnBackward value="false"/>
        <turningRadiusLimitation radius="7.5"/>
        <toolReverserDirectionNode node="aiMarkerBack"/>
        <agentAttachment jointNode="attacherJoint" rotCenterWheelIndices="1 2" width="3.05" height="4" length="5.7" lengthOffset="2.35"/>
    </ai>

    <foliageBending>
        <bendingNode wheelIndices="1 2" minZ="-3.55" maxZ="0.15" yOffset="0.75" />
        <bendingNode minX="-0.25" maxX="0.25" minZ="0.15" maxZ="2.6" yOffset="0.45" />
        <bendingNode minX="-0.68" maxX="1.57" minZ="-2.05" maxZ="0.7" yOffset="-0.2" node="softer11_leftArm01_component2" />
        <bendingNode minX="-0.75" maxX="1.0" minZ="-2.05" maxZ="0.7" yOffset="-0.2" node="softer11_leftArm02_component3" />
        <bendingNode minX="-1.57" maxX="0.68" minZ="-2.05" maxZ="0.7" yOffset="-0.2" node="softer11_rightArm01_component4" />
        <bendingNode minX="-1" maxX="0.75" minZ="-2.05" maxZ="0.7" yOffset="-0.2" node="softer11_rightArm02_component5" />
    </foliageBending>

    <wearable wearDuration="480" workMultiplier="5" fieldMultiplier="2"/>
    <washable dirtDuration="90" washDuration="1" workMultiplier="6" fieldMultiplier="2"/>

    <i3dMappings>
        <i3dMapping id="softer11_main_component1" node="0>" />
        <i3dMapping id="softer11_vis" node="0>0" />
        <i3dMapping id="yellowRound_02" node="0>0|0|0|0" />
        <i3dMapping id="yellowRound_01" node="0>0|0|0|1" />
        <i3dMapping id="rearLight63White1" node="0>0|0|0|2" />
        <i3dMapping id="rearLight63White" node="0>0|0|0|3" />
        <i3dMapping id="drawbar" node="0>0|1|0" />
        <i3dMapping id="attacherJoint" node="0>0|1|0|0" />
        <i3dMapping id="supportArm" node="0>0|1|0|1" />
        <i3dMapping id="supportArmPart" node="0>0|1|0|1|0" />
        <i3dMapping id="supportArmHydraulicRef" node="0>0|1|0|1|1" />
        <i3dMapping id="supportArmHydraulic" node="0>0|1|0|2" />
        <i3dMapping id="supportArmHydraulicPunch" node="0>0|1|0|2|0" />
        <i3dMapping id="drawbarHydraulicRef" node="0>0|1|0|3" />
        <i3dMapping id="hydraulicIn01_detached" node="0>0|1|0|4|0" />
        <i3dMapping id="hydraulicOut01_detached" node="0>0|1|0|4|1" />
        <i3dMapping id="hydraulicIn02_detached" node="0>0|1|0|4|2" />
        <i3dMapping id="hydraulicOut02_detached" node="0>0|1|0|4|3" />
        <i3dMapping id="airIn_detached" node="0>0|1|0|4|4" />
        <i3dMapping id="airOut_detached" node="0>0|1|0|4|5" />
        <i3dMapping id="electricIn01_detached" node="0>0|1|0|4|6" />
        <i3dMapping id="hydraulicIn01" node="0>0|1|0|4|7" />
        <i3dMapping id="airIn" node="0>0|1|0|4|8" />
        <i3dMapping id="hydraulicOut02" node="0>0|1|0|4|9" />
        <i3dMapping id="airOut" node="0>0|1|0|4|10" />
        <i3dMapping id="hydraulicOut01" node="0>0|1|0|4|11" />
        <i3dMapping id="electricIn01" node="0>0|1|0|4|12" />
        <i3dMapping id="hydraulicIn02" node="0>0|1|0|4|13" />
        <i3dMapping id="transportLock_detached" node="0>0|1|0|8" />
        <i3dMapping id="drawbarHydraulic" node="0>0|1|1" />
        <i3dMapping id="drawbarHydraulicPunch" node="0>0|1|1|0" />
        <i3dMapping id="backArm" node="0>0|1|2" />
        <i3dMapping id="axis" node="0>0|1|2|0" />
        <i3dMapping id="wheelLeft" node="0>0|1|2|0|0|0" />
        <i3dMapping id="wheelRight" node="0>0|1|2|0|0|1" />
        <i3dMapping id="chockSupport" node="0>0|1|2|0|0|2" />
        <i3dMapping id="chockSupport1" node="0>0|1|2|0|0|3" />
        <i3dMapping id="wheelChock03" node="0>0|1|2|0|0|4" />
        <i3dMapping id="wheelChock04" node="0>0|1|2|0|0|5" />
        <i3dMapping id="axisHydraulicRef" node="0>0|1|2|0|1" />
        <i3dMapping id="softer11Lights_static" node="0>0|1|2|0|2|0|0" />
        <i3dMapping id="softer11LightsGlass_static" node="0>0|1|2|0|2|0|1" />
        <i3dMapping id="redTriangle_03" node="0>0|1|2|0|2|1|0" />
        <i3dMapping id="bigTriangle" node="0>0|1|2|0|2|1|1" />
        <i3dMapping id="redTriangle_02" node="0>0|1|2|0|2|1|2" />
        <i3dMapping id="backLightsHigh" node="0>0|1|2|0|2|2|0" />
        <i3dMapping id="turnLightLeftBack" node="0>0|1|2|0|2|3|0" />
        <i3dMapping id="turnLightRightBack" node="0>0|1|2|0|2|3|1" />
        <i3dMapping id="licensePlateNodeBack" node="0>0|1|2|0|3|0" />
        <i3dMapping id="plateNumberLight03" node="0>0|1|2|0|3|0|0" />
        <i3dMapping id="licensePlateLightHigh" node="0>0|1|2|0|3|0|1" />
        <i3dMapping id="axisHydraulic" node="0>0|1|2|1" />
        <i3dMapping id="axisHydraulicPunch" node="0>0|1|2|1|0" />
        <i3dMapping id="backArmHydraulicRef" node="0>0|1|2|2" />
        <i3dMapping id="rollerWheel01" node="0>0|1|2|3" />
        <i3dMapping id="rollerWheel02" node="0>0|1|2|4" />
        <i3dMapping id="roller03" node="0>0|1|2|5" />
        <i3dMapping id="yellowRound_04" node="0>0|1|2|6|0" />
        <i3dMapping id="yellowRound_03" node="0>0|1|2|6|1" />
        <i3dMapping id="rollerEffect03LinkNode" node="0>0|1|2|8" />
        <i3dMapping id="backArmHydraulic" node="0>0|1|3" />
        <i3dMapping id="backArmHydraulicPunch" node="0>0|1|3|0" />
        <i3dMapping id="armLeft01RefFrame" node="0>0|1|4" />
        <i3dMapping id="armLeft01" node="0>0|1|4|0" />
        <i3dMapping id="armLeft02RefFrame" node="0>0|1|4|0|0" />
        <i3dMapping id="armLeft02" node="0>0|1|4|0|0|0" />
        <i3dMapping id="wheelArmLeft02Rot" node="0>0|1|4|0|0|0|0|0" />
        <i3dMapping id="wheelArmLeft02" node="0>0|1|4|0|0|0|0|0|0" />
        <i3dMapping id="armLeft02BackArm" node="0>0|1|4|0|0|0|1|0" />
        <i3dMapping id="roller01" node="0>0|1|4|0|0|0|1|0|0" />
        <i3dMapping id="armLeft02BackArmHydraulicRef" node="0>0|1|4|0|0|0|1|0|1" />
        <i3dMapping id="rollerEffect01LinkNode" node="0>0|1|4|0|0|0|1|0|3" />
        <i3dMapping id="armLeft02BackArmHydraulic" node="0>0|1|4|0|0|0|2" />
        <i3dMapping id="armLeft02BackArmHydraulicPunch" node="0>0|1|4|0|0|0|2|0" />
        <i3dMapping id="discsLeft02" node="0>0|1|4|0|0|0|3" />
        <i3dMapping id="armLeft02PartRef" node="0>0|1|4|0|0|0|5" />
        <i3dMapping id="discEffect01LinkNode" node="0>0|1|4|0|0|0|6|0" />
        <i3dMapping id="armLeft02Animated_joint" node="0>0|1|4|0|0|0|8" />
        <i3dMapping id="armLeftHydraulicRef" node="0>0|1|4|0|1" />
        <i3dMapping id="wheelArmLeft01Rot" node="0>0|1|4|0|2|0" />
        <i3dMapping id="wheelArmLeft01" node="0>0|1|4|0|2|0|0" />
        <i3dMapping id="armLeft01BackArm" node="0>0|1|4|0|3|0" />
        <i3dMapping id="roller02" node="0>0|1|4|0|3|0|0" />
        <i3dMapping id="armLeft01BackArmHydraulicRef" node="0>0|1|4|0|3|0|1" />
        <i3dMapping id="rollerEffect02LinkNode" node="0>0|1|4|0|3|0|3" />
        <i3dMapping id="armLeft01BackArmHydraulic" node="0>0|1|4|0|4" />
        <i3dMapping id="armLeft01BackArmHydraulicPunch" node="0>0|1|4|0|4|0" />
        <i3dMapping id="discsLeft01" node="0>0|1|4|0|5" />
        <i3dMapping id="armLeft02Part01Holder" node="0>0|1|4|0|7" />
        <i3dMapping id="armLeft02Part01" node="0>0|1|4|0|7|0" />
        <i3dMapping id="armLeft02Part" node="0>0|1|4|0|7|0|0" />
        <i3dMapping id="discEffect02LinkNode" node="0>0|1|4|0|8|0" />
        <i3dMapping id="armRight01RefFrame" node="0>0|1|5" />
        <i3dMapping id="armRight01" node="0>0|1|5|0" />
        <i3dMapping id="armRight02RefFrame" node="0>0|1|5|0|0" />
        <i3dMapping id="armRight02" node="0>0|1|5|0|0|0" />
        <i3dMapping id="wheelArmRight02Rot" node="0>0|1|5|0|0|0|0|0" />
        <i3dMapping id="wheelArmRight02" node="0>0|1|5|0|0|0|0|0|0" />
        <i3dMapping id="armRight02BackArm" node="0>0|1|5|0|0|0|1|0" />
        <i3dMapping id="roller05" node="0>0|1|5|0|0|0|1|0|0" />
        <i3dMapping id="armRight02BackArmHydraulicRef" node="0>0|1|5|0|0|0|1|0|1" />
        <i3dMapping id="rollerEffect05LinkNode" node="0>0|1|5|0|0|0|1|0|3" />
        <i3dMapping id="armRight02BackArmHydraulic" node="0>0|1|5|0|0|0|2" />
        <i3dMapping id="armRight02BackArmHydraulicPunch" node="0>0|1|5|0|0|0|2|0" />
        <i3dMapping id="discsRight02" node="0>0|1|5|0|0|0|3" />
        <i3dMapping id="armRight02Part02Ref" node="0>0|1|5|0|0|0|5" />
        <i3dMapping id="discEffect05LinkNode" node="0>0|1|5|0|0|0|6|0" />
        <i3dMapping id="armRight02Animated_joint" node="0>0|1|5|0|0|0|8" />
        <i3dMapping id="armLeftHydraulic" node="0>0|1|5|0|1" />
        <i3dMapping id="armLeftHydraulicPunch" node="0>0|1|5|0|1|0" />
        <i3dMapping id="wheelArmRight01Rot" node="0>0|1|5|0|2|0" />
        <i3dMapping id="wheelArmRight01" node="0>0|1|5|0|2|0|0" />
        <i3dMapping id="armRight01BackArm" node="0>0|1|5|0|3|0" />
        <i3dMapping id="roller04" node="0>0|1|5|0|3|0|0" />
        <i3dMapping id="armRight01BackArmHydraulicRef" node="0>0|1|5|0|3|0|1" />
        <i3dMapping id="rollerEffect04LinkNode" node="0>0|1|5|0|3|0|3" />
        <i3dMapping id="armRight01BackArmHydraulic" node="0>0|1|5|0|4" />
        <i3dMapping id="armRight01BackArmHydraulicPunch" node="0>0|1|5|0|4|0" />
        <i3dMapping id="discsRight01" node="0>0|1|5|0|5" />
        <i3dMapping id="armRight02Part01Holder" node="0>0|1|5|0|7" />
        <i3dMapping id="armRight02Part01" node="0>0|1|5|0|7|0" />
        <i3dMapping id="armRight02Part02" node="0>0|1|5|0|7|0|0" />
        <i3dMapping id="discEffect04LinkNode" node="0>0|1|5|0|8|0" />
        <i3dMapping id="armLeftHydraulicRefFrame" node="0>0|1|6" />
        <i3dMapping id="discsCenter" node="0>0|1|7" />
        <i3dMapping id="transportLock_attached" node="0>0|1|8" />
        <i3dMapping id="workAreaStart" node="0>0|2|0" />
        <i3dMapping id="workAreaWidth" node="0>0|2|1" />
        <i3dMapping id="workAreaHeight" node="0>0|2|2" />
        <i3dMapping id="groundReferenceNode" node="0>0|2|3" />
        <i3dMapping id="smokeEmitter" node="0>0|3|0" />
        <i3dMapping id="discEffect03LinkNode" node="0>0|3|1|0" />
        <i3dMapping id="aiMarkerLeft" node="0>0|4|0" />
        <i3dMapping id="aiMarkerRight" node="0>0|4|1" />
        <i3dMapping id="aiMarkerBack" node="0>0|4|2" />
        <i3dMapping id="aiCollisionNode" node="0>0|4|3" />
        <i3dMapping id="sizeMarkerLeft" node="0>0|4|4" />
        <i3dMapping id="sizeMarkerRight" node="0>0|4|5" />
        <i3dMapping id="sizeMarkerBack" node="0>0|4|6" />
        <i3dMapping id="rightArm01Joint" node="0>0|7" />
        <i3dMapping id="leftArm01Joint" node="0>0|8" />
        <i3dMapping id="hoses" node="0>1|0" />
        <i3dMapping id="softer11_leftArm01_component2" node="1>" />
        <i3dMapping id="leftArm02Joint" node="1>0" />
        <i3dMapping id="armLeft01Ref" node="1>1" />
        <i3dMapping id="armLeft01BackArm_physics" node="1>2" />
        <i3dMapping id="rollerWheel04" node="1>2|0" />
        <i3dMapping id="wheelArmLeft01_physicsRot" node="1>3" />
        <i3dMapping id="wheelArmLeft01_physics" node="1>3|0" />
        <i3dMapping id="armLeft01Wheel" node="1>3|0|0" />
        <i3dMapping id="softer11_leftArm02_component3" node="2>" />
        <i3dMapping id="armLeft02Ref" node="2>0" />
        <i3dMapping id="armLeft02BackArm_physics" node="2>1" />
        <i3dMapping id="rollerWheel03" node="2>1|0" />
        <i3dMapping id="wheelArmLeft02_physicsRot" node="2>2" />
        <i3dMapping id="wheelArmLeft02_physics" node="2>2|0" />
        <i3dMapping id="armLeft02Wheel" node="2>2|0|0" />
        <i3dMapping id="softer11_rightArm01_component4" node="3>" />
        <i3dMapping id="rightArm02Joint" node="3>0" />
        <i3dMapping id="armRight01Ref" node="3>1" />
        <i3dMapping id="armRight01BackArm_physics" node="3>2" />
        <i3dMapping id="rollerWheel05" node="3>2|0" />
        <i3dMapping id="wheelArmRight01_physicsRot" node="3>3" />
        <i3dMapping id="wheelArmRight01_physics" node="3>3|0" />
        <i3dMapping id="armRight01Wheel" node="3>3|0|0" />
        <i3dMapping id="softer11_rightArm02_component5" node="4>" />
        <i3dMapping id="armRight02Ref" node="4>0" />
        <i3dMapping id="armRight02BackArm_physics" node="4>1" />
        <i3dMapping id="rollerWheel06" node="4>1|0" />
        <i3dMapping id="wheelArmRight02_physicsRot" node="4>2" />
        <i3dMapping id="wheelArmRight02_physics" node="4>2|0" />
        <i3dMapping id="armRight02Wheel" node="4>2|0|0" />
    </i3dMappings>
</vehicle>
