﻿<?xml version="1.0" encoding="utf-8" standalone="no" ?>
<vehicle type="cultiplow" xmlns:xsi="http://www.w3.org/2001/XMLSchema-instance" xsi:noNamespaceSchemaLocation="../../../../shared/xml/schema/vehicle.xsd">
    <annotation>Copyright (C) GIANTS Software GmbH, All Rights Reserved.</annotation>

    <storeData>
        <name>SWIFTERDISC XE 18400 MEGA CultiPlow</name>
        <specs>
            <neededPower>580</neededPower>
            <workingWidth>18.4</workingWidth>
        </specs>
        <functions>
            <function>$l10n_function_plow</function>
        </functions>
        <image>$data/vehicles/bednar/swifterdiscXEmega/store_swifterDiscXEmega.png</image>
        <price>194500</price>
        <lifetime>600</lifetime>
        <rotation>0</rotation>
        <brand>BEDNAR</brand>
        <category>plows</category>
        <shopTranslationOffset>0 -0.127 0</shopTranslationOffset>
        <shopRotationOffset>-0.704 0 0</shopRotationOffset>
        <vertexBufferMemoryUsage>4512256</vertexBufferMemoryUsage>
        <indexBufferMemoryUsage>1600256</indexBufferMemoryUsage>
        <textureMemoryUsage>786432</textureMemoryUsage>
        <instanceVertexBufferMemoryUsage>0</instanceVertexBufferMemoryUsage>
        <instanceIndexBufferMemoryUsage>0</instanceIndexBufferMemoryUsage>
        <audioMemoryUsage>0</audioMemoryUsage>
    </storeData>

    <base>
        <typeDesc>$l10n_typeDesc_plow</typeDesc>
        <filename>$data/vehicles/bednar/swifterdiscXEmega/swifterdiscXEmega.i3d</filename>
        <size width="3.25" length="11.6" height="4.2" lengthOffset="0.98"/>
        <speedLimit value="18"/>
        <components>
            <component centerOfMass="0 0.85 -0.5" solverIterationCount="10" mass="9200" inertiaScale="4 4 4"/>
            <component centerOfMass="0 0 -0.8" solverIterationCount="25" mass="6000" inertiaScale="4 4 4"/>
            <component centerOfMass="0 0 0" solverIterationCount="25" mass="2000" inertiaScale="4 4 4"/>
            <component centerOfMass="0 0 0" solverIterationCount="25" mass="2000" inertiaScale="4 4 4"/>

            <joint component1="1" component2="2" node="componentJointArmMiddle" rotLimit="0 0 0" transLimit="0 0 0"/>
            <joint component1="2" component2="3" node="componentJointArmLeft" rotLimit="0 0 0" transLimit="0 0 0"/>
            <joint component1="2" component2="4" node="componentJointArmRight" rotLimit="0 0 0" transLimit="0 0 0"/>

            <collisionPair component1="1" component2="3" enabled="false"/>
            <collisionPair component1="1" component2="4" enabled="false"/>

            <collisionPair component1="3" component2="4" enabled="false"/>
        </components>
        <schemaOverlay attacherJointPosition="0 0" name="IMPLEMENT"/>
        <mapHotspot type="TOOL"/>
    </base>

    <wheels>
        <wheelConfigurations>
            <wheelConfiguration name="$l10n_configuration_valueDefault" price="0" saveId="DEFAULT">
                <wheels>
                    <wheel filename="$data/shared/wheels/tires/trelleborg/TwinRadial/710_50R26_5.xml" isLeft="true" hasTireTracks="true" hasParticles="true">
                        <physics rotSpeed="0" restLoad="4.5" repr="wheelMiddleLeftFront"  forcePointRatio="0.25" initialCompression="35" suspTravel="0.11" spring="107" damper="60" rotationDamping="0.002" yOffset="0.03"/>
                    </wheel>
                    <wheel filename="$data/shared/wheels/tires/trelleborg/TwinRadial/710_50R26_5.xml" isLeft="false" hasTireTracks="true" hasParticles="true">
                        <physics rotSpeed="0" restLoad="4.5" repr="wheelMiddleRightFront" forcePointRatio="0.25" initialCompression="35" suspTravel="0.11" spring="107" damper="60" rotationDamping="0.002" yOffset="0.03"/>
                        <wheelChock parkingNode="wheelChock02_01"/>
                        <wheelChock parkingNode="wheelChock02_02" isInverted="true"/>
                    </wheel>
                    <wheel filename="$data/shared/wheels/tires/trelleborg/TwinRadial/710_50R26_5.xml" isLeft="true" hasTireTracks="true" hasParticles="true">
                        <physics rotSpeed="0" restLoad="4.5" repr="wheelMiddleLeftBack"   forcePointRatio="0.25" initialCompression="35" suspTravel="0.11" spring="107" damper="60" rotationDamping="0.002" yOffset="0.057"/>
                    </wheel>
                    <wheel filename="$data/shared/wheels/tires/trelleborg/TwinRadial/710_50R26_5.xml" isLeft="false" hasTireTracks="true" hasParticles="true">
                        <physics rotSpeed="0" restLoad="4.5" repr="wheelMiddleRightBack"  forcePointRatio="0.25" initialCompression="35" suspTravel="0.11" spring="107" damper="60" rotationDamping="0.002" yOffset="0.057"/>
                    </wheel>

                    <!-- armLeft -->
                    <wheel filename="$data/shared/wheels/tires/vredestein/flotationTrac/520_50R17.xml" isLeft="true" hasTireTracks="true" hasParticles="true" versatileFoldMaxLimit="0.01">
                        <physics rotMin="-45" rotMax="45" restLoad="3.4" repr="armLeftWheelFront01ReprPhys" driveNode="armLeftWheelFront01Phys" forcePointRatio="0.2" initialCompression="40" suspTravel="0.08" spring="80" damper="60" versatileYRot="true" supportsWheelSink="false" brakeFactor="0.2"/>
                    </wheel>
                    <wheel filename="$data/shared/wheels/tires/vredestein/flotationTrac/520_50R17.xml" isLeft="true" hasTireTracks="true" hasParticles="true" versatileFoldMaxLimit="0.01">
                        <physics rotMin="-45" rotMax="45" restLoad="3.4" repr="armLeftWheelFront02ReprPhys" driveNode="armLeftWheelFront02Phys" forcePointRatio="0.2" initialCompression="40" suspTravel="0.08" spring="80" damper="60" versatileYRot="true" supportsWheelSink="false" brakeFactor="0.2"/>
                    </wheel>
                    <wheel>
                        <physics rotSpeed="0" restLoad="0.7" repr="armLeftWheelBack01Phys" useReprDirection="true" radius="0.313" width="2.0" forcePointRatio="0.2" initialCompression="15" suspTravel="0.08" spring="20" damper="60" rotationDamping="0.0035" brakeFactor="0" supportsWheelSink="false"/>
                    </wheel>
                    <wheel>
                        <physics rotSpeed="0" restLoad="0.7" repr="armLeftWheelBack02Phys" useReprDirection="true" radius="0.313" width="2.0" forcePointRatio="0.2" initialCompression="25" suspTravel="0.08" spring="155" damper="60" rotationDamping="0.0035" brakeFactor="0" supportsWheelSink="false"/>
                    </wheel>

                    <!-- armRight -->
                    <wheel filename="$data/shared/wheels/tires/vredestein/flotationTrac/520_50R17.xml" isLeft="false" hasTireTracks="true" hasParticles="true" versatileFoldMaxLimit="0.01">
                        <physics rotMin="-45" rotMax="45" restLoad="3.4" repr="armRightWheelFront01ReprPhys" driveNode="armRightWheelFront01Phys" forcePointRatio="0.2" initialCompression="40" suspTravel="0.08" spring="80" damper="60" versatileYRot="true" supportsWheelSink="false" brakeFactor="0.2"/>
                    </wheel>
                    <wheel filename="$data/shared/wheels/tires/vredestein/flotationTrac/520_50R17.xml" isLeft="false" hasTireTracks="true" hasParticles="true" versatileFoldMaxLimit="0.01">
                        <physics rotMin="-45" rotMax="45" restLoad="3.4" repr="armRightWheelFront02ReprPhys" driveNode="armRightWheelFront02Phys" forcePointRatio="0.2" initialCompression="40" suspTravel="0.08" spring="80" damper="60" versatileYRot="true" supportsWheelSink="false" brakeFactor="0.2"/>
                    </wheel>
                    <wheel>
                        <physics rotSpeed="0" restLoad="0.7" repr="armRightWheelBack01Phys" useReprDirection="true" radius="0.313" width="2.0" forcePointRatio="0.2" initialCompression="25" suspTravel="0.08" spring="155" damper="60" rotationDamping="0.0035" brakeFactor="0" supportsWheelSink="false"/>
                    </wheel>
                    <wheel>
                        <physics rotSpeed="0" restLoad="0.7" repr="armRightWheelBack02Phys" useReprDirection="true" radius="0.313" width="2.0" forcePointRatio="0.2" initialCompression="15" suspTravel="0.08" spring="20" damper="60" rotationDamping="0.0035" brakeFactor="0" supportsWheelSink="false"/>
                    </wheel>
                </wheels>
            </wheelConfiguration>
        </wheelConfigurations>

        <hubs>
            <hub linkNode="wheelMiddleLeftFront"  filename="$data/shared/wheels/hubs/hub_n8_6.xml" isLeft="true"  scale="0.38 0.38 0.38"/>
            <hub linkNode="wheelMiddleRightFront" filename="$data/shared/wheels/hubs/hub_n8_6.xml" isLeft="false" scale="0.38 0.38 0.38"/>
            <hub linkNode="wheelMiddleLeftBack"   filename="$data/shared/wheels/hubs/hub_n8_6.xml" isLeft="true"  scale="0.38 0.38 0.38"/>
            <hub linkNode="wheelMiddleRightBack"  filename="$data/shared/wheels/hubs/hub_n8_6.xml" isLeft="false" scale="0.38 0.38 0.38"/>

            <hub linkNode="armLeftWheelFront01Phys"  filename="$data/shared/wheels/hubs/hub_n6_2.xml" isLeft="true" scale="0.15 0.15 0.15"/>
            <hub linkNode="armLeftWheelFront02Phys"  filename="$data/shared/wheels/hubs/hub_n6_2.xml" isLeft="true" scale="0.15 0.15 0.15"/>
            <hub linkNode="armRightWheelFront01Phys"  filename="$data/shared/wheels/hubs/hub_n6_2.xml" isLeft="false" scale="0.15 0.15 0.15"/>
            <hub linkNode="armRightWheelFront02Phys"  filename="$data/shared/wheels/hubs/hub_n6_2.xml" isLeft="false" scale="0.15 0.15 0.15"/>
        </hubs>
    </wheels>

    <speedRotatingParts>
        <speedRotatingPart shaderNode="armLeftDiscs" radius="-0.28" groundReferenceNodeIndex="1"/>
        <speedRotatingPart shaderNode="armRightDiscs" radius="-0.28" groundReferenceNodeIndex="1"/>
        <speedRotatingPart node="armLeftRollerLeft" radius="0.313" wheelIndex="7"/>
        <speedRotatingPart node="armLeftRollerRight" radius="0.313" wheelIndex="8"/>
        <speedRotatingPart node="armRightRollerLeft" radius="0.313" wheelIndex="11" />
        <speedRotatingPart node="armRightRollerRight" radius="0.313" wheelIndex="12" />
    </speedRotatingParts>

    <attachable>
        <inputAttacherJoints>
            <inputAttacherJoint node="attacherJoint" jointType="trailerLow" attacherHeight="0.64"/>
        </inputAttacherJoints>
        <support animationName="moveSupport"/>
        <brakeForce force="2.2"/>
        <sounds>
            <active file="$data/sounds/tools/cultivator/generalRattle_01.wav" innerRadius="10" outerRadius="50" volumeScale="3.6" isLocalSound="true" pitchScale="0.8">
                <volume indoor="0.7" outdoor="0.9" >
                    <modifier type="WHEEL_SUSPENSION" value="-0.06" modifiedValue="0.4"/>
                    <modifier type="WHEEL_SUSPENSION" value="-0.04" modifiedValue="0.2"/>
                    <modifier type="WHEEL_SUSPENSION" value="-0.02" modifiedValue="0.00"/>
                    <modifier type="WHEEL_SUSPENSION" value="-0.01" modifiedValue="0.0"/>
                    <modifier type="WHEEL_SUSPENSION" value="-0.00" modifiedValue="0.0"/>
                    <modifier type="WHEEL_SUSPENSION" value="0.01" modifiedValue="0.0"/>
                    <modifier type="WHEEL_SUSPENSION" value="0.02" modifiedValue="0.00"/>
                    <modifier type="WHEEL_SUSPENSION" value="0.04" modifiedValue="0.2"/>
                    <modifier type="WHEEL_SUSPENSION" value="0.06" modifiedValue="0.4"/>

                    <modifier type="SPEED" value="0.0" modifiedValue="0.0"/>
                    <modifier type="SPEED" value="2.0" modifiedValue="1.0"/>
                    <modifier type="SPEED" value="40.0" modifiedValue="1.0"/>
                </volume>
                <lowpassCutoffFrequency indoor="250" outdoor="20000" />
                <lowpassGain indoor="0.5" outdoor="1" />
            </active>
        </sounds>
    </attachable>

    <connectionHoses>
        <hose inputAttacherJointIndices="1" type="hydraulicIn"  node="hydraulicIn01"  length="1.5" diameter="0.02" straighteningFactor="1.5" adapterNode="hydraulicIn01_connector" adapterMaterialTemplateName="SHARED_BLUE1">
            <objectChange node="hydraulicIn01_detached" visibilityActive="false" visibilityInactive="true" />
        </hose>
        <hose inputAttacherJointIndices="1" type="hydraulicOut" node="hydraulicOut01" length="1.5" diameter="0.02" straighteningFactor="1.5" adapterNode="hydraulicOut01_connector" adapterMaterialTemplateName="SHARED_BLUE1">
            <objectChange node="hydraulicOut01_detached" visibilityActive="false" visibilityInactive="true" />
        </hose>
        <hose inputAttacherJointIndices="1" type="hydraulicIn"  node="hydraulicIn02"  length="1.5" diameter="0.02" straighteningFactor="1.5" adapterNode="hydraulicIn02_connector" adapterMaterialTemplateName="WALTERSCHEID_YELLOW1">
            <objectChange node="hydraulicIn02_detached" visibilityActive="false" visibilityInactive="true" />
        </hose>
        <hose inputAttacherJointIndices="1" type="hydraulicOut" node="hydraulicOut02" length="1.5" diameter="0.02" straighteningFactor="1.5" adapterNode="hydraulicOut02_connector" adapterMaterialTemplateName="WALTERSCHEID_YELLOW1">
            <objectChange node="hydraulicOut02_detached" visibilityActive="false" visibilityInactive="true" />
        </hose>
        <hose inputAttacherJointIndices="1" type="hydraulicIn"  node="hydraulicIn03"  length="1.5" diameter="0.02" straighteningFactor="1.5" adapterNode="hydraulicIn03_connector" adapterMaterialTemplateName="SALEK_GREEN1">
            <objectChange node="hydraulicIn03_detached" visibilityActive="false" visibilityInactive="true" />
        </hose>
        <hose inputAttacherJointIndices="1" type="hydraulicOut" node="hydraulicOut03" length="1.5" diameter="0.02" straighteningFactor="1.5" adapterNode="hydraulicOut03_connector" adapterMaterialTemplateName="SALEK_GREEN1">
            <objectChange node="hydraulicOut03_detached" visibilityActive="false" visibilityInactive="true" />
        </hose>
        <hose inputAttacherJointIndices="1" type="hydraulicIn"  node="hydraulicIn04"  length="1.5" diameter="0.02" straighteningFactor="1.5" adapterNode="hydraulicIn04_connector">
            <objectChange node="hydraulicIn04_detached" visibilityActive="false" visibilityInactive="true" />
        </hose>
        <hose inputAttacherJointIndices="1" type="hydraulicOut" node="hydraulicOut04" length="1.5" diameter="0.02" straighteningFactor="1.5" adapterNode="hydraulicOut04_connector">
            <objectChange node="hydraulicOut04_detached" visibilityActive="false" visibilityInactive="true" />
        </hose>
        <hose inputAttacherJointIndices="1" type="airDoubleRed" node="airRed" length="1.5" diameter="0.02" straighteningFactor="0.5" adapterNode="airRed_connector" minDeltaY="-0.45">
            <objectChange node="airRed_detached" visibilityActive="false" visibilityInactive="true" />
        </hose>
        <hose inputAttacherJointIndices="1" type="airDoubleYellow" node="airYellow" length="1.5" diameter="0.02" straighteningFactor="0.5" adapterNode="airYellow_connector" minDeltaY="-0.45">
            <objectChange node="airYellow_detached" visibilityActive="false" visibilityInactive="true" />
        </hose>
        <hose inputAttacherJointIndices="1" type="electric" node="electric" length="1.5" diameter="0.01" straighteningFactor="0.5" adapterNode="electric_connector" minDeltaY="-0.55">
            <objectChange node="electric_detached" visibilityActive="false" visibilityInactive="true" />
        </hose>
        <sounds>
            <connect    type="airDoubleRed" template="hydraulicHosesAttach" volumeScale="0.7" linkNode="attacherJoint"/>
            <disconnect type="airDoubleRed" template="hydraulicHosesDetach" volumeScale="0.7" linkNode="attacherJoint"/>
        </sounds>
    </connectionHoses>

    <dynamicallyLoadedParts>
        <dynamicallyLoadedPart node="0" linkNode="chockSupport_01" filename="$data/shared/assets/wheelChocks/wheelChockSupport01.i3d" />
        <dynamicallyLoadedPart node="0" linkNode="chockSupport_02" filename="$data/shared/assets/wheelChocks/wheelChockSupport01.i3d" />
    </dynamicallyLoadedParts>

    <lights>
        <sharedLight linkNode="rearLight05_left"   filename="$data/shared/assets/lights/lizard/rearLight05_left.xml" />
        <sharedLight linkNode="rearLight05_right"  filename="$data/shared/assets/lights/lizard/rearLight05_right.xml" />
        <sharedLight linkNode="plateNumberLight01" filename="$data/shared/assets/lights/lizard/plateNumberLight01.xml" />
        <sharedLight linkNode="sideMarker05White_01" filename="$data/shared/assets/lights/lizard/sideMarker05White.xml" />
        <sharedLight linkNode="sideMarker05White_02" filename="$data/shared/assets/lights/lizard/sideMarker05White.xml" />
        <sharedLight linkNode="sideMarker18Static_left" filename="$data/shared/assets/lights/lizard/sideMarker18_right.xml" />
        <sharedLight linkNode="sideMarker18Static_right" filename="$data/shared/assets/lights/lizard/sideMarker18_left.xml" />

        <realLights>
            <high>
                <light node="backLightsHigh" lightTypes="0" />
                <light node="licensePlateLightHigh" lightTypes="0" />
                <brakeLight node="backLightsHigh" />
                <turnLightLeft node="turnLightLeftBack" />
                <turnLightRight node="turnLightRightBack" />
            </high>
        </realLights>
    </lights>

    <licensePlates>
        <licensePlate node="licensePlateBack" position="BACK" preferedType="SQUARISH" placementArea="0.11 0.3 0.3 0.3" />
    </licensePlates>

    <powerConsumer forceNode="swifterDiscXEmega_main_component1" forceFactor="1" maxForce="62">
        <speedLimitModifier offset="-12" minPowerHp="0"  maxPowerHp="500"/>
        <speedLimitModifier offset="-8" minPowerHp="500" maxPowerHp="520"/>
        <speedLimitModifier offset="-5" minPowerHp="520" maxPowerHp="540"/>
        <speedLimitModifier offset="-2" minPowerHp="540" maxPowerHp="560"/>
    </powerConsumer>

    <groundReferenceNodes>
        <groundReferenceNode node="groundReferenceNode" forceFactor="0.5" threshold="0.2"/>
    </groundReferenceNodes>

    <workAreas>
        <workArea type="plow" functionName="processPlowArea" >
            <area startNode="workAreaStart" widthNode="workAreaWidth" heightNode="workAreaHeight" />
            <groundReferenceNode index="1" />
            <onlyActiveWhenLowered value="true"/>
        </workArea>
    </workAreas>

   <workParticles>
       <effect workAreaIndex="1">
            <!-- armLeft -->
           <effectNode effectClass="CultivatorMotionPathEffect" effectType="CULTIVATOR" linkNode="armLeftDiscEffect01LinkNode">
               <motionPathEffect textureFilename="$data/vehicles/bednar/swifterdiscXEmega/discEffectLeftArray01.dds" numRows="40" rowLength="18" minFade="0.07" shapeScale="0.9" maxShapeScale="0.9"/>
           </effectNode>
           <effectNode effectClass="CultivatorMotionPathEffect" effectType="CULTIVATOR" linkNode="armLeftDiscEffect02LinkNode">
               <motionPathEffect textureFilename="$data/vehicles/bednar/swifterdiscXEmega/discEffectLeftArray02.dds" numRows="60" rowLength="18" minFade="0.07" shapeScale="0.9" maxShapeScale="0.9"/>
           </effectNode>
           <effectNode effectClass="CultivatorMotionPathEffect" effectType="CULTIVATOR" linkNode="armLeftDiscEffect03LinkNode">
               <motionPathEffect textureFilename="$data/vehicles/bednar/swifterdiscXEmega/discEffectLeftArray02.dds" numRows="60" rowLength="18" minFade="0.07" shapeScale="0.9" maxShapeScale="0.9"/>
           </effectNode>

           <effectNode effectClass="CultivatorMotionPathEffect" effectType="CULTIVATOR" linkNode="rollerEffectLeftLinkNode01">
               <motionPathEffect textureFilename="$data/vehicles/bednar/swifterdiscXEmega/rollerEffectArray.dds" numRows="40" rowLength="18" minFade="0.07" densityScale="0.35"/>
           </effectNode>
           <effectNode effectClass="CultivatorMotionPathEffect" effectType="CULTIVATOR" linkNode="rollerEffectLeftLinkNode02">
               <motionPathEffect textureFilename="$data/vehicles/bednar/swifterdiscXEmega/rollerEffectArray.dds" numRows="40" rowLength="18" minFade="0.07" densityScale="0.35"/>
           </effectNode>

            <!-- armRight -->
           <effectNode effectClass="CultivatorMotionPathEffect" effectType="CULTIVATOR" linkNode="armRightDiscEffect01LinkNode">
               <motionPathEffect textureFilename="$data/vehicles/bednar/swifterdiscXEmega/discEffectRightArray01.dds" numRows="40" rowLength="18" minFade="0.07" shapeScale="0.9" maxShapeScale="0.9"/>
           </effectNode>
           <effectNode effectClass="CultivatorMotionPathEffect" effectType="CULTIVATOR" linkNode="armRightDiscEffect02LinkNode">
               <motionPathEffect textureFilename="$data/vehicles/bednar/swifterdiscXEmega/discEffectRightArray02.dds" numRows="60" rowLength="18" minFade="0.07" shapeScale="0.9" maxShapeScale="0.9"/>
           </effectNode>
           <effectNode effectClass="CultivatorMotionPathEffect" effectType="CULTIVATOR" linkNode="armRightDiscEffect03LinkNode">
               <motionPathEffect textureFilename="$data/vehicles/bednar/swifterdiscXEmega/discEffectRightArray02.dds" numRows="60" rowLength="18" minFade="0.07" shapeScale="0.9" maxShapeScale="0.9"/>
           </effectNode>

           <effectNode effectClass="CultivatorMotionPathEffect" effectType="CULTIVATOR" linkNode="rollerEffectRightLinkNode01">
               <motionPathEffect textureFilename="$data/vehicles/bednar/swifterdiscXEmega/rollerEffectArray.dds" numRows="40" rowLength="18" minFade="0.07" densityScale="0.35"/>
           </effectNode>
           <effectNode effectClass="CultivatorMotionPathEffect" effectType="CULTIVATOR" linkNode="rollerEffectRightLinkNode02">
               <motionPathEffect textureFilename="$data/vehicles/bednar/swifterdiscXEmega/rollerEffectArray.dds" numRows="40" rowLength="18" minFade="0.07" densityScale="0.35"/>
           </effectNode>
       </effect>

       <particle>
           <node node="smokeEmitter" refNodeIndex="1" particleType="SOIL_SMOKE" emitCountScale="1"/>
       </particle>
   </workParticles>

    <foldable>
       <foldingConfigurations>
           <foldingConfiguration>
               <foldingParts startMoveDirection="1" foldMiddleAnimTime="0.0625" detachingMinLimit="0.99" detachingMaxLimit="1" unfoldWarning="$l10n_warning_detachNotAllowed">
                   <foldingPart animationName="folding" speedScale="1"/>
               </foldingParts>
             </foldingConfiguration>
         </foldingConfigurations>
    </foldable>

    <animations>
        <animation name="moveSupport">
            <part node="armSupport01" startTime="0.0" endTime="0.5" startRot="0 0 0" endRot="-30 0 0"/>
            <part node="armSupport02" startTime="0.0" endTime="0.5" startRot="0 0 0" endRot="30 0 0"/>

            <sound template="hydraulicOpen02" startTime="0.01" endTime="0.49" volumeScale="2.5" pitchScale="1.9" fadeIn="0.1" fadeOut="0.1" linkNode="armSupport01"/>
            <sound template="vibratingImp"    startTime="0.01" direction="-1" volumeScale="1"   pitchScale="1.5" linkNode="armSupport01"/>
            <sound template="hingeImp"        startTime="0.1"  direction="-1" volumeScale="0.7" pitchScale="1.1" linkNode="armSupport01"/>
        </animation>

        <animation name="folding">
            <!-- lowering -->
            <part node="componentJointArmMiddle" startTime="0.0" endTime="1.0" startRot="0 0 0"  endRot="15 0 0"/>
            <part node="armLeftWheelArm"         startTime="0.0" endTime="1.0" startRot="-4 0 0"  endRot="1 0 0"/>
            <part node="armRightWheelArm"        startTime="0.0" endTime="1.0" startRot="-4 0 0"  endRot="1 0 0"/>
            <part node="armLeftWheelArmPhys"     startTime="0.0" endTime="1.0" startRot="-5.5 0 0"  endRot="0 0 0"/>
            <part node="armRightWheelArmPhys"    startTime="0.0" endTime="1.0" startRot="-5.5 0 0"  endRot="0 0 0"/>
            <part node="armLeftAxlesLockArm"     startTime="0.0" endTime="1.0" startRot="45 0 0"  endRot="0 0 0"/>
            <part node="armRightAxlesLockArm"    startTime="0.0" endTime="1.0" startRot="45 0 0"  endRot="0 0 0"/>
            <part node="axleBack"                startTime="0.0" endTime="1.0" startRot="15 0 0"  endRot="25 0 0"/>
            <part node="axleBackWheelRot"        startTime="0.0" endTime="1.0" startRot="-15 0 0"  endRot="-25 0 0"/>

            <part componentJointIndex="1" startTime="0.0" endTime="1.0" startRotLimit="8 0 0" endRotLimit="0 0 0"/>
            <part componentJointIndex="2" startTime="0.0" endTime="1.0" startRotMinLimit="0 0 0" startRotMaxLimit="0 0 10" endRotLimit="0 0 0"/>
            <part componentJointIndex="3" startTime="0.0" endTime="1.0" startRotMinLimit="0 0 -10" startRotMaxLimit="0 0 0" endRotLimit="0 0 0"/>

            <part wheelIndex="5" startTime="0" endTime="1" startSteeringAngle="0" endSteeringAngle="0" />
            <part wheelIndex="6" startTime="0" endTime="1" startSteeringAngle="0" endSteeringAngle="0" />
            <part wheelIndex="9" startTime="0" endTime="1" startSteeringAngle="0" endSteeringAngle="0" />
            <part wheelIndex="10" startTime="0" endTime="1" startSteeringAngle="0" endSteeringAngle="0" />

            <!-- folding -->
            <part node="axleBack"                startTime="1.0"  endTime="5.5"  startRot="25 0 0"  endRot="0 0 0"/>
            <part node="axleBackWheelRot"        startTime="1.0"  endTime="5.5"  startRot="-25 0 0"  endRot="0 0 0"/>
            <part node="armLeftBackArm"          startTime="1.0"  endTime="3.0" startRot="3.8 0 0"  endRot="0 0 0"/>
            <part node="armRightBackArm"         startTime="1.0"  endTime="3.0" startRot="3.8 0 0"  endRot="0 0 0"/>
            <part node="armLeftBackArmPhys"      startTime="1.0"  endTime="3.0" startRot="3.8 0 0"  endRot="0 0 0"/>
            <part node="armRightBackArmPhys"     startTime="1.0"  endTime="3.0" startRot="3.8 0 0"  endRot="0 0 0"/>
            <part node="componentJointArmMiddle" startTime="1.0"  endTime="5.5"  startRot="15 0 0"  endRot="89.8 0 0"/>
            <part componentIndex="2"             startTime="1.0"  endTime="5.5" startCenterOfMass="0 -0.5 -1.2" endCenterOfMass="0 0 1"/>
            <part node="componentJointArmLeft"   startTime="5.5"  endTime="15.0" startRot="0 0 0"  endRot="0 0 89.3"/>
            <part componentIndex="3"             startTime="5.5"  endTime="15.0" startCenterOfMass="2 0 -0.5" endCenterOfMass="0 0.64 1"/>
            <part node="componentJointArmRight"  startTime="6.0"  endTime="15.5" startRot="0 0 0"  endRot="0 0 -89.3"/>
            <part componentIndex="4"             startTime="6.0"  endTime="15.5" startCenterOfMass="-2 0 -0.5" endCenterOfMass="0 0.64 1"/>
            <part node="armTransportLockLeft"    startTime="15.5" endTime="16.0" startRot="0 0 0" endRot="0 0 72"/>
            <part node="armTransportLockRight"   startTime="15.5" endTime="16.0" startRot="0 0 0" endRot="0 0 -72"/>
            <part node="componentJointArmLeft"   startTime="15.5" endTime="16.0" startRot="0 0 89.3"  endRot="0 0 90"/>
            <part node="componentJointArmRight"  startTime="15.5" endTime="16.0" startRot="0 0 -89.3"  endRot="0 0 -90"/>
            <part node="transportLockBoltLeft"   startTime="15.9" endTime="16.0" startTrans="0 0 0" endTrans="0.062 0.052 0" />
            <part node="transportLockBoltRight"  startTime="15.9" endTime="16.0" startTrans="0 0 0" endTrans="-0.061 0.052 0" />
            <part node="transportLockBarFront"   startTime="15.99" endTime="16.0" startRot="0 0 0"  endRot="-90 0 0"/>

            <sound template="hydraulicOpen02"  startTime="5.5"  endTime="15"   direction="0"  volumeScale="1.6" pitchScale="1.3" fadeIn="0.1" fadeOut="0.1"/>
            <sound template="hydraulicOpen02"  startTime="6.0"  endTime="15.5" direction="0"  volumeScale="1.6" pitchScale="1.0" fadeIn="0.1" fadeOut="0.1"/>
            <sound template="hydraulicClose01" startTime="5.5"  endTime="15.5" direction="0"  volumeScale="4"   pitchScale="0.6" fadeIn="0.1" fadeOut="0.1"/>
            <sound template="hydraulicOpen06"  startTime="1.01" endTime="5.5"  direction="-1" volumeScale="0.9" startPitchScale="0.5" endPitchScale="0.7" fadeIn="0.1" fadeOut="0.1"/>
            <sound template="hydraulicOpen05"  startTime="1.01" endTime="5.5"  direction="-1" volumeScale="2.2" startPitchScale="1.5" endPitchScale="1.7" fadeIn="0.1" fadeOut="0.1"/>
            <sound template="hydraulicClose03" startTime="1.01" endTime="5.5"  direction="1"  volumeScale="4.5" pitchScale="1.2" fadeIn="0.1" fadeOut="0.1"/>
            <sound template="hydraulicOpen02"  startTime="0.5"  endTime="0.99" direction="-1" volumeScale="3"   pitchScale="1.4" fadeIn="0.1" fadeOut="0.1"/>
            <sound template="hydraulicClose02" startTime="0.5"  endTime="0.99" direction="1"  volumeScale="5"   pitchScale="1.6" fadeIn="0.1" fadeOut="0.1"/>

            <sound template="vibratingImp"          startTime="15"   direction="1"  volumeScale="1.2" pitchScale="1.1" />
            <sound template="foldStartMed02"        startTime="15"   direction="1"  volumeScale="5.2" pitchScale="0.8" />
            <sound template="trailerCloseImpact_01" startTime="15"   direction="1"  volumeScale="0.7" pitchScale="0.8" />
            <sound template="vibratingImp"          startTime="15.5" direction="1"  volumeScale="1.2" pitchScale="1.1" />
            <sound template="foldStartMed02"        startTime="15.5" direction="1"  volumeScale="5.2" pitchScale="0.8" />
            <sound template="metalImpHigh03"        startTime="15.5" direction="1"  volumeScale="0.4" pitchScale="0.8" />
            <sound template="metalImpHigh02"        startTime="15.5" direction="1"  volumeScale="0.7" pitchScale="0.8" />
            <sound template="vibratingImp"          startTime="6"    direction="-1" volumeScale="1.2" pitchScale="0.8"/>
            <sound template="clackVar6"             startTime="6"    direction="-1" volumeScale="2.4" pitchScale="0.6"/>
            <sound template="metalImpHigh01"        startTime="6"    direction="-1" volumeScale="0.8" pitchScale="0.8"/>
            <sound template="vibratingImp"          startTime="5.5"  direction="0"  volumeScale="1.2" pitchScale="0.8"/>
            <sound template="clackVar6"             startTime="5.5"  direction="0"  volumeScale="2.4" pitchScale="0.6"/>
            <sound template="metalImpHigh01"        startTime="5.5"  direction="0"  volumeScale="0.4" pitchScale="1.2"/>
            <sound template="foldStartMed02"        startTime="5.5"  direction="0"  volumeScale="3.8" pitchScale="0.8"/>
            <sound template="metalImpHigh04"        startTime="5.5"  direction="0"  volumeScale="0.8" pitchScale="0.8"/>
            <sound template="vibratingImp"          startTime="1.01" direction="-1" volumeScale="1.2" pitchScale="0.8"/>
            <sound template="clackVar6"             startTime="1.01" direction="-1" volumeScale="2.4" pitchScale="0.6"/>
            <sound template="trailerCloseImpact_01" startTime="1.01" direction="-1" volumeScale="0.8" pitchScale="0.7"/>
            <sound template="foldStartMed02"        startTime="1.01" direction="-1" volumeScale="3.8" pitchScale="0.9"/>
            <sound template="hingeImp"              startTime="1.1"  direction="-1" volumeScale="0.8" pitchScale="0.8"/>
            <sound template="foldStartMed02"        startTime="0.5"  direction="-1" volumeScale="4.5" pitchScale="0.7"/>
            <sound template="trailerCloseImpact_01" startTime="0.5"  direction="-1" volumeScale="0.8" pitchScale="0.7"/>
            <sound template="metalImpHigh05"        startTime="0.5"  direction="-1" volumeScale="0.8" pitchScale="0.9"/>
            <sound template="foldStartMed02"        startTime="0.99" direction="1"  volumeScale="4.5" pitchScale="0.7"/>
            <sound template="trailerCloseImpact_01" startTime="0.99" direction="1"  volumeScale="0.8" pitchScale="0.7"/>
            <sound template="clackVar4"             startTime="0.99" direction="1"  volumeScale="2.8" pitchScale="0.6"/>
            <sound template="hingeImp"              startTime="0.9"  direction="1"  volumeScale="0.8" pitchScale="0.9"/>
      </animation>

        <animation name="armLeftParts">
            <part node="armLeftAlignArm01" startTime="0.0" endTime="1.0" startRot="0 0 0" endRot="0 42.5 0"/>
        </animation>

        <animation name="armRightParts">
            <part node="armRightAlignArm01" startTime="0.0" endTime="1.0" startRot="0 0 0" endRot="0 -42.5 0"/>
        </animation>
    </animations>

    <cylindered>
        <movingTools>
            <movingTool node="componentJointArmMiddle">
                <componentJoint index="1"/>
            </movingTool>
            <movingTool node="componentJointArmLeft">
                <componentJoint index="2"/>
            </movingTool>
            <movingTool node="componentJointArmRight">
                <componentJoint index="3"/>
            </movingTool>

            <!-- support -->
            <movingTool node="armSupport01">
                <dependentPart node="armSupportHydraulic" />
            </movingTool>

            <!-- axles -->
            <movingTool node="axleBackWheelRot" wheelNodes="wheelMiddleLeftBack wheelMiddleRightBack" />
            <movingTool node="axleBack" wheelNodes="wheelMiddleLeftBack wheelMiddleRightBack">
                <dependentPart node="axleBackHydraulic" />
            </movingTool>

            <!-- armLeft Wheels -->
            <movingTool node="armLeftBackArmPhys" wheelNodes="armLeftWheelBack01Phys armLeftWheelBack02Phys" />
            <movingTool node="armLeftBackArm">
                <dependentPart node="armLeftBackArmHydraulic" />
            </movingTool>

            <!-- armRight Wheels -->
            <movingTool node="armRightBackArmPhys" wheelNodes="armRightWheelBack01Phys armRightWheelBack02Phys" />
            <movingTool node="armRightBackArm">
                <dependentPart node="armRightDepthIndicatorArm01" />
                <dependentPart node="armRightBackArmHydraulic" />
            </movingTool>

            <!-- wheelArmLeft -->
            <movingTool node="armLeftWheelArmPhys" wheelNodes="armLeftWheelFront01ReprPhys armLeftWheelFront02ReprPhys"/>
            <movingTool node="armLeftWheelArm">
                <dependentPart node="armLeftWheelArmHydraulic" />
            </movingTool>
            <movingTool node="armLeftAxlesLockArm">
                <dependentPart node="armLeftAxlesLockArmHydraulic" />
                <dependentPart node="armLeftAxlesLockArmSpringBase" />
            </movingTool>

            <!-- wheelArmRight -->
            <movingTool node="armRightWheelArmPhys" wheelNodes="armRightWheelFront01ReprPhys armRightWheelFront02ReprPhys"/>
            <movingTool node="armRightWheelArm">
                <dependentPart node="armRightWheelArmHydraulic" />
            </movingTool>
            <movingTool node="armRightAxlesLockArm">
                <dependentPart node="armRightAxlesLockArmHydraulic" />
                <dependentPart node="armRightAxlesLockArmSpringBase" />
            </movingTool>

            <!-- transportLock -->
            <movingTool node="armTransportLockLeft">
                <dependentPart node="armTransportLockHydraulic" />
            </movingTool>

            <!-- groundAdjustNodeLeft -->
            <movingTool node="armLeftGroundAdjustNodeSidePlate">
                <dependentPart node="armLeftSidePlateArm01" />
            </movingTool>

            <!-- groundAdjustNodeRight -->
            <movingTool node="armRightGroundAdjustNodeSidePlate">
                <dependentPart node="armRightSidePlateArm01" />
            </movingTool>
        </movingTools>

        <movingParts>
            <!-- support -->
            <movingPart node="armSupportHydraulic" referencePoint="armSupportHydraulicRef" referenceFrame="armSupportHydraulicRef">
                <translatingPart node="armSupportHydraulicPunch" />
            </movingPart>

            <!-- axleBack -->
            <movingPart node="axleBackHydraulic" referencePoint="axleBackHydraulicRef" referenceFrame="axleBackHydraulicRef">
                <translatingPart node="axleBackHydraulicPunch" />
            </movingPart>

            <!-- armMiddle -->
            <movingPart node="armMiddle" referencePoint="armMiddleRef" referenceFrame="armMiddleRefFrame" limitedAxis="1" isActiveDirty="true" maxUpdateDistance="300">
                <dependentPart node="armLeft"/>
                <dependentPart node="armRight"/>
                <dependentPart node="armMiddleHydraulic" maxUpdateDistance="50" />
            </movingPart>
            <movingPart node="armMiddleHydraulic" referencePoint="armMiddleHydraulicRef" referenceFrame="armMiddleHydraulicRef">
                <translatingPart node="armMiddleHydraulicPunch" />
            </movingPart>

            <!-- armLeft -->
            <movingPart node="armLeft" referencePoint="armLeftRef" referenceFrame="armLeftRefFrame" limitedAxis="1">
                <dependentAnimation name="armLeftParts" rotationAxis="1" minValue="-45" maxValue="25" invert="true"/>
                <dependentPart node="armLeftHydraulic" maxUpdateDistance="50" />
                <dependentPart node="armLeftAlignArm02" maxUpdateDistance="50" />
                <dependentPart node="armLeftAlignArm03" maxUpdateDistance="50" />
                <dependentPart node="armLeftAlignArm04" maxUpdateDistance="50" />
            </movingPart>
            <movingPart node="armLeftHydraulic" referencePoint="armLeftHydraulicRef" referenceFrame="armLeftHydraulicRef">
                <translatingPart node="armLeftHydraulicPunch" />
            </movingPart>

            <movingPart node="armLeftAlignArm02" referencePoint="armLeftAlignHydraulicRef" referenceFrame="armLeftAlignArm02RefFrame" limitedAxis="2" />
            <movingPart node="armLeftAlignArm03" referencePoint="armLeftAlignArm01Ref" referenceFrame="armLeftAlignArm03RefFrame" limitedAxis="1" >
                <dependentPart node="armLeftAlignHydraulic" maxUpdateDistance="50" />
            </movingPart>
            <movingPart node="armLeftAlignArm04" referencePoint="armLeftAlignArm01Ref" referenceFrame="armLeftAlignArm04RefFrame" limitedAxis="1" />

            <movingPart node="armLeftAlignHydraulic" referencePoint="armLeftAlignHydraulicRef" referenceFrame="armLeftAlignHydraulicRefFrame" limitedAxis="1" divideTranslatingDistance="false">
                <translatingPart node="armLeftAlignHydraulicPunch01" minZTrans="-1.530" maxZTrans="0"/>
                <translatingPart node="armLeftAlignHydraulicPunch02Trans" minZTrans="-1.580"/>
                <dependentPart node="armLeftAlignHydraulicPunch02" />
            </movingPart>
            <movingPart node="armLeftAlignHydraulicPunch02" referencePoint="armLeftAlignHydraulicRef" referenceFrame="armLeftAlignHydraulicRef" />

            <movingPart node="armLeftBackArmHydraulic" referencePoint="armLeftBackArmHydraulicRef" referenceFrame="armLeftBackArmHydraulicRef">
                <translatingPart node="armLeftBackArmHydraulicPunch" />
            </movingPart>

            <!-- wheelArmLeft -->
            <movingPart node="armLeftWheelAxle01" referenceFrame="armLeftWheelFront01ReprPhys" limitedAxis="2" isActiveDirty="true" maxUpdateDistance="40"/>
            <movingPart node="armLeftWheelAxle02" referenceFrame="armLeftWheelFront02ReprPhys" limitedAxis="2" isActiveDirty="true" maxUpdateDistance="40"/>

            <movingPart node="armLeftWheelArmHydraulic" referencePoint="armLeftWheelArmHydraulicRef" referenceFrame="armLeftWheelArmHydraulicRef">
                <translatingPart node="armLeftWheelArmHydraulicPunch" />
            </movingPart>
            <movingPart node="armLeftAxlesLockArmHydraulic" referencePoint="armLeftAxlesLockArmHydraulicRef" referenceFrame="armLeftAxlesLockArmHydraulicRef">
                <translatingPart node="armLeftAxlesLockArmHydraulicPunch" />
            </movingPart>
            <movingPart node="armLeftAxlesLockArmSpringBase" referencePoint="armLeftAxlesLockArmSpringBaseRef" referenceFrame="armLeftAxlesLockArmSpringBaseRef">
                <translatingPart node="armLeftAxlesLockArmSpringPunch" />
                <dependentPart node="armLeftAxlesLockArmSpring" />
            </movingPart>
            <movingPart node="armLeftAxlesLockArmSpring" referencePoint="armLeftAxlesLockArmSpringRef" referenceFrame="armLeftAxlesLockArmSpringRef" scaleZ="true"/>

            <!-- armRight -->
            <movingPart node="armRight" referencePoint="armRightRef" referenceFrame="armRightRefFrame" limitedAxis="1">
                <dependentAnimation name="armRightParts" rotationAxis="1" minValue="-45" maxValue="25" invert="true"/>
                <dependentPart node="armRightHydraulic" maxUpdateDistance="50" />
                <dependentPart node="armRightAlignArm02" maxUpdateDistance="50" />
                <dependentPart node="armRightAlignArm03" maxUpdateDistance="50" />
                <dependentPart node="armRightAlignArm04" maxUpdateDistance="50" />
            </movingPart>
            <movingPart node="armRightHydraulic" referencePoint="armRightHydraulicRef" referenceFrame="armRightHydraulicRef">
                <translatingPart node="armRightHydraulicPunch" />
            </movingPart>

            <movingPart node="armRightAlignArm02" referencePoint="armRightAlignHydraulicRef" referenceFrame="armRightAlignArm02RefFrame" limitedAxis="2" />
            <movingPart node="armRightAlignArm03" referencePoint="armRightAlignArm01Ref" referenceFrame="armRightAlignArm03RefFrame" limitedAxis="1" >
                <dependentPart node="armRightAlignHydraulic" maxUpdateDistance="50" />
            </movingPart>
            <movingPart node="armRightAlignArm04" referencePoint="armRightAlignArm01Ref" referenceFrame="armRightAlignArm04RefFrame" limitedAxis="1" />

            <movingPart node="armRightAlignHydraulic" referencePoint="armRightAlignHydraulicRef" referenceFrame="armRightAlignHydraulicRefFrame" limitedAxis="1" divideTranslatingDistance="false">
                <translatingPart node="armRightAlignHydraulicPunch01" minZTrans="-1.530" maxZTrans="0"/>
                <translatingPart node="armRightAlignHydraulicPunch02Trans" minZTrans="-1.580"/>
                <dependentPart node="armRightAlignHydraulicPunch02" />
            </movingPart>
            <movingPart node="armRightAlignHydraulicPunch02" referencePoint="armRightAlignHydraulicRef" referenceFrame="armRightAlignHydraulicRef" />

            <movingPart node="armRightBackArmHydraulic" referencePoint="armRightBackArmHydraulicRef" referenceFrame="armRightBackArmHydraulicRef">
                <translatingPart node="armRightBackArmHydraulicPunch" />
            </movingPart>

            <movingPart node="armRightDepthIndicatorArm01" localReferencePoint="armRightDepthIndicatorArm02" referencePoint="armRightDepthIndicatorArmRef" referenceFrame="armRightDepthIndicatorArm01RefFrame" limitedAxis="1">
                <dependentPart node="armRightDepthIndicatorArm02" />
            </movingPart>
            <movingPart node="armRightDepthIndicatorArm02" referencePoint="armRightDepthIndicatorArmRef" referenceFrame="armRightDepthIndicatorArmRef"/>

            <!-- wheelArmRight -->
            <movingPart node="armRightWheelAxle01" referenceFrame="armRightWheelFront01ReprPhys" limitedAxis="2" isActiveDirty="true" maxUpdateDistance="40"/>
            <movingPart node="armRightWheelAxle02" referenceFrame="armRightWheelFront02ReprPhys" limitedAxis="2" isActiveDirty="true" maxUpdateDistance="40"/>

            <movingPart node="armRightWheelArmHydraulic" referencePoint="armRightWheelArmHydraulicRef" referenceFrame="armRightWheelArmHydraulicRef">
                <translatingPart node="armRightWheelArmHydraulicPunch" />
            </movingPart>
            <movingPart node="armRightAxlesLockArmHydraulic" referencePoint="armRightAxlesLockArmHydraulicRef" referenceFrame="armRightAxlesLockArmHydraulicRef">
                <translatingPart node="armRightAxlesLockArmHydraulicPunch" />
            </movingPart>
            <movingPart node="armRightAxlesLockArmSpringBase" referencePoint="armRightAxlesLockArmSpringBaseRef" referenceFrame="armRightAxlesLockArmSpringBaseRef">
                <translatingPart node="armRightAxlesLockArmSpringPunch" />
                <dependentPart node="armRightAxlesLockArmSpring" />
            </movingPart>
            <movingPart node="armRightAxlesLockArmSpring" referencePoint="armRightAxlesLockArmSpringRef" referenceFrame="armRightAxlesLockArmSpringRef" scaleZ="true"/>

            <!-- transportLock -->
            <movingPart node="armTransportLockHydraulic" referencePoint="armTransportLockHydraulicRef" referenceFrame="armTransportLockHydraulicRef">
                <translatingPart node="armTransportLockHydraulicPunch" />
            </movingPart>

            <!-- groundAdjustNodeLeft -->
            <movingPart node="armLeftSidePlateArm01" referencePoint="armLeftSidePlateArmRef" referenceFrame="armLeftSidePlateArm01RefFrame" limitedAxis="1">
                <dependentPart node="armLeftSidePlateArm02"/>
                <dependentPart node="armLeftSidePlate"/>
            </movingPart>
            <movingPart node="armLeftSidePlateArm02" referenceFrame="armLeftSidePlateArm01" doDirectionAlignment="false" doRotationAlignment="true" rotMultiplier="1"/>
            <movingPart node="armLeftSidePlate" referenceFrame="armLeftSidePlateArm01" doDirectionAlignment="false" doRotationAlignment="true" rotMultiplier="-1"/>

            <!-- groundAdjustNodeRight -->
            <movingPart node="armRightSidePlateArm01" referencePoint="armRightSidePlateArmRef" referenceFrame="armRightSidePlateArm02" limitedAxis="1">
                <dependentPart node="armRightSidePlateArm02"/>
                <dependentPart node="armRightSidePlate"/>
            </movingPart>
            <movingPart node="armRightSidePlateArm02" referenceFrame="armRightSidePlateArm01" doDirectionAlignment="false" doRotationAlignment="true" rotMultiplier="1"/>
            <movingPart node="armRightSidePlate" referenceFrame="armRightSidePlateArm01" doDirectionAlignment="false" doRotationAlignment="true" rotMultiplier="-1"/>
        </movingParts>
    </cylindered>

    <groundAdjustedNodes>
        <groundAdjustedNode activationTime="2">
            <adjustNode node="armLeftGroundAdjustNodeSidePlate" minY="-0.853" maxY="-0.6" moveSpeed="0.5" moveSpeedStateChange="0.3" resetIfNotActive="true" inActiveY="-0.853"/>

            <raycastNode distance="1" node="armLeftGroundAdjustNodeSidePlateRaycast" updateFrame="4"/>

            <foldable minLimit="0" maxLimit="0.06"/>
        </groundAdjustedNode>
        <groundAdjustedNode activationTime="2">
            <adjustNode node="armRightGroundAdjustNodeSidePlate" minY="-0.853" maxY="-0.6" moveSpeed="0.5" moveSpeedStateChange="0.3" resetIfNotActive="true" inActiveY="-0.853"/>

            <raycastNode distance="1" node="armRightGroundAdjustNodeSidePlateRaycast" updateFrame="4"/>

            <foldable minLimit="0" maxLimit="0.06"/>
        </groundAdjustedNode>
    </groundAdjustedNodes>

    <plow>
        <sounds>
            <work template="defaultPlowWork" volumeScale="0.8" pitchScale="0.8" linkNodeOffset="4.5 0 -4" />
            <work template="defaultPlowWork" volumeScale="0.8" pitchScale="0.9" linkNodeOffset="-4.5 0 -4" />
        </sounds>
    </plow>

    <ai>
        <needsLowering value="true"/>
        <collisionTrigger node="aiCollisionNode" width="18.8" height="2.2" length="4"/>
        <areaMarkers leftNode="aiMarkerLeft" rightNode="aiMarkerRight" backNode="aiMarkerBack"/>
        <toolReverserDirectionNode node="aiMarkerBack"/>
        <turningRadiusLimitation rotationJointNode="attacherJoint" wheelIndices="1 2 3 4"/>
        <allowTurnBackward value="false"/>
        <agentAttachment jointNode="attacherJoint" rotCenterWheelIndices="1 2 3 4" width="3.2" height="4.05" length="11.5" lengthOffset="3.5"/>
    </ai>

    <foliageBending>
        <bendingNode wheelIndices="1 2 3 4" minZ="-4" maxZ="4.4" yOffset="0.6"/>
        <bendingNode minX="-0.3" maxX="0.3" minZ="4.4" maxZ="6.4" yOffset="0.6"/>
        <bendingNode minX="-0.535" maxX="8.75" minZ="-2" maxZ="0.8" yOffset="-0.45" node="componentJointArmLeft"/>
        <bendingNode minX="-8.75" maxX="0.535" minZ="-2" maxZ="0.8" yOffset="-0.45" node="componentJointArmRight"/>
    </foliageBending>

    <wearable wearDuration="480" workMultiplier="5" fieldMultiplier="2"/>
    <washable dirtDuration="90" washDuration="1" workMultiplier="6" fieldMultiplier="2"/>

    <i3dMappings>
        <i3dMapping id="swifterDiscXEmega_main_component1" node="0>" />
        <i3dMapping id="swifterDiscXEmega_vis" node="0>0" />
        <i3dMapping id="wheelMiddleLeftFront" node="0>0|0|0" />
        <i3dMapping id="wheelMiddleRightFront" node="0>0|0|1" />
        <i3dMapping id="rearLight05_left" node="0>0|1|0|0" />
        <i3dMapping id="rearLight05_right" node="0>0|1|0|1" />
        <i3dMapping id="redTriangle_02_01" node="0>0|1|0|2" />
        <i3dMapping id="redTriangle_02_02" node="0>0|1|0|3" />
        <i3dMapping id="yellowRound_01_01" node="0>0|1|0|4" />
        <i3dMapping id="yellowRound_01_02" node="0>0|1|0|5" />
        <i3dMapping id="yellowRound_01_03" node="0>0|1|0|6" />
        <i3dMapping id="yellowRound_01_04" node="0>0|1|0|7" />
        <i3dMapping id="yellowRound_01_05" node="0>0|1|0|8" />
        <i3dMapping id="yellowRound_01_06" node="0>0|1|0|9" />
        <i3dMapping id="plateNumberLight01" node="0>0|1|0|10" />
        <i3dMapping id="sideMarker05White_01" node="0>0|1|0|11" />
        <i3dMapping id="sideMarker05White_02" node="0>0|1|0|12" />
        <i3dMapping id="sideMarker18Static_left" node="0>0|1|0|13" />
        <i3dMapping id="sideMarker18Static_right" node="0>0|1|0|14" />
        <i3dMapping id="licensePlateLightHigh" node="0>0|1|1|0" />
        <i3dMapping id="backLightsHigh" node="0>0|1|2|0" />
        <i3dMapping id="turnLightLeftBack" node="0>0|1|3|0" />
        <i3dMapping id="turnLightRightBack" node="0>0|1|3|1" />
        <i3dMapping id="attacherJoint" node="0>0|2|0" />
        <i3dMapping id="armSupport01" node="0>0|2|1" />
        <i3dMapping id="armSupport02" node="0>0|2|1|0" />
        <i3dMapping id="armSupportHydraulicRef" node="0>0|2|1|1" />
        <i3dMapping id="armSupportHydraulic" node="0>0|2|2" />
        <i3dMapping id="armSupportHydraulicPunch" node="0>0|2|2|0" />
        <i3dMapping id="electric" node="0>0|2|3|0" />
        <i3dMapping id="electric_detached" node="0>0|2|3|0|0" />
        <i3dMapping id="electric_connector" node="0>0|2|3|0|0|0" />
        <i3dMapping id="airRed" node="0>0|2|3|1" />
        <i3dMapping id="airRed_detached" node="0>0|2|3|1|0" />
        <i3dMapping id="airRed_connector" node="0>0|2|3|1|0|0" />
        <i3dMapping id="airYellow" node="0>0|2|3|2" />
        <i3dMapping id="airYellow_detached" node="0>0|2|3|2|0" />
        <i3dMapping id="airYellow_connector" node="0>0|2|3|2|0|0" />
        <i3dMapping id="hydraulicIn01" node="0>0|2|3|3" />
        <i3dMapping id="hydraulicIn01_detached" node="0>0|2|3|3|0" />
        <i3dMapping id="hydraulicIn01_connector" node="0>0|2|3|3|0|0" />
        <i3dMapping id="hydraulicOut01" node="0>0|2|3|4" />
        <i3dMapping id="hydraulicOut01_detached" node="0>0|2|3|4|0" />
        <i3dMapping id="hydraulicOut01_connector" node="0>0|2|3|4|0|0" />
        <i3dMapping id="hydraulicIn02" node="0>0|2|3|5" />
        <i3dMapping id="hydraulicIn02_detached" node="0>0|2|3|5|0" />
        <i3dMapping id="hydraulicIn02_connector" node="0>0|2|3|5|0|0" />
        <i3dMapping id="hydraulicOut02" node="0>0|2|3|6" />
        <i3dMapping id="hydraulicOut02_detached" node="0>0|2|3|6|0" />
        <i3dMapping id="hydraulicOut02_connector" node="0>0|2|3|6|0|0" />
        <i3dMapping id="hydraulicIn03" node="0>0|2|3|7" />
        <i3dMapping id="hydraulicIn03_detached" node="0>0|2|3|7|0" />
        <i3dMapping id="hydraulicIn03_connector" node="0>0|2|3|7|0|0" />
        <i3dMapping id="hydraulicOut03" node="0>0|2|3|8" />
        <i3dMapping id="hydraulicOut03_detached" node="0>0|2|3|8|0" />
        <i3dMapping id="hydraulicOut03_connector" node="0>0|2|3|8|0|0" />
        <i3dMapping id="hydraulicIn04" node="0>0|2|3|9" />
        <i3dMapping id="hydraulicIn04_detached" node="0>0|2|3|9|0" />
        <i3dMapping id="hydraulicIn04_connector" node="0>0|2|3|9|0|0" />
        <i3dMapping id="hydraulicOut04" node="0>0|2|3|10" />
        <i3dMapping id="hydraulicOut04_detached" node="0>0|2|3|10|0" />
        <i3dMapping id="hydraulicOut04_connector" node="0>0|2|3|10|0|0" />
        <i3dMapping id="armMiddleRefFrame" node="0>0|3|0" />
        <i3dMapping id="armMiddle" node="0>0|3|0|0" />
        <i3dMapping id="armLeftRefFrame" node="0>0|3|0|0|0|0" />
        <i3dMapping id="armLeft" node="0>0|3|0|0|0|0|0" />
        <i3dMapping id="armLeftDiscs" node="0>0|3|0|0|0|0|0|0|0" />
        <i3dMapping id="armLeftBackArmHydraulic" node="0>0|3|0|0|0|0|0|0|1" />
        <i3dMapping id="armLeftBackArmHydraulicPunch" node="0>0|3|0|0|0|0|0|0|1|0" />
        <i3dMapping id="armLeftBackArm" node="0>0|3|0|0|0|0|0|0|2|0" />
        <i3dMapping id="armLeftRollerLeft" node="0>0|3|0|0|0|0|0|0|2|0|0|0" />
        <i3dMapping id="armLeftRollerRight" node="0>0|3|0|0|0|0|0|0|2|0|1|0" />
        <i3dMapping id="armLeftBackArmHydraulicRef" node="0>0|3|0|0|0|0|0|0|2|0|2" />
        <i3dMapping id="armLeftAlignArm03RefFrame" node="0>0|3|0|0|0|0|0|0|3" />
        <i3dMapping id="armLeftAlignArm03" node="0>0|3|0|0|0|0|0|0|3|0" />
        <i3dMapping id="armLeftAlignArm04RefFrame" node="0>0|3|0|0|0|0|0|0|3|0|0" />
        <i3dMapping id="armLeftAlignArm04" node="0>0|3|0|0|0|0|0|0|3|0|0|0" />
        <i3dMapping id="armLeftAlignHydraulicRef" node="0>0|3|0|0|0|0|0|0|3|0|0|0|0" />
        <i3dMapping id="armLeftWheelArm" node="0>0|3|0|0|0|0|0|0|4|0" />
        <i3dMapping id="armLeftWheelAxle01" node="0>0|3|0|0|0|0|0|0|4|0|0|0" />
        <i3dMapping id="armLeftWheelAxle01Part" node="0>0|3|0|0|0|0|0|0|4|0|0|0|0" />
        <i3dMapping id="armLeftWheelAxle02" node="0>0|3|0|0|0|0|0|0|4|0|1|0" />
        <i3dMapping id="armLeftWheelAxle02Part" node="0>0|3|0|0|0|0|0|0|4|0|1|0|0" />
        <i3dMapping id="armLeftWheelArmHydraulic" node="0>0|3|0|0|0|0|0|0|4|0|2" />
        <i3dMapping id="armLeftWheelArmHydraulicPunch" node="0>0|3|0|0|0|0|0|0|4|0|2|0" />
        <i3dMapping id="armLeftAxlesLockArm" node="0>0|3|0|0|0|0|0|0|4|0|3" />
        <i3dMapping id="armLeftAxlesLockArmHydraulicRef" node="0>0|3|0|0|0|0|0|0|4|0|3|0" />
        <i3dMapping id="armLeftAxlesLockArmSpringBaseRef" node="0>0|3|0|0|0|0|0|0|4|0|3|1" />
        <i3dMapping id="armLeftAxlesLockArmHydraulic" node="0>0|3|0|0|0|0|0|0|4|0|4" />
        <i3dMapping id="armLeftAxlesLockArmHydraulicPunch" node="0>0|3|0|0|0|0|0|0|4|0|4|0" />
        <i3dMapping id="armLeftAxlesLockArmSpringBase" node="0>0|3|0|0|0|0|0|0|4|0|5" />
        <i3dMapping id="armLeftAxlesLockArmSpringPunch" node="0>0|3|0|0|0|0|0|0|4|0|5|0" />
        <i3dMapping id="armLeftAxlesLockArmSpringRef" node="0>0|3|0|0|0|0|0|0|4|0|5|0|0" />
        <i3dMapping id="armLeftAxlesLockArmSpring" node="0>0|3|0|0|0|0|0|0|4|0|5|1" />
        <i3dMapping id="armLeftSidePlateArm01RefFrame" node="0>0|3|0|0|0|0|0|0|5" />
        <i3dMapping id="armLeftSidePlateArm01" node="0>0|3|0|0|0|0|0|0|5|0" />
        <i3dMapping id="armLeftSidePlate" node="0>0|3|0|0|0|0|0|0|5|0|0" />
        <i3dMapping id="armLeftSidePlateArm02" node="0>0|3|0|0|0|0|0|0|5|1" />
        <i3dMapping id="transportLockBarFront" node="0>0|3|0|0|0|0|0|0|6|0" />
        <i3dMapping id="armLeftGroundAdjustNodeSidePlateRaycast" node="0>0|3|0|0|0|0|0|1|0" />
        <i3dMapping id="armLeftGroundAdjustNodeSidePlate" node="0>0|3|0|0|0|0|0|1|1" />
        <i3dMapping id="armLeftSidePlateArmRef" node="0>0|3|0|0|0|0|0|1|1|0" />
        <i3dMapping id="armLeftWheelArmHydraulicRef" node="0>0|3|0|0|0|0|0|2|0" />
        <i3dMapping id="armLeftHydraulicRef" node="0>0|3|0|0|0|0|0|2|1" />
        <i3dMapping id="armLeftDiscEffect01LinkNode" node="0>0|3|0|0|0|0|0|3|0" />
        <i3dMapping id="armLeftDiscEffect02LinkNode" node="0>0|3|0|0|0|0|0|3|1" />
        <i3dMapping id="armLeftDiscEffect03LinkNode" node="0>0|3|0|0|0|0|0|3|2" />
        <i3dMapping id="rollerEffectLeftLinkNode01" node="0>0|3|0|0|0|0|0|3|3" />
        <i3dMapping id="rollerEffectLeftLinkNode02" node="0>0|3|0|0|0|0|0|3|4" />
        <i3dMapping id="armLeftHydraulic" node="0>0|3|0|0|0|1" />
        <i3dMapping id="armLeftHydraulicPunch" node="0>0|3|0|0|0|1|0" />
        <i3dMapping id="armRightRefFrame" node="0>0|3|0|0|0|2" />
        <i3dMapping id="armRight" node="0>0|3|0|0|0|2|0" />
        <i3dMapping id="armRightDepthIndicatorArm01RefFrame" node="0>0|3|0|0|0|2|0|0|0" />
        <i3dMapping id="armRightDepthIndicatorArm01" node="0>0|3|0|0|0|2|0|0|0|0" />
        <i3dMapping id="armRightDepthIndicatorArm02" node="0>0|3|0|0|0|2|0|0|0|0|0" />
        <i3dMapping id="armRightDiscs" node="0>0|3|0|0|0|2|0|0|1" />
        <i3dMapping id="armRightBackArmHydraulic" node="0>0|3|0|0|0|2|0|0|2" />
        <i3dMapping id="armRightBackArmHydraulicPunch" node="0>0|3|0|0|0|2|0|0|2|0" />
        <i3dMapping id="armRightBackArm" node="0>0|3|0|0|0|2|0|0|3|0" />
        <i3dMapping id="armRightRollerLeft" node="0>0|3|0|0|0|2|0|0|3|0|0|0" />
        <i3dMapping id="armRightRollerRight" node="0>0|3|0|0|0|2|0|0|3|0|1|0" />
        <i3dMapping id="armRightBackArmHydraulicRef" node="0>0|3|0|0|0|2|0|0|3|0|2" />
        <i3dMapping id="armRightDepthIndicatorArmRef" node="0>0|3|0|0|0|2|0|0|3|0|3" />
        <i3dMapping id="armRightAlignArm03RefFrame" node="0>0|3|0|0|0|2|0|0|4" />
        <i3dMapping id="armRightAlignArm03" node="0>0|3|0|0|0|2|0|0|4|0" />
        <i3dMapping id="armRightAlignArm04RefFrame" node="0>0|3|0|0|0|2|0|0|4|0|0" />
        <i3dMapping id="armRightAlignArm04" node="0>0|3|0|0|0|2|0|0|4|0|0|0" />
        <i3dMapping id="armRightAlignHydraulicRef" node="0>0|3|0|0|0|2|0|0|4|0|0|0|0" />
        <i3dMapping id="armRightWheelArm" node="0>0|3|0|0|0|2|0|0|5|0" />
        <i3dMapping id="armRightWheelAxle01" node="0>0|3|0|0|0|2|0|0|5|0|0|0" />
        <i3dMapping id="armRightWheelAxle02" node="0>0|3|0|0|0|2|0|0|5|0|1|0" />
        <i3dMapping id="armRightWheelArmHydraulic" node="0>0|3|0|0|0|2|0|0|5|0|2" />
        <i3dMapping id="armRightWheelArmHydraulicPunch" node="0>0|3|0|0|0|2|0|0|5|0|2|0" />
        <i3dMapping id="armRightAxlesLockArm" node="0>0|3|0|0|0|2|0|0|5|0|3" />
        <i3dMapping id="armRightAxlesLockArmSpringBaseRef" node="0>0|3|0|0|0|2|0|0|5|0|3|0" />
        <i3dMapping id="armRightAxlesLockArmHydraulicRef" node="0>0|3|0|0|0|2|0|0|5|0|3|1" />
        <i3dMapping id="armRightAxlesLockArmSpringBase" node="0>0|3|0|0|0|2|0|0|5|0|4" />
        <i3dMapping id="armRightAxlesLockArmSpringPunch" node="0>0|3|0|0|0|2|0|0|5|0|4|0" />
        <i3dMapping id="armRightAxlesLockArmSpringRef" node="0>0|3|0|0|0|2|0|0|5|0|4|0|0" />
        <i3dMapping id="armRightAxlesLockArmSpring" node="0>0|3|0|0|0|2|0|0|5|0|4|1" />
        <i3dMapping id="armRightAxlesLockArmHydraulic" node="0>0|3|0|0|0|2|0|0|5|0|5" />
        <i3dMapping id="armRightAxlesLockArmHydraulicPunch" node="0>0|3|0|0|0|2|0|0|5|0|5|0" />
        <i3dMapping id="armRightSidePlateArm01RefFrame" node="0>0|3|0|0|0|2|0|0|6" />
        <i3dMapping id="armRightSidePlateArm01" node="0>0|3|0|0|0|2|0|0|6|0" />
        <i3dMapping id="armRightSidePlate" node="0>0|3|0|0|0|2|0|0|6|0|0" />
        <i3dMapping id="armRightSidePlateArm02" node="0>0|3|0|0|0|2|0|0|6|1" />
        <i3dMapping id="armRightGroundAdjustNodeSidePlateRaycast" node="0>0|3|0|0|0|2|0|1|0" />
        <i3dMapping id="armRightGroundAdjustNodeSidePlate" node="0>0|3|0|0|0|2|0|1|1" />
        <i3dMapping id="armRightSidePlateArmRef" node="0>0|3|0|0|0|2|0|1|1|0" />
        <i3dMapping id="armRightWheelArmHydraulicRef" node="0>0|3|0|0|0|2|0|2|0" />
        <i3dMapping id="armRightHydraulicRef" node="0>0|3|0|0|0|2|0|2|1" />
        <i3dMapping id="armRightDiscEffect01LinkNode" node="0>0|3|0|0|0|2|0|3|0" />
        <i3dMapping id="armRightDiscEffect02LinkNode" node="0>0|3|0|0|0|2|0|3|1" />
        <i3dMapping id="armRightDiscEffect03LinkNode" node="0>0|3|0|0|0|2|0|3|2" />
        <i3dMapping id="rollerEffectRightLinkNode01" node="0>0|3|0|0|0|2|0|3|3" />
        <i3dMapping id="rollerEffectRightLinkNode02" node="0>0|3|0|0|0|2|0|3|4" />
        <i3dMapping id="armRightHydraulic" node="0>0|3|0|0|0|3" />
        <i3dMapping id="armRightHydraulicPunch" node="0>0|3|0|0|0|3|0" />
        <i3dMapping id="armMiddleHydraulicRef" node="0>0|3|0|0|1" />
        <i3dMapping id="armMiddleHydraulic" node="0>0|3|1" />
        <i3dMapping id="armMiddleHydraulicPunch" node="0>0|3|1|0" />
        <i3dMapping id="armLeftAlignArm01" node="0>0|3|2" />
        <i3dMapping id="armLeftAlignArm02RefFrame" node="0>0|3|2|0" />
        <i3dMapping id="armLeftAlignArm02" node="0>0|3|2|0|0" />
        <i3dMapping id="armLeftAlignHydraulicRefFrame" node="0>0|3|2|0|0|0" />
        <i3dMapping id="armLeftAlignHydraulic" node="0>0|3|2|0|0|0|0" />
        <i3dMapping id="armLeftAlignHydraulicPunch01" node="0>0|3|2|0|0|0|0|0" />
        <i3dMapping id="armLeftAlignHydraulicPunch02Trans" node="0>0|3|2|0|0|0|0|0|0" />
        <i3dMapping id="armLeftAlignHydraulicPunch02" node="0>0|3|2|0|0|0|0|0|0|0" />
        <i3dMapping id="armLeftAlignArm01Ref" node="0>0|3|2|1" />
        <i3dMapping id="armRightAlignArm01" node="0>0|3|3" />
        <i3dMapping id="armRightAlignArm02RefFrame" node="0>0|3|3|0" />
        <i3dMapping id="armRightAlignArm02" node="0>0|3|3|0|0" />
        <i3dMapping id="armRightAlignHydraulicRefFrame" node="0>0|3|3|0|0|0" />
        <i3dMapping id="armRightAlignHydraulic" node="0>0|3|3|0|0|0|0" />
        <i3dMapping id="armRightAlignHydraulicPunch01" node="0>0|3|3|0|0|0|0|0" />
        <i3dMapping id="armRightAlignHydraulicPunch02Trans" node="0>0|3|3|0|0|0|0|0|0" />
        <i3dMapping id="armRightAlignHydraulicPunch02" node="0>0|3|3|0|0|0|0|0|0|0" />
        <i3dMapping id="armRightAlignArm01Ref" node="0>0|3|3|1" />
        <i3dMapping id="armTransportLockLeft" node="0>0|3|4" />
        <i3dMapping id="armTransportLockHydraulic" node="0>0|3|4|0" />
        <i3dMapping id="armTransportLockHydraulicPunch" node="0>0|3|4|0|0" />
        <i3dMapping id="armTransportLockRight" node="0>0|3|5" />
        <i3dMapping id="armTransportLockHydraulicRef" node="0>0|3|5|0" />
        <i3dMapping id="transportLockBoltLeft" node="0>0|3|6|0" />
        <i3dMapping id="transportLockBoltRight" node="0>0|3|7|0" />
        <i3dMapping id="axleBack" node="0>0|3|8" />
        <i3dMapping id="axleBackHydraulic" node="0>0|3|8|0" />
        <i3dMapping id="axleBackHydraulicPunch" node="0>0|3|8|0|0" />
        <i3dMapping id="axleBackWheelRot" node="0>0|3|8|1" />
        <i3dMapping id="wheelMiddleLeftBack" node="0>0|3|8|1|0" />
        <i3dMapping id="wheelMiddleRightBack" node="0>0|3|8|1|1" />
        <i3dMapping id="axleBackHydraulicRef" node="0>0|3|9" />
        <i3dMapping id="workAreaStart" node="0>0|4|0" />
        <i3dMapping id="workAreaWidth" node="0>0|4|1" />
        <i3dMapping id="workAreaHeight" node="0>0|4|2" />
        <i3dMapping id="smokeEmitter" node="0>0|5|0" />
        <i3dMapping id="aiMarkerLeft" node="0>0|6|0" />
        <i3dMapping id="aiMarkerRight" node="0>0|6|1" />
        <i3dMapping id="aiMarkerBack" node="0>0|6|2" />
        <i3dMapping id="aiCollisionNode" node="0>0|6|3" />
        <i3dMapping id="chockSupport_01" node="0>0|7|0|0" />
        <i3dMapping id="chockSupport_02" node="0>0|7|0|1" />
        <i3dMapping id="wheelChock02_01" node="0>0|7|0|2" />
        <i3dMapping id="wheelChock02_02" node="0>0|7|0|3" />
        <i3dMapping id="licensePlateBack" node="0>0|7|3" />
        <i3dMapping id="componentJointArmMiddle" node="0>0|8" />
        <i3dMapping id="swifterDiscXEmega_armMiddle_component2" node="1>" />
        <i3dMapping id="componentJointArmLeft" node="1>0" />
        <i3dMapping id="componentJointArmRight" node="1>1" />
        <i3dMapping id="groundReferenceNode" node="1>2" />
        <i3dMapping id="armMiddleRef" node="1>3" />
        <i3dMapping id="swifterDiscXEmega_armLeft_component3" node="2>" />
        <i3dMapping id="armLeftWheelArmPhys" node="2>0" />
        <i3dMapping id="armLeftWheelFront01ReprPhys" node="2>0|0|0" />
        <i3dMapping id="armLeftWheelFront01Phys" node="2>0|0|0|0|0" />
        <i3dMapping id="armLeftWheelFront02ReprPhys" node="2>0|1|0" />
        <i3dMapping id="armLeftWheelFront02Phys" node="2>0|1|0|0|0" />
        <i3dMapping id="armLeftBackArmPhys" node="2>1" />
        <i3dMapping id="armLeftWheelBack01Phys" node="2>1|0" />
        <i3dMapping id="armLeftWheelBack02Phys" node="2>1|1" />
        <i3dMapping id="armLeftRef" node="2>2" />
        <i3dMapping id="swifterDiscXEmega_armRight_component4" node="3>" />
        <i3dMapping id="armRightWheelArmPhys" node="3>0" />
        <i3dMapping id="armRightWheelFront01ReprPhys" node="3>0|0|0" />
        <i3dMapping id="armRightWheelFront01Phys" node="3>0|0|0|0|0" />
        <i3dMapping id="armRightWheelFront02ReprPhys" node="3>0|1|0" />
        <i3dMapping id="armRightWheelFront02Phys" node="3>0|1|0|0|0" />
        <i3dMapping id="armRightBackArmPhys" node="3>1" />
        <i3dMapping id="armRightWheelBack01Phys" node="3>1|0" />
        <i3dMapping id="armRightWheelBack02Phys" node="3>1|1" />
        <i3dMapping id="armRightRef" node="3>2" />
    </i3dMappings>
</vehicle>
