﻿<?xml version="1.0" encoding="utf-8" standalone="no" ?>
<vehicle type="cultiplow" xmlns:xsi="http://www.w3.org/2001/XMLSchema-instance" xsi:noNamespaceSchemaLocation="../../../../shared/xml/schema/vehicle.xsd">
    <annotation>Copyright (C) GIANTS Software GmbH, All Rights Reserved.</annotation>

    <storeData>
        <name>TAIFUN 900 RP58 CultiPlow</name>
        <specs>
            <neededPower>260</neededPower>
            <workingWidth>9</workingWidth>
            <combination filterCategory="weights" filterSpec="weight" filterSpecMin="1500" filterSpecMax="1600"/>
        </specs>
        <functions>
            <function>$l10n_function_plow</function>
        </functions>
        <image>$data/vehicles/einboeck/taifun900/store_taifun900.png</image>
        <price>97000</price>
        <lifetime>600</lifetime>
        <rotation>0</rotation>
        <brand>EINBOECK</brand>
        <category>plows</category>
        <shopIgnoreLastComponentPositions>true</shopIgnoreLastComponentPositions>
        <shopTranslationOffset>0 0.062 0</shopTranslationOffset>
        <shopRotationOffset>-1.1457 0 0</shopRotationOffset>
        <vertexBufferMemoryUsage>4452608</vertexBufferMemoryUsage>
        <indexBufferMemoryUsage>1820416</indexBufferMemoryUsage>
        <textureMemoryUsage>458752</textureMemoryUsage>
        <instanceVertexBufferMemoryUsage>0</instanceVertexBufferMemoryUsage>
        <instanceIndexBufferMemoryUsage>0</instanceIndexBufferMemoryUsage>
        <audioMemoryUsage>0</audioMemoryUsage>
    </storeData>
    <base>
        <typeDesc>$l10n_typeDesc_plow</typeDesc>
        <filename>$data/vehicles/einboeck/taifun900/taifun900.i3d</filename>
        <size width="3.1" length="8.1" height="3.3" lengthOffset="0.8"/>
        <speedLimit value="15"/>
        <components>
            <component centerOfMass="0 0.35 0.25" solverIterationCount="10" mass="3180"/>
            <component centerOfMass="0 -0.1 0" solverIterationCount="10" mass="500"/>
            <component centerOfMass="0 0 0" solverIterationCount="10" mass="400"/>
            <component centerOfMass="0 -0.1 -0.25" solverIterationCount="10" mass="550"/>
            <component centerOfMass="0 0 -0.25" solverIterationCount="10" mass="550"/>
            <component centerOfMass="0 -0.1 -0.25" solverIterationCount="10" mass="550"/>
            <component centerOfMass="0 0 -0.25" solverIterationCount="10" mass="550"/>

            <joint component1="1" component2="2" node="componentJointDrawbar"    rotLimit="0 0 0" transLimit="0 0 0"/>
            <joint component1="2" component2="3" node="componentJointAttacher"   rotLimit="0 50 90" transLimit="0 0 0"/>
            <joint component1="1" component2="4" node="componentJointArmLeft01"  rotLimit="0 0 0" transLimit="0 0 0"/>
            <joint component1="4" component2="5" node="componentJointArmLeft02"  rotLimit="0 0 0" transLimit="0 0 0"/>
            <joint component1="1" component2="6" node="componentJointArmRight01" rotLimit="0 0 0" transLimit="0 0 0"/>
            <joint component1="6" component2="7" node="componentJointArmRight02" rotLimit="0 0 0" transLimit="0 0 0"/>

            <collisionPair component1="1" component2="3" enabled="false"/>
            <collisionPair component1="1" component2="5" enabled="false"/>
            <collisionPair component1="1" component2="7" enabled="false"/>
            <collisionPair component1="4" component2="6" enabled="false"/>
            <collisionPair component1="4" component2="7" enabled="false"/>
            <collisionPair component1="5" component2="6" enabled="false"/>
            <collisionPair component1="5" component2="7" enabled="false"/>
        </components>
        <schemaOverlay attacherJointPosition="0 0" name="IMPLEMENT"/>
        <mapHotspot type="TOOL_TRAILED"/>
    </base>

    <wheels>
        <wheelConfigurations>
            <wheelConfiguration name="$l10n_configuration_valueDefault" price="0" brand="TRELLEBORG" saveId="TRELLEBORG_DEFAULT">
                <wheels>
                    <wheel filename="$data/shared/wheels/tires/trelleborg/T404/560_45R22_5.xml" isLeft="true" hasTireTracks="true" hasParticles="true">
                        <physics restLoad="1.9" repr="wheelBackLeft"  forcePointRatio="0.25" initialCompression="25" suspTravel="0.11" spring="68" damper="120" maxLatStiffness="90" yOffset="0.015" supportsWheelSink="false"/>
                        <wheelChock parkingNode="wheelChock02_01" filename="$data/shared/assets/wheelChocks/wheelChock02.i3d"/>
                        <wheelChock parkingNode="wheelChock02_02" isInverted="true" filename="$data/shared/assets/wheelChocks/wheelChock02.i3d"/>
                    </wheel>
                    <wheel filename="$data/shared/wheels/tires/trelleborg/T404/560_45R22_5.xml" isLeft="false" hasTireTracks="true" hasParticles="true">
                        <physics restLoad="1.9" repr="wheelBackRight" forcePointRatio="0.25" initialCompression="25" suspTravel="0.11" spring="68" damper="120" maxLatStiffness="90" yOffset="0.015" supportsWheelSink="false"/>
                    </wheel>
                    <wheel filename="$data/shared/wheels/tires/trelleborg/AW305/340_55R16.xml" isLeft="true" hasTireTracks="true" hasParticles="true">
                        <physics restLoad="0.2" repr="armMiddleWheel01Repr"  driveNode="armMiddleWheel01"  forcePointRatio="0.65" initialCompression="40" suspTravel="0.3" spring="15" damper="30" maxLatStiffness="60" brakeFactor="0.1" yOffset="0.02" supportsWheelSink="false" transRatio="1"/>
                    </wheel>
                    <wheel filename="$data/shared/wheels/tires/trelleborg/AW305/340_55R16.xml" isLeft="false" hasTireTracks="true" hasParticles="true">
                        <physics restLoad="0.2" repr="armMiddleWheel02Repr"  driveNode="armMiddleWheel02"  forcePointRatio="0.65" initialCompression="40" suspTravel="0.3" spring="15" damper="30" maxLatStiffness="60" brakeFactor="0.1" yOffset="0.02" supportsWheelSink="false" transRatio="1"/>
                    </wheel>
                    <wheel filename="$data/shared/wheels/tires/trelleborg/AW305/340_55R16.xml" isLeft="true" hasTireTracks="true" hasParticles="true">
                        <physics restLoad="0.2" repr="armLeft01Wheel01Repr"  driveNode="armLeft01Wheel01"  forcePointRatio="0.65" initialCompression="40" suspTravel="0.3" spring="15" damper="30" maxLatStiffness="60" brakeFactor="0.1" yOffset="0.02" supportsWheelSink="false" transRatio="1"/>
                    </wheel>
                    <wheel filename="$data/shared/wheels/tires/trelleborg/AW305/340_55R16.xml" isLeft="false" hasTireTracks="true" hasParticles="true">
                        <physics restLoad="0.2" repr="armRight01Wheel01Repr" driveNode="armRight01Wheel01" forcePointRatio="0.65" initialCompression="40" suspTravel="0.3" spring="15" damper="30" maxLatStiffness="60" brakeFactor="0.1" yOffset="0.02" supportsWheelSink="false" transRatio="1"/>
                    </wheel>
                    <wheel>
                        <physics restLoad="0.5" repr="armMiddleWheel03" radius="0.28" width="1.43" forcePointRatio="0.35" initialCompression="25" suspTravel="0.15" spring="30" damper="10" brakeFactor="0" frictionScale="2" rotationDamping="0.004" supportsWheelSink="false"/>
                    </wheel>
                    <wheel>
                        <physics restLoad="0.5" repr="armMiddleWheel04" radius="0.28" width="1.43" forcePointRatio="0.35" initialCompression="25" suspTravel="0.15" spring="30" damper="10" brakeFactor="0" frictionScale="2" rotationDamping="0.004" supportsWheelSink="false"/>
                    </wheel>
                    <wheel>
                        <physics restLoad="0.5" repr="armLeft01Wheel02Repr" driveNode="armLeft01Wheel02" radius="0.28" width="1.05" forcePointRatio="0.35" initialCompression="25" suspTravel="0.15" spring="30" damper="10" brakeFactor="0" frictionScale="2" rotationDamping="0.004" supportsWheelSink="false" transRatio="1"/>
                    </wheel>
                    <wheel>
                        <physics restLoad="0.5" repr="armLeft01Wheel03" radius="0.28" width="1.05" forcePointRatio="0.35" initialCompression="25" suspTravel="0.15" spring="30" damper="10" brakeFactor="0" frictionScale="2" rotationDamping="0.004" supportsWheelSink="false"/>
                    </wheel>
                    <wheel>
                        <physics restLoad="0.1" repr="armLeft02Wheel01" radius="0.28" width="1.0"  forcePointRatio="0.35" initialCompression="25" suspTravel="0.15" spring="30" damper="10" brakeFactor="0" frictionScale="2" rotationDamping="0.004" supportsWheelSink="false"/>
                    </wheel>
                    <wheel>
                        <physics restLoad="0.4" repr="armLeft02Wheel02Repr"  driveNode="armLeft02Wheel02"  radius="0.28" width="0.92" forcePointRatio="0.35" initialCompression="25" suspTravel="0.15" spring="30" damper="10" brakeFactor="0" frictionScale="2" rotationDamping="0.004" supportsWheelSink="false" transRatio="1"/>
                    </wheel>
                    <wheel>
                        <physics restLoad="0.5" repr="armRight01Wheel02Repr" driveNode="armRight01Wheel02" radius="0.28" width="1.05" forcePointRatio="0.35" initialCompression="25" suspTravel="0.15" spring="30" damper="10" brakeFactor="0" frictionScale="2" rotationDamping="0.004" supportsWheelSink="false" transRatio="1"/>
                    </wheel>
                    <wheel>
                        <physics restLoad="0.4" repr="armRight01Wheel03" radius="0.28" width="1.05" forcePointRatio="0.35" initialCompression="25" suspTravel="0.15" spring="30" damper="10" brakeFactor="0" frictionScale="2" rotationDamping="0.004" supportsWheelSink="false"/>
                    </wheel>
                    <wheel>
                        <physics restLoad="0.1" repr="armRight02Wheel01" radius="0.28" width="1.0"  forcePointRatio="0.35" initialCompression="25" suspTravel="0.15" spring="30" damper="10" brakeFactor="0" frictionScale="2" rotationDamping="0.004" supportsWheelSink="false"/>
                    </wheel>
                    <wheel>
                        <physics restLoad="0.4" repr="armRight02Wheel02Repr" driveNode="armRight02Wheel02" radius="0.28" width="0.92" forcePointRatio="0.35" initialCompression="25" suspTravel="0.15" spring="30" damper="10" brakeFactor="0" frictionScale="2" rotationDamping="0.004" supportsWheelSink="false" transRatio="1"/>
                    </wheel>
                </wheels>
            </wheelConfiguration>
        </wheelConfigurations>

        <hubMaterial materialTemplateName="EINBOECK_RED1"/>

        <hubs>
            <hub linkNode="wheelBackLeft"  filename="$data/shared/wheels/hubs/hub_n10_5.xml" isLeft="true"  scale="0.285 0.285 0.285" offset="0.007"/>
            <hub linkNode="wheelBackRight" filename="$data/shared/wheels/hubs/hub_n10_5.xml" isLeft="false" scale="0.285 0.285 0.285" offset="0.007"/>
            <hub linkNode="armMiddleWheel01Repr"  filename="$data/shared/wheels/hubs/hub_n10_5.xml" isLeft="true"  scale="0.25 0.25 0.25"/>
            <hub linkNode="armMiddleWheel02Repr"  filename="$data/shared/wheels/hubs/hub_n10_5.xml" isLeft="false" scale="0.25 0.25 0.25"/>
            <hub linkNode="armLeft01Wheel01Repr"  filename="$data/shared/wheels/hubs/hub_n6_1.xml"  isLeft="true"  scale="0.15 0.203 0.203"/>
            <hub linkNode="armRight01Wheel01Repr" filename="$data/shared/wheels/hubs/hub_n6_1.xml"  isLeft="false" scale="0.15 0.203 0.203"/>
        </hubs>
    </wheels>

    <speedRotatingParts>
        <speedRotatingPart node="armLeft01BackRoller" wheelNodes="armLeft01Wheel02 armLeft01Wheel03" groundReferenceNodeIndex="1"/>
        <speedRotatingPart node="armLeft02BackRoller" wheelNodes="armLeft02Wheel02Repr" groundReferenceNodeIndex="1"/>
        <speedRotatingPart node="armMiddleBackRoller" wheelNodes="armMiddleWheel03 armMiddleWheel04" groundReferenceNodeIndex="1"/>
        <speedRotatingPart node="armRight01BackRoller" wheelNodes="armRight01Wheel02 armRight01Wheel03" groundReferenceNodeIndex="1"/>
        <speedRotatingPart node="armRight02BackRoller" wheelNodes="armRight02Wheel02" groundReferenceNodeIndex="1"/>
    </speedRotatingParts>

    <attachable allowFoldingWhileLowered="false">
        <inputAttacherJoints>
            <inputAttacherJoint  node="attacherJoint" rootNode="taifun900_attacher_component3" jointType="implement" lowerRotLimitScale="0 0 0.4" upperRotLimitScale="0 0 0" lowerTransLimitScale="0 0 0" allowsLowering="true">
                <distanceToGround lower="0.7" upper="0.7"/>
                <bottomArm categories="3" ballType="1"/>
            </inputAttacherJoint>
        </inputAttacherJoints>
        <brakeForce force="1.2"/>
        <support animationName="moveSupport" delayedOnLoad="true"/>
        <support animationName="lockDrawbarLimit" delayedOnAttach="false" detachAfterAnimation="false"/>
        <sounds>
            <active file="$data/sounds/tools/cultivator/generalRattle_01.wav" innerRadius="10" outerRadius="50" volumeScale="3.3" isLocalSound="true" pitchScale="0.75">
                <volume indoor="0.7" outdoor="0.9" >
                    <modifier type="WHEEL_SUSPENSION" value="-0.2" modifiedValue="0.6"/>
                    <modifier type="WHEEL_SUSPENSION" value="-0.10" modifiedValue="0.4"/>
                    <modifier type="WHEEL_SUSPENSION" value="-0.07" modifiedValue="0.10"/>
                    <modifier type="WHEEL_SUSPENSION" value="-0.06" modifiedValue="0.00"/>
                    <modifier type="WHEEL_SUSPENSION" value="-0.00" modifiedValue="0.0"/>
                    <modifier type="WHEEL_SUSPENSION" value="0.06" modifiedValue="0.00"/>
                    <modifier type="WHEEL_SUSPENSION" value="0.07" modifiedValue="0.10"/>
                    <modifier type="WHEEL_SUSPENSION" value="0.10" modifiedValue="0.4"/>
                    <modifier type="WHEEL_SUSPENSION" value="0.2" modifiedValue="0.6"/>

                    <modifier type="SPEED" value="0.0" modifiedValue="0.0"/>
                    <modifier type="SPEED" value="2.0" modifiedValue="1.0"/>
                    <modifier type="SPEED" value="40.0" modifiedValue="1.0"/>
                </volume>
                <lowpassCutoffFrequency indoor="250" outdoor="20000" />
                <lowpassGain indoor="0.5" outdoor="1" />
            </active>
        </sounds>
    </attachable>

    <connectionHoses>
        <hose inputAttacherJointIndices="1" type="hydraulicIn"  node="hydraulicIn01" adapterNode="hydraulicIn01_connector"  length="1.4" diameter="0.015" straighteningFactor="0.3">
           <objectChange node="hydraulicIn01_detached" visibilityActive="false" visibilityInactive="true"/>
        </hose>
        <hose inputAttacherJointIndices="1" type="hydraulicOut" node="hydraulicOut01" adapterNode="hydraulicOut01_connector" length="1.4" diameter="0.015" straighteningFactor="0.3">
           <objectChange node="hydraulicOut01_detached" visibilityActive="false" visibilityInactive="true"/>
        </hose>
        <hose inputAttacherJointIndices="1" type="hydraulicIn"  node="hydraulicIn02" adapterNode="hydraulicIn02_connector"  length="1.4" diameter="0.015" straighteningFactor="0.3">
           <objectChange node="hydraulicIn02_detached" visibilityActive="false" visibilityInactive="true"/>
        </hose>
        <hose inputAttacherJointIndices="1" type="hydraulicOut" node="hydraulicOut02" adapterNode="hydraulicOut02_connector" length="1.4" diameter="0.015" straighteningFactor="0.3">
           <objectChange node="hydraulicOut02_detached" visibilityActive="false" visibilityInactive="true"/>
        </hose>
        <hose inputAttacherJointIndices="1" type="hydraulicIn"  node="hydraulicIn03" adapterNode="hydraulicIn03_connector" length="1.4" diameter="0.015" straighteningFactor="0.3">
           <objectChange node="hydraulicIn03_detached" visibilityActive="false" visibilityInactive="true"/>
        </hose>
        <hose inputAttacherJointIndices="1" type="hydraulicOut" node="hydraulicOut03" adapterNode="hydraulicOut03_connector" length="1.4" diameter="0.015" straighteningFactor="0.3">
           <objectChange node="hydraulicOut03_detached" visibilityActive="false" visibilityInactive="true"/>
        </hose>
        <hose inputAttacherJointIndices="1" type="electric" node="electric" adapterNode="electric_connector" length="1.2" diameter="0.013" straighteningFactor="0.3">
           <objectChange node="electric_detached" visibilityActive="false" visibilityInactive="true"/>
        </hose>
        <hose inputAttacherJointIndices="1" type="airDoubleRed" node="airRed" adapterNode="airRed_connector" length="1.6" diameter="0.015" straighteningFactor="0.3">
            <objectChange node="airRed_detached" visibilityActive="false" visibilityInactive="true" />
        </hose>
        <hose inputAttacherJointIndices="1" type="airDoubleYellow" node="airYellow" adapterNode="airYellow_connector" length="1.6" diameter="0.015" straighteningFactor="0.3">
            <objectChange node="airYellow_detached" visibilityActive="false" visibilityInactive="true" />
        </hose>

        <sounds>
            <connect    type="airDoubleRed" template="hydraulicHosesAttach" volumeScale="0.7" linkNode="attacherJoint"/>
            <connect    type="electric"     template="generalConnection"    volumeScale="0.7" linkNode="attacherJoint"/>
            <disconnect type="airDoubleRed" template="hydraulicHosesDetach" volumeScale="0.7" linkNode="attacherJoint"/>
            <disconnect type="electric"     template="generalConnection"    volumeScale="0.7" linkNode="attacherJoint"/>
        </sounds>
    </connectionHoses>

    <dynamicallyLoadedParts>
        <dynamicallyLoadedPart node="0" linkNode="chockSupport01" filename="$data/shared/assets/wheelChocks/wheelChockSupport01.i3d" />
        <dynamicallyLoadedPart node="0" linkNode="chockSupport02" filename="$data/shared/assets/wheelChocks/wheelChockSupport01.i3d" />
    </dynamicallyLoadedParts>

    <powerConsumer forceNode="taifun900_main_component1" maxForce="24"/>

    <lights>
        <sharedLight linkNode="sideMarker05White_01" filename="$data/shared/assets/lights/lizard/sideMarker05White.xml" />
        <sharedLight linkNode="sideMarker05White_02" filename="$data/shared/assets/lights/lizard/sideMarker05White.xml" />
        <sharedLight linkNode="rearLight05_left"     filename="$data/shared/assets/lights/lizard/rearLight05_left.xml" />
        <sharedLight linkNode="rearLight05_right"    filename="$data/shared/assets/lights/lizard/rearLight05_right.xml" />

        <realLights>
            <high>
                <light          node="backLightsHigh" lightTypes="0"/>
                <brakeLight     node="backLightsHigh" />
                <turnLightLeft  node="turnLightLeftBack" />
                <turnLightRight node="turnLightRightBack" />
            </high>
        </realLights>
    </lights>

    <licensePlates>
        <licensePlate node="licensePlateBack" position="BACK" preferedType="SQUARISH" placementArea="0.3 0.3 0.14 0.13">
            <objectChange node="licensePlateHolder" visibilityActive="true" visibilityInactive="false"/>
        </licensePlate>
    </licensePlates>

    <groundReferenceNodes>
        <groundReferenceNode node="groundReferenceNode" forceFactor="1" threshold="0.25" chargeValue="1"/>
    </groundReferenceNodes>

    <workAreas>
        <workArea type="plow" functionName="processPlowArea">
            <area startNode="workAreaStart" widthNode="workAreaWidth" heightNode="workAreaHeight"/>
            <groundReferenceNode index="1"/>
            <onlyActiveWhenLowered value="true"/>
        </workArea>
    </workAreas>

    <workParticles>
        <effect workAreaIndex="1">
            <effectNode effectClass="CultivatorMotionPathEffect" effectType="CULTIVATOR" linkNode="tineEffectLeft01LinkNode">
                <motionPathEffect textureFilename="$data/vehicles/einboeck/taifun900/tineEffectLeft01Array.dds" numRows="50" rowLength="18" minFade="0.07" density="1" shapeScale="1" maxShapeScale="1"/>
            </effectNode>
            <effectNode effectClass="CultivatorMotionPathEffect" effectType="CULTIVATOR" linkNode="tineEffectLeft02LinkNode">
                <motionPathEffect textureFilename="$data/vehicles/einboeck/taifun900/tineEffectLeft02Array.dds" numRows="30" rowLength="18" minFade="0.07" density="1" shapeScale="1" maxShapeScale="1"/>
            </effectNode>
            <effectNode effectClass="CultivatorMotionPathEffect" effectType="CULTIVATOR" linkNode="tineEffectMiddleLinkNode">
                <motionPathEffect textureFilename="$data/vehicles/einboeck/taifun900/tineEffectMiddleArray.dds" numRows="60" rowLength="18" minFade="0.07" density="1" shapeScale="1" maxShapeScale="1"/>
            </effectNode>
            <effectNode effectClass="CultivatorMotionPathEffect" effectType="CULTIVATOR" linkNode="tineEffectRight01LinkNode">
                <motionPathEffect textureFilename="$data/vehicles/einboeck/taifun900/tineEffectRight01Array.dds" numRows="50" rowLength="18" minFade="0.07" density="1" shapeScale="1" maxShapeScale="1"/>
            </effectNode>
            <effectNode effectClass="CultivatorMotionPathEffect" effectType="CULTIVATOR" linkNode="tineEffectRight02LinkNode">
                <motionPathEffect textureFilename="$data/vehicles/einboeck/taifun900/tineEffectRight02Array.dds" numRows="30" rowLength="18" minFade="0.07" density="1" shapeScale="1" maxShapeScale="1"/>
            </effectNode>

            <effectNode effectClass="CultivatorMotionPathEffect" effectType="CULTIVATOR" linkNode="rollerEffectLeft01LinkNode">
                <motionPathEffect textureFilename="$data/vehicles/einboeck/taifun900/rollerEffectLeft01Array.dds" numRows="20" rowLength="18" minFade="0.07" density="0.6" densityScale="0.6"/>
            </effectNode>
            <effectNode effectClass="CultivatorMotionPathEffect" effectType="CULTIVATOR" linkNode="rollerEffectLeft02LinkNode">
                <motionPathEffect textureFilename="$data/vehicles/einboeck/taifun900/rollerEffectLeft02Array.dds" numRows="10" rowLength="18" minFade="0.07" density="0.6" densityScale="0.6"/>
            </effectNode>
            <effectNode effectClass="CultivatorMotionPathEffect" effectType="CULTIVATOR" linkNode="rollerEffectMiddleLinkNode">
                <motionPathEffect textureFilename="$data/vehicles/einboeck/taifun900/rollerEffectMiddleArray.dds" numRows="30" rowLength="18" minFade="0.07" density="0.6" densityScale="0.6"/>
            </effectNode>
            <effectNode effectClass="CultivatorMotionPathEffect" effectType="CULTIVATOR" linkNode="rollerEffectRight01LinkNode">
                <motionPathEffect textureFilename="$data/vehicles/einboeck/taifun900/rollerEffectRight01Array.dds" numRows="20" rowLength="18" minFade="0.07" density="0.6" densityScale="0.6"/>
            </effectNode>
            <effectNode effectClass="CultivatorMotionPathEffect" effectType="CULTIVATOR" linkNode="rollerEffectRight02LinkNode">
                <motionPathEffect textureFilename="$data/vehicles/einboeck/taifun900/rollerEffectRight02Array.dds" numRows="10" rowLength="18" minFade="0.07" density="0.6" densityScale="0.6"/>
            </effectNode>
        </effect>

        <particle>
            <node node="soilChunkEmitter01" refNodeIndex="1" particleType="SOIL_CHUNKS" worldSpace="false" emitCountScale="0.5"/>
            <node node="soilChunkEmitter02" refNodeIndex="1" particleType="SOIL_CHUNKS" worldSpace="false" emitCountScale="0.5"/>
        </particle>
    </workParticles>

    <foldable>
        <foldingConfigurations>
            <foldingConfiguration>
                <foldingParts startMoveDirection="1" foldMiddleAnimTime="0.1">
                    <foldingPart animationName="folding" speedScale="0.7" />
                </foldingParts>
              </foldingConfiguration>
        </foldingConfigurations>
    </foldable>

    <animations>
        <animation name="lockDrawbarLimit">
            <part componentJointIndex="2" startTime="0.0" endTime="0.1" startRotLimit="0 50 90" endRotLimit="0 0 0" />
        </animation>

        <animation name="moveSupport">
            <!-- folded -->
            <part node="componentJointDrawbar" startTime="0.0" endTime="1.0" startRot="3 0 0" endRot="-5 0 0"  requiredAnimation="folding" requiredAnimationRange="1 1"/>
            <part node="transportFrame"        startTime="0.0" endTime="1.0" startRot="-30 0 0" endRot="-15 0 0" requiredAnimation="folding" requiredAnimationRange="1 1"/>
            <part node="supportCol"            startTime="0.0" endTime="1.0" startTrans="0 0 0" endTrans="0 -0.68 0" requiredAnimation="folding" requiredAnimationRange="1 1"/>
            <part node="supportArm"            startTime="0.0" endTime="1.0" startRot="0 0 0" endRot="80.8 0 0" requiredAnimation="folding" requiredAnimationRange="1 1"/>

            <!-- lifted -->
            <part node="componentJointDrawbar" startTime="0.0" endTime="1.0" startRot="3 0 0" endRot="-5 0 0"  requiredAnimation="folding" requiredAnimationRange="0.1 0.99"/>
            <part node="transportFrame"        startTime="0.0" endTime="1.0" startRot="-30 0 0" endRot="-15 0 0" requiredAnimation="folding" requiredAnimationRange="0.1 0.99"/>
            <part node="supportCol"            startTime="0.0" endTime="1.0" startTrans="0 0 0" endTrans="0 -0.68 0" requiredAnimation="folding" requiredAnimationRange="0.1 0.99"/>
            <part node="supportArm"            startTime="0.0" endTime="1.0" startRot="0 0 0" endRot="80.8 0 0" requiredAnimation="folding" requiredAnimationRange="0.1 0.99"/>

            <!-- lowered -->
            <part componentJointIndex="1"      startTime="0.0" endTime="1.0" startRotLimit="8 0 0" endRotLimit="0 0 0" requiredAnimation="folding" requiredAnimationRange="0 0.1"/>
            <part componentJointIndex="3"      startTime="0.0" endTime="1.0" startRotMinLimit="0 0 0" startRotMaxLimit="0 0 5" endRotLimit="0 0 0" requiredAnimation="folding" requiredAnimationRange="0 0.1"/>
            <part componentJointIndex="4"      startTime="0.0" endTime="1.0" startRotMinLimit="0 0 0" startRotMaxLimit="0 0 5" endRotLimit="0 0 0" requiredAnimation="folding" requiredAnimationRange="0 0.1"/>
            <part componentJointIndex="5"      startTime="0.0" endTime="1.0" startRotMinLimit="0 0 -5" startRotMaxLimit="0 0 0" endRotLimit="0 0 0" requiredAnimation="folding" requiredAnimationRange="0 0.1"/>
            <part componentJointIndex="6"      startTime="0.0" endTime="1.0" startRotMinLimit="0 0 -5" startRotMaxLimit="0 0 0" endRotLimit="0 0 0" requiredAnimation="folding" requiredAnimationRange="0 0.1"/>
            <part node="componentJointDrawbar" startTime="0.0" endTime="1.0" startRot="-10 0 0" endRot="-5 0 0"  requiredAnimation="folding" requiredAnimationRange="0.0 0.1"/>
            <part node="transportFrame"        startTime="0.0" endTime="1.0" startRot="0 0 0" endRot="-15 0 0" requiredAnimation="folding" requiredAnimationRange="0.0 0.1"/>
            <part node="supportCol"            startTime="0.0" endTime="1.0" startTrans="0 0 0" endTrans="0 -0.68 0" requiredAnimation="folding" requiredAnimationRange="0.0 0.1"/>
            <part node="supportArm"            startTime="0.0" endTime="1.0" startRot="0 0 0" endRot="80.8 0 0" requiredAnimation="folding" requiredAnimationRange="0.0 0.1"/>

            <sound template="hydraulicClose01" startTime="0.01" endTime="0.99" volumeScale="3" pitchScale="0.7" fadeIn="0.1" fadeOut="0.1"/>
        </animation>

        <animation name="folding" resetOnStart="false">
            <!-- lowering -->
            <part componentJointIndex="1"      startTime="0.0" endTime="0.3" startRotLimit="8 0 0" endRotLimit="0 0 0"/>
            <part componentJointIndex="3"      startTime="0.0" endTime="1.0" startRotMinLimit="0 0 0" startRotMaxLimit="0 0 5" endRotLimit="0 0 0"/>
            <part componentJointIndex="4"      startTime="0.0" endTime="1.0" startRotMinLimit="0 0 0" startRotMaxLimit="0 0 5" endRotLimit="0 0 0"/>
            <part componentJointIndex="5"      startTime="0.0" endTime="1.0" startRotMinLimit="0 0 -5" startRotMaxLimit="0 0 0" endRotLimit="0 0 0"/>
            <part componentJointIndex="6"      startTime="0.0" endTime="1.0" startRotMinLimit="0 0 -5" startRotMaxLimit="0 0 0" endRotLimit="0 0 0"/>
            <part node="componentJointDrawbar" startTime="0.3" endTime="1.0" startRot="-10 0 0" endRot="3 0 0" />
            <part node="transportFrame"        startTime="0.1" endTime="1.0" startRot="0 0 0" endRot="-30 0 0"/>

            <!-- folding -->
            <part node="armLeft01LevelingArm"  startTime="1.0" endTime="2.0" startRot="10 0 0" endRot="40 0 0" />
            <part node="armLeft02LevelingArm"  startTime="1.0" endTime="2.0" startRot="10 0 0" endRot="40 0 0" />
            <part node="armMiddleLevelingArm"  startTime="1.0" endTime="2.0" startRot="10 0 0" endRot="40 0 0" />
            <part node="armRight01LevelingArm" startTime="1.0" endTime="2.0" startRot="10 0 0" endRot="40 0 0" />
            <part node="armRight02LevelingArm" startTime="1.0" endTime="2.0" startRot="10 0 0" endRot="40 0 0" />

            <part node="componentJointArmLeft02"  startTime="1.0" endTime="6.0" startRot="0 0 0" endRot="0 0 179" />
            <part node="armLeft02HydraulicPunch"  startTime="1.0" endTime="6.0" startTrans="0 0 0" endTrans="0 0 0.32" />
            <part node="componentJointArmRight02" startTime="1.0" endTime="6.0" startRot="0 0 0" endRot="0 0 -179" />
            <part node="armRight02HydraulicPunch" startTime="1.0" endTime="6.0" startTrans="0 0 0" endTrans="0 0 0.32"/>
            <part node="armLeft02RefFrame"        startTime="3.0" endTime="5.0" startRot="0 0 0" endRot="-135 0 0" />
            <part node="armRight02RefFrame"       startTime="3.0" endTime="5.0" startRot="0 0 0" endRot="-135 0 0" />
            <part node="componentJointArmLeft01"  startTime="6.0" endTime="10.0" startRot="0 0 0" endRot="0 0 90" />
            <part node="componentJointArmRight01" startTime="6.0" endTime="10.0" startRot="0 0 0" endRot="0 0 -90" />
            <part componentIndex="4"              startTime="6.0" endTime="10.0" startCenterOfMass="0 -0.1 -0.5" endCenterOfMass="-1.5 -0.1 -0.5"/>
            <part componentIndex="5"              startTime="6.0" endTime="10.0" startCenterOfMass="0 0 -0.5" endCenterOfMass="2.2 0 -0.5"/>
            <part componentIndex="6"              startTime="6.0" endTime="10.0" startCenterOfMass="0 -0.1 -0.5" endCenterOfMass="1.5 -0.1 -0.5"/>
            <part componentIndex="7"              startTime="6.0" endTime="10.0" startCenterOfMass="0 0 -0.5" endCenterOfMass="-2.2 0 -0.5"/>

            <sound template="hydraulicOpen02"       startTime="6"    endTime="9.99"    volumeScale="2"   direction="-1"    startPitchScale="0.7" endPitchScale="0.8" fadeIn="0.1" fadeOut="0.1" />
            <sound template="hydraulicOpen06"       startTime="6"    endTime="9.99"    volumeScale="1"   direction="-1"    startPitchScale="0.4" endPitchScale="0.5" fadeIn="0.1" fadeOut="0.1" />
            <sound template="hydraulicClose01"      startTime="6"    endTime="9.99"    volumeScale="3.5" direction="1"     pitchScale="0.6"      fadeIn="0.1" fadeOut="0.1" />
            <sound template="hydraulicClose03"      startTime="2.01" endTime="6"       volumeScale="2.3" pitchScale="1.5"  fadeIn="0.1"          fadeOut="0.1" />
            <sound template="hydraulicOpen06"       startTime="0.01" endTime="1"       direction="-1"    volumeScale="0.8" pitchScale="0.6"      fadeIn="0.1" fadeOut="0.1" />
            <sound template="hydraulicOpen05"       startTime="0.01" endTime="1"       direction="-1"    volumeScale="0.8" pitchScale="1.6"      fadeIn="0.1" fadeOut="0.1" />
            <sound template="hydraulicClose02"      startTime="0.01" endTime="1"       direction="1"     volumeScale="2.8" pitchScale="1.2"      fadeIn="0.1" fadeOut="0.1" />
            <sound template="hydraulicClose01"      startTime="0.01" endTime="1"       direction="1"     volumeScale="2.0" pitchScale="0.8"      fadeIn="0.1" fadeOut="0.1" />
            <sound template="foldStartMed02"        startTime="6"    direction="0"     volumeScale="4"   pitchScale="0.7" />
            <sound template="vibratingImp"          startTime="6"    direction="0"     volumeScale="1.3" pitchScale="1.2" />
            <sound template="foldStartMed02"        startTime="9.99" volumeScale="4"   pitchScale="0.7"  direction="1"/>
            <sound template="vibratingImp"          startTime="9.99" volumeScale="1"   pitchScale="1.0"  direction="1"/>
            <sound template="trailerCloseImpact_01" startTime="9.99" volumeScale="1"   pitchScale="0.7"  direction="1"/>
            <sound template="trailerCloseImpact_01" startTime="2.0"  volumeScale="0.8" pitchScale="1.2"  direction="-1"/>
            <sound template="sheetImp02"            startTime="2.0"  volumeScale="2.4" pitchScale="1.6"  direction="-1"/>
            <sound template="vibratingImp"          startTime="2.0"  volumeScale="1.4" pitchScale="1.3"  direction="-1"/>
            <sound template="vibratingImp"          startTime="0.5"  volumeScale="1.4" pitchScale="0.8"  direction="-1"/>
            <sound template="foldStartMed02"        startTime="0.5"  volumeScale="4.4" pitchScale="0.7"  direction="-1"/>
            <sound template="clackVar4"             startTime="0.5"  volumeScale="2.4" pitchScale="0.6"  direction="-1"/>
            <sound template="foldStartMed02"        startTime="0.9"  volumeScale="4.4" pitchScale="0.7"  direction="1"/>
            <sound template="vibratingImp"          startTime="0.9"  volumeScale="0.7" pitchScale="0.8"  direction="1"/>
        </animation>
    </animations>

    <cylindered>
        <movingTools>
            <movingTool node="componentJointDrawbar">
                <componentJoint index="1"/>
            </movingTool>
            <movingTool node="componentJointArmLeft01">
                <componentJoint index="3"/>
            </movingTool>
            <movingTool node="componentJointArmLeft02">
                <componentJoint index="4"/>
            </movingTool>
            <movingTool node="componentJointArmRight01">
                <componentJoint index="5"/>
            </movingTool>
            <movingTool node="componentJointArmRight02">
                <componentJoint index="6"/>
            </movingTool>
            <movingTool node="transportFrame" wheelNodes="wheelBackLeft wheelBackRight">
                <dependentPart node="transportFrameHydraulic" />
            </movingTool>

            <movingTool node="armLeft01LevelingArm">
                <dependentPart node="armLeft01LevelingArmHydraulic" />
            </movingTool>
            <movingTool node="armLeft02LevelingArm">
                <dependentPart node="armLeft02LevelingArmHydraulic" />
            </movingTool>
            <movingTool node="armMiddleLevelingArm">
                <dependentPart node="armMiddleLevelingArmHydraulic" />
            </movingTool>
            <movingTool node="armRight01LevelingArm">
                <dependentPart node="armRight01LevelingArmHydraulic" />
            </movingTool>
            <movingTool node="armRight02LevelingArm">
                <dependentPart node="armRight02LevelingArmHydraulic" />
            </movingTool>
        </movingTools>

        <movingParts>
            <!-- drawbar -->
            <movingPart node="drawbar" referencePoint="drawbarRef" referenceFrame="drawbarRefFrame" isActiveDirty="true" maxUpdateDistance="300" limitedAxis="1">
                <dependentPart node="attacherYRot" />
                <dependentPart node="drawbarHydraulic" maxUpdateDistance="40" />
            </movingPart>
            <movingPart node="drawbarHydraulic" referencePoint="drawbarHydraulicRef" referenceFrame="drawbarHydraulicRef">
                <translatingPart node="drawbarHydraulicPunch" />
            </movingPart>
            <movingPart node="attacherYRot" referencePoint="attacherYRotRef" referenceFrame="attacherYRotRefFrame" limitedAxis="2">
                <dependentPart node="attacherZRot" />
            </movingPart>
            <movingPart node="attacherZRot" referencePoint="attacherZRotRef" referenceFrame="attacherZRotRefFrame" limitedAxis="1" />

            <!-- armMiddle -->
            <movingPart node="transportFrameHydraulic" referencePoint="transportFrameHydraulicRef" referenceFrame="transportFrameHydraulicRef">
                <translatingPart node="transportFrameHydraulicPunch" />
            </movingPart>
            <movingPart node="armMiddleLevelingArmHydraulic" referencePoint="armMiddleLevelingArmHydraulicRef" referenceFrame="armMiddleLevelingArmHydraulicRef">
                <translatingPart node="armMiddleLevelingArmHydraulicPunch" />
            </movingPart>
            <movingPart node="armMiddleBack" referencePoint="armMiddleBackRef" referenceFrame="armMiddleBackRefFrame" isActiveDirty="true" maxUpdateDistance="150" limitedAxis="1"/>
            <movingPart node="armMiddleWheelArmLeft" referencePoint="armMiddleWheelArmLeftRef" referenceFrame="armMiddleWheelArmLeftRefFrame" isActiveDirty="true" maxUpdateDistance="150" limitedAxis="1"/>
            <movingPart node="armMiddleWheelArmRight" referencePoint="armMiddleWheelArmRightRef" referenceFrame="armMiddleWheelArmRightRefFrame" isActiveDirty="true" maxUpdateDistance="150" limitedAxis="1"/>

            <!-- armLeft01 -->
            <movingPart node="armLeft01" referencePoint="armLeft01Ref" referenceFrame="armLeft01RefFrame" isActiveDirty="true" maxUpdateDistance="300" limitedAxis="1">
                <dependentPart node="armLeft02" />
                <dependentPart node="armLeft01Back" />
                <dependentPart node="armLeft01Hydraulic" maxUpdateDistance="40" />
            </movingPart>
            <movingPart node="armLeft01Back" referencePoint="armLeft01BackRef" referenceFrame="armLeft01BackRefFrame"/>

            <movingPart node="armLeft01Hydraulic" referencePoint="armLeft01HydraulicRef" referenceFrame="armLeft01HydraulicRef">
                <translatingPart node="armLeft01HydraulicPunch" />
            </movingPart>
            <movingPart node="armLeft01LevelingArmHydraulic" referencePoint="armLeft01LevelingArmHydraulicRef" referenceFrame="armLeft01LevelingArmHydraulicRef">
                <translatingPart node="armLeft01LevelingArmHydraulicPunch" />
            </movingPart>
            <movingPart node="armLeft01WheelArm" referencePoint="armLeft01WheelArmRef" referenceFrame="armLeft01WheelArmRefFrame" isActiveDirty="true" maxUpdateDistance="150" limitedAxis="1"/>

            <!-- armLeft02 -->
            <movingPart node="armLeft02" referencePoint="armLeft02Ref" referenceFrame="armLeft02RefFrame" limitedAxis="1">
                <dependentPart node="armLeft02Back" />
                <dependentPart node="armLeft02Part" maxUpdateDistance="60" />
            </movingPart>
            <movingPart node="armLeft02Back" referencePoint="armLeft02BackRef" referenceFrame="armLeft02BackRefFrame"/>

            <movingPart node="armLeft02Part" referencePoint="armLeft02PartRef" referenceFrame="armLeft02PartRefFrame" limitedAxis="1" scaleZ="true" />
            <movingPart node="armLeft02LevelingArmHydraulic" referencePoint="armLeft02LevelingArmHydraulicRef" referenceFrame="armLeft02LevelingArmHydraulicRef">
                <translatingPart node="armLeft02LevelingArmHydraulicPunch" />
            </movingPart>

            <!-- armRight01 -->
            <movingPart node="armRight01" referencePoint="armRight01Ref" referenceFrame="armRight01RefFrame" isActiveDirty="true" maxUpdateDistance="300" limitedAxis="1">
                <dependentPart node="armRight02" />
                <dependentPart node="armRight01Back" />
                <dependentPart node="armRight01Hydraulic" maxUpdateDistance="60" />
            </movingPart>
            <movingPart node="armRight01Back" referencePoint="armRight01BackRef" referenceFrame="armRight01BackRefFrame"/>
            <movingPart node="armRight01Hydraulic" referencePoint="armRight01HydraulicRef" referenceFrame="armRight01HydraulicRef">
                <translatingPart node="armRight01HydraulicPunch" />
            </movingPart>
            <movingPart node="armRight01LevelingArmHydraulic" referencePoint="armRight01LevelingArmHydraulicRef" referenceFrame="armRight01LevelingArmHydraulicRef">
                <translatingPart node="armRight01LevelingArmHydraulicPunch" />
            </movingPart>

            <!-- armRight02 -->
            <movingPart node="armRight02" referencePoint="armRight02Ref" referenceFrame="armRight02RefFrame" limitedAxis="1">
                <dependentPart node="armRight02Back" />
                <dependentPart node="armRight02Part" maxUpdateDistance="60" />
            </movingPart>
            <movingPart node="armRight02Back" referencePoint="armRight02BackRef" referenceFrame="armRight02BackRefFrame"/>
            <movingPart node="armRight02Part" referencePoint="armRight02PartRef" referenceFrame="armRight02PartRefFrame" limitedAxis="1" scaleZ="true"/>
            <movingPart node="armRight02LevelingArmHydraulic" referencePoint="armRight02LevelingArmHydraulicRef" referenceFrame="armRight02LevelingArmHydraulicRef">
                <translatingPart node="armRight02LevelingArmHydraulicPunch" />
            </movingPart>
            <movingPart node="armRight01WheelArm" referencePoint="armRight01WheelArmRef" referenceFrame="armRight01WheelArmRefFrame" isActiveDirty="true" maxUpdateDistance="150" limitedAxis="1"/>
        </movingParts>
    </cylindered>

    <randomlyMovingParts>
        <randomlyMovingPart node="armLeft02Tine01" rotAxis="1" rotMax="1" speedScale="0.4" refNodeIndex="1" isSpeedDependent="true"/>
        <randomlyMovingPart node="armLeft02Tine02" rotAxis="1" rotMax="1" speedScale="0.4" refNodeIndex="1" isSpeedDependent="true"/>
        <randomlyMovingPart node="armLeft01Tines01" rotAxis="1" rotMax="1" speedScale="0.4" refNodeIndex="1" isSpeedDependent="true"/>
        <randomlyMovingPart node="armLeft01Tines02" rotAxis="1" rotMax="1" speedScale="0.4" refNodeIndex="1" isSpeedDependent="true"/>
        <randomlyMovingPart node="armMiddleTines01" rotAxis="1" rotMax="1" speedScale="0.4" refNodeIndex="1" isSpeedDependent="true"/>
        <randomlyMovingPart node="armMiddleTines02" rotAxis="1" rotMax="1" speedScale="0.4" refNodeIndex="1" isSpeedDependent="true"/>
        <randomlyMovingPart node="armRight01Tines01" rotAxis="1" rotMax="1" speedScale="0.4" refNodeIndex="1" isSpeedDependent="true"/>
        <randomlyMovingPart node="armRight01Tines02" rotAxis="1" rotMax="1" speedScale="0.4" refNodeIndex="1" isSpeedDependent="true"/>
        <randomlyMovingPart node="armRight02Tine" rotAxis="1" rotMax="1" speedScale="0.4" refNodeIndex="1" isSpeedDependent="true"/>
    </randomlyMovingParts>

    <jigglingParts>
        <jigglingPart node="armLeft01LevelingArmJiggling" speedScale="2" amplitudeScale="3" shaderParameter="amplFreq" shaderParameterComponentSpeed="4" shaderParameterComponentAmplitude="1" refNodeIndex="1" />
        <jigglingPart node="armLeft02LevelingArmJiggling" speedScale="2" amplitudeScale="3" shaderParameter="amplFreq" shaderParameterComponentSpeed="4" shaderParameterComponentAmplitude="1" refNodeIndex="1" />
        <jigglingPart node="armMiddleLevelingArmJiggling" speedScale="2" amplitudeScale="3" shaderParameter="amplFreq" shaderParameterComponentSpeed="4" shaderParameterComponentAmplitude="1" refNodeIndex="1" />
        <jigglingPart node="armRight01LevelingArmJiggling" speedScale="2" amplitudeScale="3" shaderParameter="amplFreq" shaderParameterComponentSpeed="4" shaderParameterComponentAmplitude="1" refNodeIndex="1" />
        <jigglingPart node="armRight02LevelingArmJiggling" speedScale="2" amplitudeScale="3" shaderParameter="amplFreq" shaderParameterComponentSpeed="4" shaderParameterComponentAmplitude="1" refNodeIndex="1" />
        <jigglingPart node="armLeft01Jiggling" speedScale="2" amplitudeScale="3" shaderParameter="amplFreq" shaderParameterComponentSpeed="4" shaderParameterComponentAmplitude="1" refNodeIndex="1" />
        <jigglingPart node="armLeft02Jiggling" speedScale="2" amplitudeScale="3" shaderParameter="amplFreq" shaderParameterComponentSpeed="4" shaderParameterComponentAmplitude="1" refNodeIndex="1" />
        <jigglingPart node="arnMiddleJiggling" speedScale="2" amplitudeScale="3" shaderParameter="amplFreq" shaderParameterComponentSpeed="4" shaderParameterComponentAmplitude="1" refNodeIndex="1" />
        <jigglingPart node="armRight01Jiggling" speedScale="2" amplitudeScale="3" shaderParameter="amplFreq" shaderParameterComponentSpeed="4" shaderParameterComponentAmplitude="1" refNodeIndex="1" />
        <jigglingPart node="armRight02Jiggling" speedScale="2" amplitudeScale="3" shaderParameter="amplFreq" shaderParameterComponentSpeed="4" shaderParameterComponentAmplitude="1" refNodeIndex="1" />
        <jigglingPart node="armLeft01BackJiggling" speedScale="2" amplitudeScale="3" shaderParameter="amplFreq" shaderParameterComponentSpeed="4" shaderParameterComponentAmplitude="1" refNodeIndex="1" />
        <jigglingPart node="armLeft02BackJiggling" speedScale="2" amplitudeScale="3" shaderParameter="amplFreq" shaderParameterComponentSpeed="4" shaderParameterComponentAmplitude="1" refNodeIndex="1" />
        <jigglingPart node="armMiddleBackJiggling" speedScale="2" amplitudeScale="3" shaderParameter="amplFreq" shaderParameterComponentSpeed="4" shaderParameterComponentAmplitude="1" refNodeIndex="1" />
        <jigglingPart node="armRight01BackJiggling" speedScale="2" amplitudeScale="3" shaderParameter="amplFreq" shaderParameterComponentSpeed="4" shaderParameterComponentAmplitude="1" refNodeIndex="1" />
        <jigglingPart node="armRight02BackJiggling" speedScale="2" amplitudeScale="3" shaderParameter="amplFreq" shaderParameterComponentSpeed="4" shaderParameterComponentAmplitude="1" refNodeIndex="1" />
    </jigglingParts>

    <plow>
        <directionNode node="taifun900_main_component1" />
        <onlyActiveWhenLowered value="true"/>
        <sounds>
            <work template="defaultPlowWork" volumeScale="0.8" pitchScale="0.9" linkNodeOffset="2 0 0" />
            <work template="defaultPlowWork" volumeScale="0.8" pitchScale="1.1" linkNodeOffset="-2 0 0"/>
        </sounds>
    </plow>

    <ai>
        <needsLowering value="true"/>
        <areaMarkers leftNode="aiMarkerLeft" rightNode="aiMarkerRight" backNode="aiMarkerBack"/>
        <sizeMarkers leftNode="sizeMarkerLeft" rightNode="sizeMarkerRight" backNode="sizeMarkerBack"/>
        <collisionTrigger node="aiCollisionNode" width="9.3" height="2.2"/>
        <allowTurnBackward value="false"/>
        <turningRadiusLimitation rotationJointNode="componentJointAttacher" wheelIndices="1 2"/>
        <toolReverserDirectionNode node="aiMarkerBack"/>
        <agentAttachment jointNode="componentJointDrawbar" rotCenterWheelIndices="1 2" width="3.1" height="2.85" length="8.1" lengthOffset="3.45"/>
    </ai>

    <foliageBending>
        <bendingNode minX="-1.5" maxX="1.5" minZ="-1.85" maxZ="2.65" yOffset="0.34"/>
        <bendingNode minX="-0.5" maxX="0.5" minZ="0.6" maxZ="2.5" yOffset="-0.1" node="drawbar"/>
        <bendingNode minX="-1.55" maxX="1.55" minZ="0.72" maxZ="2" yOffset="-1.15" node="transportFrameHydraulicRef"/>
        <bendingNode minX="-0.83" maxX="1.3" minZ="-2.6" maxZ="1.9" yOffset="-0.35" node="taifun900_armLeft01_component4"/>
        <bendingNode minX="-0.49" maxX="0.55" minZ="-2.6" maxZ="1.3" yOffset="-0.22" node="taifun900_armLeft02_component5"/>
        <bendingNode minX="-1.3" maxX="0.83" minZ="-2.6" maxZ="1.9" yOffset="-0.35" node="taifun900_armRight01_component6"/>
        <bendingNode minX="-0.55" maxX="0.49" minZ="-2.6" maxZ="1.3" yOffset="-0.22" node="taifun900_armRight02_component7"/>
    </foliageBending>

    <wearable wearDuration="480" workMultiplier="5" fieldMultiplier="2"/>
    <washable dirtDuration="90" washDuration="1" workMultiplier="6" fieldMultiplier="2"/>

    <i3dMappings>
        <i3dMapping id="taifun900_main_component1" node="0>" />
        <i3dMapping id="taifun900_vis" node="0>0" />
        <i3dMapping id="armMiddleWheel01Repr" node="0>0|0|0" />
        <i3dMapping id="armMiddleWheel01" node="0>0|0|0|0" />
        <i3dMapping id="armMiddleWheelArmLeftRef" node="0>0|0|0|1" />
        <i3dMapping id="armMiddleWheel02Repr" node="0>0|0|1" />
        <i3dMapping id="armMiddleWheel02" node="0>0|0|1|0" />
        <i3dMapping id="armMiddleWheelArmRightRef" node="0>0|0|1|1" />
        <i3dMapping id="armMiddleWheel03" node="0>0|0|2" />
        <i3dMapping id="armMiddleBackRef" node="0>0|0|2|0" />
        <i3dMapping id="armMiddleWheel04" node="0>0|0|3" />
        <i3dMapping id="supportArm" node="0>0|1|0" />
        <i3dMapping id="supportCol" node="0>0|1|1|0" />
        <i3dMapping id="drawbarRefFrame" node="0>0|2|0" />
        <i3dMapping id="drawbar" node="0>0|2|0|0" />
        <i3dMapping id="hydraulicIn01" node="0>0|2|0|0|0|0|0" />
        <i3dMapping id="hydraulicIn01_detached" node="0>0|2|0|0|0|0|0|0" />
        <i3dMapping id="hydraulicIn01_connector" node="0>0|2|0|0|0|0|0|0|0" />
        <i3dMapping id="hydraulicOut01" node="0>0|2|0|0|0|0|1" />
        <i3dMapping id="hydraulicOut01_detached" node="0>0|2|0|0|0|0|1|0" />
        <i3dMapping id="hydraulicOut01_connector" node="0>0|2|0|0|0|0|1|0|0" />
        <i3dMapping id="hydraulicIn02" node="0>0|2|0|0|0|0|2" />
        <i3dMapping id="hydraulicIn02_detached" node="0>0|2|0|0|0|0|2|0" />
        <i3dMapping id="hydraulicIn02_connector" node="0>0|2|0|0|0|0|2|0|0" />
        <i3dMapping id="hydraulicOut02" node="0>0|2|0|0|0|0|3" />
        <i3dMapping id="hydraulicOut02_detached" node="0>0|2|0|0|0|0|3|0" />
        <i3dMapping id="hydraulicOut02_connector" node="0>0|2|0|0|0|0|3|0|0" />
        <i3dMapping id="hydraulicIn03" node="0>0|2|0|0|0|0|4" />
        <i3dMapping id="hydraulicIn03_detached" node="0>0|2|0|0|0|0|4|0" />
        <i3dMapping id="hydraulicIn03_connector" node="0>0|2|0|0|0|0|4|0|0" />
        <i3dMapping id="hydraulicOut03" node="0>0|2|0|0|0|0|5" />
        <i3dMapping id="hydraulicOut03_detached" node="0>0|2|0|0|0|0|5|0" />
        <i3dMapping id="hydraulicOut03_connector" node="0>0|2|0|0|0|0|5|0|0" />
        <i3dMapping id="electric" node="0>0|2|0|0|0|0|6" />
        <i3dMapping id="electric_detached" node="0>0|2|0|0|0|0|6|0" />
        <i3dMapping id="electric_connector" node="0>0|2|0|0|0|0|6|0|0" />
        <i3dMapping id="airRed" node="0>0|2|0|0|0|0|7" />
        <i3dMapping id="airRed_detached" node="0>0|2|0|0|0|0|7|0" />
        <i3dMapping id="airRed_connector" node="0>0|2|0|0|0|0|7|0|0" />
        <i3dMapping id="airYellow" node="0>0|2|0|0|0|0|8" />
        <i3dMapping id="airYellow_detached" node="0>0|2|0|0|0|0|8|0" />
        <i3dMapping id="airYellow_connector" node="0>0|2|0|0|0|0|8|0|0" />
        <i3dMapping id="sideMarker05White_01" node="0>0|2|0|0|1|0" />
        <i3dMapping id="sideMarker05White_02" node="0>0|2|0|0|1|1" />
        <i3dMapping id="attacherYRotRefFrame" node="0>0|2|0|0|2" />
        <i3dMapping id="attacherYRot" node="0>0|2|0|0|2|0" />
        <i3dMapping id="attacherZRotRefFrame" node="0>0|2|0|0|2|0|0" />
        <i3dMapping id="attacherZRot" node="0>0|2|0|0|2|0|0|0" />
        <i3dMapping id="drawbarHydraulicRef" node="0>0|2|0|0|3" />
        <i3dMapping id="drawbarHydraulic" node="0>0|2|1" />
        <i3dMapping id="drawbarHydraulicPunch" node="0>0|2|1|0" />
        <i3dMapping id="transportFrame" node="0>0|2|2" />
        <i3dMapping id="wheelBackLeft" node="0>0|2|2|0|0" />
        <i3dMapping id="wheelBackRight" node="0>0|2|2|0|1" />
        <i3dMapping id="rearLight05_left" node="0>0|2|2|1|0|0" />
        <i3dMapping id="rearLight05_right" node="0>0|2|2|1|0|1" />
        <i3dMapping id="redTriangle_02_01" node="0>0|2|2|1|0|2" />
        <i3dMapping id="redTriangle_02_02" node="0>0|2|2|1|0|3" />
        <i3dMapping id="redTriangle_02_03" node="0>0|2|2|1|0|4" />
        <i3dMapping id="redTriangle_02_04" node="0>0|2|2|1|0|5" />
        <i3dMapping id="backLightsHigh" node="0>0|2|2|1|1|0" />
        <i3dMapping id="turnLightLeftBack" node="0>0|2|2|1|2|0" />
        <i3dMapping id="turnLightRightBack" node="0>0|2|2|1|2|1" />
        <i3dMapping id="chockSupport01" node="0>0|2|2|2|0" />
        <i3dMapping id="chockSupport02" node="0>0|2|2|2|1" />
        <i3dMapping id="wheelChock02_01" node="0>0|2|2|2|2" />
        <i3dMapping id="wheelChock02_02" node="0>0|2|2|2|3" />
        <i3dMapping id="licensePlateBack" node="0>0|2|2|2|4" />
        <i3dMapping id="licensePlateHolder" node="0>0|2|2|4|0" />
        <i3dMapping id="brakeRod" node="0>0|2|2|4|2" />
        <i3dMapping id="transportFrameHydraulicRef" node="0>0|2|2|5" />
        <i3dMapping id="transportFrameHydraulic" node="0>0|2|3" />
        <i3dMapping id="transportFrameHydraulicPunch" node="0>0|2|3|0" />
        <i3dMapping id="armMiddleWheelArmLeftRefFrame" node="0>0|2|4|0" />
        <i3dMapping id="armMiddleWheelArmLeft" node="0>0|2|4|0|0" />
        <i3dMapping id="armMiddleWheelArmRightRefFrame" node="0>0|2|4|1" />
        <i3dMapping id="armMiddleWheelArmRight" node="0>0|2|4|1|0" />
        <i3dMapping id="armMiddleLevelingArm" node="0>0|2|4|2" />
        <i3dMapping id="armMiddleLevelingArmHydraulicRef" node="0>0|2|4|2|0" />
        <i3dMapping id="armMiddleLevelingArmJiggling" node="0>0|2|4|2|1" />
        <i3dMapping id="armMiddleLevelingArmHydraulic" node="0>0|2|4|3" />
        <i3dMapping id="armMiddleLevelingArmHydraulicPunch" node="0>0|2|4|3|0" />
        <i3dMapping id="armMiddleBackRefFrame" node="0>0|2|4|4" />
        <i3dMapping id="armMiddleBack" node="0>0|2|4|4|0" />
        <i3dMapping id="armMiddleBackRoller" node="0>0|2|4|4|0|0|0" />
        <i3dMapping id="armMiddleBackJiggling" node="0>0|2|4|4|0|1" />
        <i3dMapping id="armMiddleTines01" node="0>0|2|4|5" />
        <i3dMapping id="armMiddleTines02" node="0>0|2|4|6" />
        <i3dMapping id="arnMiddleJiggling" node="0>0|2|4|7" />
        <i3dMapping id="armLeft01RefFrame" node="0>0|2|5" />
        <i3dMapping id="armLeft01" node="0>0|2|5|0" />
        <i3dMapping id="armLeft02RefFrame" node="0>0|2|5|0|0" />
        <i3dMapping id="armLeft02" node="0>0|2|5|0|0|0" />
        <i3dMapping id="armLeft02Tine02" node="0>0|2|5|0|0|0|0|0" />
        <i3dMapping id="armLeft02Tine01" node="0>0|2|5|0|0|0|0|1" />
        <i3dMapping id="armLeft02LevelingArmHydraulic" node="0>0|2|5|0|0|0|0|2" />
        <i3dMapping id="armLeft02LevelingArmHydraulicPunch" node="0>0|2|5|0|0|0|0|2|0" />
        <i3dMapping id="armLeft02LevelingArm" node="0>0|2|5|0|0|0|0|3|0" />
        <i3dMapping id="armLeft02LevelingArmHydraulicRef" node="0>0|2|5|0|0|0|0|3|0|0" />
        <i3dMapping id="armLeft02LevelingArmJiggling" node="0>0|2|5|0|0|0|0|3|0|1" />
        <i3dMapping id="armLeft02BackRefFrame" node="0>0|2|5|0|0|0|0|4" />
        <i3dMapping id="armLeft02Back" node="0>0|2|5|0|0|0|0|4|0" />
        <i3dMapping id="armLeft02BackRoller" node="0>0|2|5|0|0|0|0|4|0|0|0" />
        <i3dMapping id="armLeft02BackJiggling" node="0>0|2|5|0|0|0|0|4|0|1" />
        <i3dMapping id="tineEffectLeft02LinkNode" node="0>0|2|5|0|0|0|1|0" />
        <i3dMapping id="rollerEffectLeft02LinkNode" node="0>0|2|5|0|0|0|1|1" />
        <i3dMapping id="armLeft02Jiggling" node="0>0|2|5|0|0|0|2" />
        <i3dMapping id="armLeft02PartRef" node="0>0|2|5|0|0|0|3" />
        <i3dMapping id="armLeft01WheelArmRefFrame" node="0>0|2|5|0|1" />
        <i3dMapping id="armLeft01WheelArm" node="0>0|2|5|0|1|0" />
        <i3dMapping id="armLeft02HydraulicPunch" node="0>0|2|5|0|2|0|0" />
        <i3dMapping id="armLeft02PartRefFrame" node="0>0|2|5|0|2|0|0|0" />
        <i3dMapping id="armLeft02Part" node="0>0|2|5|0|2|0|0|0|0" />
        <i3dMapping id="armLeft01LevelingArm" node="0>0|2|5|0|2|1|0" />
        <i3dMapping id="armLeft01LevelingArmHydraulicRef" node="0>0|2|5|0|2|1|0|0" />
        <i3dMapping id="armLeft01LevelingArmJiggling" node="0>0|2|5|0|2|1|0|1" />
        <i3dMapping id="armLeft01LevelingArmHydraulic" node="0>0|2|5|0|2|2" />
        <i3dMapping id="armLeft01LevelingArmHydraulicPunch" node="0>0|2|5|0|2|2|0" />
        <i3dMapping id="armLeft01BackRefFrame" node="0>0|2|5|0|2|3" />
        <i3dMapping id="armLeft01Back" node="0>0|2|5|0|2|3|0" />
        <i3dMapping id="armLeft01BackRoller" node="0>0|2|5|0|2|3|0|0|0" />
        <i3dMapping id="armLeft01BackJiggling" node="0>0|2|5|0|2|3|0|1" />
        <i3dMapping id="armLeft01Tines01" node="0>0|2|5|0|2|4" />
        <i3dMapping id="armLeft01Tines02" node="0>0|2|5|0|2|5" />
        <i3dMapping id="tineEffectLeft01LinkNode" node="0>0|2|5|0|3|0" />
        <i3dMapping id="rollerEffectLeft01LinkNode" node="0>0|2|5|0|3|1" />
        <i3dMapping id="armLeft01HydraulicRef" node="0>0|2|5|0|4" />
        <i3dMapping id="armLeft01Jiggling" node="0>0|2|5|0|5" />
        <i3dMapping id="armLeft01Hydraulic" node="0>0|2|6" />
        <i3dMapping id="armLeft01HydraulicPunch" node="0>0|2|6|0" />
        <i3dMapping id="armRight01RefFrame" node="0>0|2|7" />
        <i3dMapping id="armRight01" node="0>0|2|7|0" />
        <i3dMapping id="armRight02RefFrame" node="0>0|2|7|0|0" />
        <i3dMapping id="armRight02" node="0>0|2|7|0|0|0" />
        <i3dMapping id="armRight02BackRefFrame" node="0>0|2|7|0|0|0|0|0" />
        <i3dMapping id="armRight02Back" node="0>0|2|7|0|0|0|0|0|0" />
        <i3dMapping id="armRight02BackJiggling" node="0>0|2|7|0|0|0|0|0|0|0" />
        <i3dMapping id="armRight02BackRoller" node="0>0|2|7|0|0|0|0|0|0|1|0" />
        <i3dMapping id="armRight02LevelingArm" node="0>0|2|7|0|0|0|0|1|0" />
        <i3dMapping id="armRight02LevelingArmHydraulicRef" node="0>0|2|7|0|0|0|0|1|0|0" />
        <i3dMapping id="armRight02LevelingArmJiggling" node="0>0|2|7|0|0|0|0|1|0|1" />
        <i3dMapping id="armRight02LevelingArmHydraulic" node="0>0|2|7|0|0|0|0|2" />
        <i3dMapping id="armRight02LevelingArmHydraulicPunch" node="0>0|2|7|0|0|0|0|2|0" />
        <i3dMapping id="armRight02PartRef" node="0>0|2|7|0|0|0|0|3" />
        <i3dMapping id="armRight02Tine" node="0>0|2|7|0|0|0|0|4" />
        <i3dMapping id="tineEffectRight02LinkNode" node="0>0|2|7|0|0|0|1|0" />
        <i3dMapping id="rollerEffectRight02LinkNode" node="0>0|2|7|0|0|0|1|1" />
        <i3dMapping id="armRight02Jiggling" node="0>0|2|7|0|0|0|2" />
        <i3dMapping id="armRight01WheelArmRefFrame" node="0>0|2|7|0|1" />
        <i3dMapping id="armRight01WheelArm" node="0>0|2|7|0|1|0" />
        <i3dMapping id="armRight02HydraulicPunch" node="0>0|2|7|0|2|0|0" />
        <i3dMapping id="armRight02PartRefFrame" node="0>0|2|7|0|2|0|0|0" />
        <i3dMapping id="armRight02Part" node="0>0|2|7|0|2|0|0|0|0" />
        <i3dMapping id="armRight01LevelingArm" node="0>0|2|7|0|2|1|0" />
        <i3dMapping id="armRight01LevelingArmHydraulicRef" node="0>0|2|7|0|2|1|0|0" />
        <i3dMapping id="armRight01LevelingArmJiggling" node="0>0|2|7|0|2|1|0|1" />
        <i3dMapping id="armRight01LevelingArmHydraulic" node="0>0|2|7|0|2|2" />
        <i3dMapping id="armRight01LevelingArmHydraulicPunch" node="0>0|2|7|0|2|2|0" />
        <i3dMapping id="armRight01BackRefFrame" node="0>0|2|7|0|2|3" />
        <i3dMapping id="armRight01Back" node="0>0|2|7|0|2|3|0" />
        <i3dMapping id="armRight01BackRoller" node="0>0|2|7|0|2|3|0|0|0" />
        <i3dMapping id="armRight01BackJiggling" node="0>0|2|7|0|2|3|0|1" />
        <i3dMapping id="armRight01Tines01" node="0>0|2|7|0|2|4" />
        <i3dMapping id="armRight01Tines02" node="0>0|2|7|0|2|5" />
        <i3dMapping id="tineEffectRight01LinkNode" node="0>0|2|7|0|3|0" />
        <i3dMapping id="rollerEffectRight01LinkNode" node="0>0|2|7|0|3|1" />
        <i3dMapping id="armRight01Jiggling" node="0>0|2|7|0|4" />
        <i3dMapping id="armRight01HydraulicRef" node="0>0|2|7|0|5" />
        <i3dMapping id="armRight01Hydraulic" node="0>0|2|8" />
        <i3dMapping id="armRight01HydraulicPunch" node="0>0|2|8|0" />
        <i3dMapping id="groundReferenceNode" node="0>0|3|0" />
        <i3dMapping id="workAreaStart" node="0>0|3|1" />
        <i3dMapping id="workAreaWidth" node="0>0|3|2" />
        <i3dMapping id="workAreaHeight" node="0>0|3|3" />
        <i3dMapping id="tineEffectMiddleLinkNode" node="0>0|4|0" />
        <i3dMapping id="rollerEffectMiddleLinkNode" node="0>0|4|1" />
        <i3dMapping id="soilChunkEmitter01" node="0>0|4|2" />
        <i3dMapping id="soilChunkEmitter02" node="0>0|4|3" />
        <i3dMapping id="componentJointDrawbar" node="0>0|5|0" />
        <i3dMapping id="componentJointArmLeft01" node="0>0|5|1" />
        <i3dMapping id="componentJointArmRight01" node="0>0|5|2" />
        <i3dMapping id="aiCollisionNode" node="0>0|6|0" />
        <i3dMapping id="aiMarkerLeft" node="0>0|6|1" />
        <i3dMapping id="aiMarkerRight" node="0>0|6|2" />
        <i3dMapping id="aiMarkerBack" node="0>0|6|3" />
        <i3dMapping id="sizeMarkerLeft" node="0>0|6|4" />
        <i3dMapping id="sizeMarkerRight" node="0>0|6|5" />
        <i3dMapping id="sizeMarkerBack" node="0>0|6|6" />
        <i3dMapping id="spring_decals" node="0>1|1" />
        <i3dMapping id="taifun900_drawbar_component2" node="1>" />
        <i3dMapping id="componentJointAttacher" node="1>0" />
        <i3dMapping id="drawbarRef" node="1>1" />
        <i3dMapping id="taifun900_attacher_component3" node="2>" />
        <i3dMapping id="attacherYRotRef" node="2>0" />
        <i3dMapping id="attacherZRotRef" node="2>1" />
        <i3dMapping id="attacherJoint" node="2>2" />
        <i3dMapping id="taifun900_armLeft01_component4" node="3>" />
        <i3dMapping id="armLeft01Wheel01Repr" node="3>0|0" />
        <i3dMapping id="armLeft01Wheel01" node="3>0|0|0" />
        <i3dMapping id="armLeft01WheelArmRef" node="3>0|0|1" />
        <i3dMapping id="armLeft01Wheel02Repr" node="3>0|1" />
        <i3dMapping id="armLeft01Wheel02" node="3>0|1|0" />
        <i3dMapping id="armLeft01BackRef" node="3>0|1|1" />
        <i3dMapping id="armLeft01Wheel03" node="3>0|2" />
        <i3dMapping id="componentJointArmLeft02" node="3>1" />
        <i3dMapping id="armLeft01Ref" node="3>2" />
        <i3dMapping id="taifun900_armLeft02_component5" node="4>" />
        <i3dMapping id="armLeft02Wheel01" node="4>0|0" />
        <i3dMapping id="armLeft02Wheel02Repr" node="4>0|1" />
        <i3dMapping id="armLeft02Wheel02" node="4>0|1|0" />
        <i3dMapping id="armLeft02BackRef" node="4>0|1|1" />
        <i3dMapping id="armLeft02Ref" node="4>1" />
        <i3dMapping id="taifun900_armRight01_component6" node="5>" />
        <i3dMapping id="armRight01Wheel01Repr" node="5>0|0" />
        <i3dMapping id="armRight01Wheel01" node="5>0|0|0" />
        <i3dMapping id="armRight01WheelArmRef" node="5>0|0|1" />
        <i3dMapping id="armRight01Wheel02Repr" node="5>0|1" />
        <i3dMapping id="armRight01Wheel02" node="5>0|1|0" />
        <i3dMapping id="armRight01BackRef" node="5>0|1|1" />
        <i3dMapping id="armRight01Wheel03" node="5>0|2" />
        <i3dMapping id="componentJointArmRight02" node="5>1" />
        <i3dMapping id="armRight01Ref" node="5>2" />
        <i3dMapping id="taifun900_armRight02_component7" node="6>" />
        <i3dMapping id="armRight02Wheel01" node="6>0|0" />
        <i3dMapping id="armRight02Wheel02Repr" node="6>0|1" />
        <i3dMapping id="armRight02Wheel02" node="6>0|1|0" />
        <i3dMapping id="armRight02BackRef" node="6>0|1|1" />
        <i3dMapping id="armRight02Ref" node="6>1" />
    </i3dMappings>
</vehicle>
