﻿<?xml version="1.0" encoding="utf-8" standalone="no" ?>
<vehicle type="cultiplow" xmlns:xsi="http://www.w3.org/2001/XMLSchema-instance" xsi:noNamespaceSchemaLocation="../../../../shared/xml/schema/vehicle.xsd">
    <annotation>Copyright (C) GIANTS Software GmbH, All Rights Reserved.</annotation>

    <storeData>
        <name>TERRIA 6040 CultiPlow</name>
        <specs>
            <neededPower>300</neededPower>
            <workingWidth>6.0</workingWidth>
            <combination filterCategory="weights" filterSpec="weight" filterSpecMin="500" filterSpecMax="600"/>
        </specs>
        <functions>
            <function>$l10n_function_plow</function>
        </functions>
        <image>$data/vehicles/poettinger/terria6040/store_terria6040.png</image>
        <price>54000</price>
        <lifetime>600</lifetime>
        <rotation>0</rotation>
        <brand>POETTINGER</brand>
        <category>plows</category>
        <shopTranslationOffset>0 0.133 0</shopTranslationOffset>
        <shopRotationOffset>-0.58 0 0</shopRotationOffset>
        <vertexBufferMemoryUsage>2759680</vertexBufferMemoryUsage>
        <indexBufferMemoryUsage>666880</indexBufferMemoryUsage>
        <textureMemoryUsage>786432</textureMemoryUsage>
        <instanceVertexBufferMemoryUsage>0</instanceVertexBufferMemoryUsage>
        <instanceIndexBufferMemoryUsage>0</instanceIndexBufferMemoryUsage>
        <audioMemoryUsage>0</audioMemoryUsage>
    </storeData>

    <base>
        <typeDesc>$l10n_typeDesc_plow</typeDesc>
        <filename>$data/vehicles/poettinger/terria6040/terria6040.i3d</filename>
        <size width="3.1" length="10.4" height="3.65"/>
        <speedLimit value="15"/>
        <components>
            <component centerOfMass="0 0.4 -1.2" solverIterationCount="10" mass="5135"/>
            <component centerOfMass="0 0 0" solverIterationCount="10" mass="550"/>
            <component centerOfMass="0 0 0" solverIterationCount="10" mass="350"/>
            <component centerOfMass="0 0 0" solverIterationCount="10" mass="350"/>
            <component centerOfMass="0 0 0" solverIterationCount="10" mass="350"/>

            <joint component1="1" component2="2" node="componentJointDrawbar"  rotLimit="0 0 0" transLimit="0 0 0"/>
            <joint component1="2" component2="3" node="componentJointAttacher" rotLimit="0 0 0" transLimit="0 0 0"/>
            <joint component1="1" component2="4" node="componentJointArmLeft"  rotLimit="0 0 0" transLimit="0 0 0"/>
            <joint component1="1" component2="5" node="componentJointArmRight" rotLimit="0 0 0" transLimit="0 0 0"/>

            <collisionPair component1="1" component2="3" enabled="false"/>
            <collisionPair component1="3" component2="4" enabled="false"/>
            <collisionPair component1="3" component2="5" enabled="false"/>
            <collisionPair component1="4" component2="5" enabled="false"/>
        </components>
        <schemaOverlay attacherJointPosition="0 0" name="IMPLEMENT" />
        <mapHotspot type="TOOL_TRAILED" />
    </base>

    <wheels>
        <wheelConfigurations>
            <wheelConfiguration name="$l10n_configuration_valueDefault" price="0" brand="BKT" saveId="BKT_DEFAULT">
                <wheels>
                    <wheel filename="$data/shared/wheels/tires/bkt/AS504/15_5__80__24.xml" isLeft="true" hasTireTracks="true" hasParticles="true">
                        <physics restLoad="2.8" repr="armMiddleWheelLeft"  forcePointRatio="0.3" initialCompression="30" suspTravel="0.1" spring="85" damper="35" yOffset="0.015"/>
                        <wheelChock parkingNode="wheelChock01_01"/>
                        <wheelChock parkingNode="wheelChock01_02" isInverted="true" />
                    </wheel>
                    <wheel filename="$data/shared/wheels/tires/bkt/AS504/15_5__80__24.xml" isLeft="false" hasTireTracks="true" hasParticles="true">
                        <physics restLoad="2.8" repr="armMiddleWheelRight" forcePointRatio="0.3" initialCompression="30" suspTravel="0.1" spring="85" damper="35" yOffset="0.015"/>
                    </wheel>
                    <wheel filename="$data/shared/wheels/tires/bkt/AS504/15_5__80__24.xml" isLeft="true" hasTireTracks="true" hasParticles="true">
                        <physics restLoad="1.1" repr="armLeftWheelArmBackWheel" forcePointRatio="0.3" initialCompression="20" suspTravel="0.1" spring="45" damper="15" brakeFactor="0.5" yOffset="-0.005"/>
                    </wheel>
                    <wheel filename="$data/shared/wheels/tires/bkt/AS504/15_5__80__24.xml" isLeft="false" hasTireTracks="true" hasParticles="true">
                        <physics restLoad="1.1" repr="armRightWheelArmBackWheel" forcePointRatio="0.3" initialCompression="20" suspTravel="0.1" spring="45" damper="15" brakeFactor="0.5" yOffset="-0.005"/>
                    </wheel>
                    <wheel filename="$data/shared/wheels/tires/bkt/AS504/11_5__80__15_3.xml" isLeft="true" hasTireTracks="true" hasParticles="true">
                        <physics restLoad="1.7" repr="armLeftWheel01" forcePointRatio="0.5" useReprDirection="true" initialCompression="30" suspTravel="0.15" spring="60" damper="80" brakeFactor="0" supportsWheelSink="false" rotationDamping="0.005" yOffset="0.05"/>
                        <additionalWheel filename="$data/shared/wheels/tires/bkt/AS504/11_5__80__15_3.xml" isLeft="false" offset="0.289"/>
                    </wheel>
                    <wheel filename="$data/shared/wheels/tires/bkt/AS504/11_5__80__15_3.xml" isLeft="false" hasTireTracks="true" hasParticles="true">
                        <physics restLoad="2.0" repr="armRightWheel01" forcePointRatio="0.5" useReprDirection="true" initialCompression="30" suspTravel="0.15" spring="60" damper="80" brakeFactor="0" supportsWheelSink="false" rotationDamping="0.005" yOffset="0.05"/>
                        <additionalWheel filename="$data/shared/wheels/tires/bkt/AS504/11_5__80__15_3.xml" isLeft="true" offset="0.289"/>
                   </wheel>
                    <wheel>
                        <physics restLoad="0.7" repr="armLeftWheel02"  radius="0.240" width="1.0" forcePointRatio="0.5" useReprDirection="true" initialCompression="30" suspTravel="0.15" spring="60" damper="80" brakeFactor="0" supportsWheelSink="false" rotationDamping="0.005"/>
                    </wheel>
                    <wheel>
                        <physics restLoad="1.0" repr="armLeftWheel03"  radius="0.240" width="1.0" forcePointRatio="0.5" useReprDirection="true" initialCompression="30" suspTravel="0.15" spring="60" damper="80" brakeFactor="0" supportsWheelSink="false" rotationDamping="0.005"/>
                    </wheel>
                    <wheel>
                        <physics restLoad="1.5" repr="armRightWheel02" radius="0.240" width="1.0" forcePointRatio="0.5" useReprDirection="true" initialCompression="30" suspTravel="0.15" spring="60" damper="80" brakeFactor="0" supportsWheelSink="false" rotationDamping="0.005"/>
                    </wheel>
                    <wheel>
                        <physics restLoad="0.1" repr="armRightWheel03" radius="0.240" width="1.0" forcePointRatio="0.5" useReprDirection="true" initialCompression="30" suspTravel="0.15" spring="60" damper="80" brakeFactor="0" supportsWheelSink="false" rotationDamping="0.005"/>
                    </wheel>
                </wheels>
            </wheelConfiguration>
        </wheelConfigurations>

        <hubMaterial materialTemplateName="POETTINGER_RED1"/>

        <hubs>
            <hub linkNode="armMiddleWheelLeft" filename="$data/shared/wheels/hubs/hub_n10_5.xml" isLeft="true"  scale="0.285 0.285 0.285"/>
            <hub linkNode="armMiddleWheelRight" filename="$data/shared/wheels/hubs/hub_n10_5.xml" isLeft="false" scale="0.285 0.285 0.285"/>
            <hub linkNode="armLeftWheelArmBackWheel" filename="$data/shared/wheels/hubs/hub_n10_5.xml" isLeft="true"  scale="0.285 0.285 0.285"/>
            <hub linkNode="armRightWheelArmBackWheel" filename="$data/shared/wheels/hubs/hub_n10_5.xml" isLeft="false" scale="0.285 0.285 0.285"/>
            <hub linkNode="armLeftWheel01" filename="$data/shared/wheels/hubs/hub_n6_1.xml"  isLeft="true"  scale="0.203 0.203 0.203"/>
            <hub linkNode="armLeftWheel01Hub" filename="$data/shared/wheels/hubs/hub_n6_1.xml"  isLeft="false" scale="0.203 0.203 0.203"/>
            <hub linkNode="armRightWheel01" filename="$data/shared/wheels/hubs/hub_n6_1.xml"  isLeft="false"  scale="0.203 0.203 0.203"/>
            <hub linkNode="armRightWheel01Hub" filename="$data/shared/wheels/hubs/hub_n6_1.xml"  isLeft="true" scale="0.203 0.203 0.203"/>
        </hubs>
    </wheels>


    <speedRotatingParts>
        <speedRotatingPart node="armLeftWheelArmFrontWheel01"  wheelIndex="5"/>
        <speedRotatingPart node="armLeftWheelArmFrontWheel02"  wheelIndex="5"/>
        <speedRotatingPart node="armRightWheelArmFrontWheel01" wheelIndex="8"/>
        <speedRotatingPart node="armRightWheelArmFrontWheel02" wheelIndex="8"/>
        <speedRotatingPart node="armLeftRoller01"  wheelIndex="6"/>
        <speedRotatingPart node="armLeftRoller02"  wheelIndex="6"/>
        <speedRotatingPart node="armRightRoller01" wheelIndex="9"/>
        <speedRotatingPart node="armRightRoller02" wheelIndex="9"/>
        <speedRotatingPart shaderNode="armLeftDiscs" groundReferenceNodeIndex="1" radius="-0.28"/>
        <speedRotatingPart shaderNode="armRightDiscs" groundReferenceNodeIndex="1" radius="-0.28"/>
    </speedRotatingParts>

    <attachable>
        <inputAttacherJoints>
            <inputAttacherJoint node="attacherJoint" rootNode="terria6040_attacher_component3" jointType="implement" lowerRotLimitScale="0 0 1" upperRotLimitScale="0 0 1" lowerTransLimitScale="0 0 0" allowsLowering="true">
                <distanceToGround lower="0.6" upper="0.6"/>
                <bottomArm categories="3" ballType="2" />
            </inputAttacherJoint>
        </inputAttacherJoints>
        <support animationName="moveSupport" delayedOnLoad="true"/>
        <support animationName="lockDrawbarLimit" delayedOnAttach="false" detachAfterAnimation="false"/>
        <brakeForce force="1.5"/>
        <sounds>
            <active file="$data/sounds/tools/cultivator/generalRattle_01.wav" innerRadius="10" outerRadius="50" volumeScale="3.2" isLocalSound="true" pitchScale="0.8">
                <volume indoor="0.7" outdoor="0.9" >
                    <modifier type="WHEEL_SUSPENSION" value="-0.08" modifiedValue="0.5"/>
                    <modifier type="WHEEL_SUSPENSION" value="-0.05" modifiedValue="0.2"/>
                    <modifier type="WHEEL_SUSPENSION" value="-0.04" modifiedValue="0.00"/>
                    <modifier type="WHEEL_SUSPENSION" value="-0.03" modifiedValue="0.00"/>
                    <modifier type="WHEEL_SUSPENSION" value="-0.00" modifiedValue="0.0"/>
                    <modifier type="WHEEL_SUSPENSION" value="0.03" modifiedValue="0.00"/>
                    <modifier type="WHEEL_SUSPENSION" value="0.04" modifiedValue="0.00"/>
                    <modifier type="WHEEL_SUSPENSION" value="0.05" modifiedValue="0.2"/>
                    <modifier type="WHEEL_SUSPENSION" value="0.08" modifiedValue="0.5"/>

                    <modifier type="SPEED" value="0.0" modifiedValue="0.0"/>
                    <modifier type="SPEED" value="2.0" modifiedValue="1.0"/>
                    <modifier type="SPEED" value="40.0" modifiedValue="1.0"/>
                </volume>
                <lowpassCutoffFrequency indoor="250" outdoor="20000" />
                <lowpassGain indoor="0.5" outdoor="1" />
            </active>
        </sounds>
    </attachable>

    <connectionHoses>
        <hose inputAttacherJointIndices="1" type="hydraulicIn" node="hydraulicIn01" length="1.5" diameter="0.02" straighteningFactor="0.3" adapterNode="hydraulicIn01_connector">
           <objectChange node="hydraulicIn01_detached" visibilityActive="false" visibilityInactive="true"/>
        </hose>
        <hose inputAttacherJointIndices="1" type="hydraulicOut" node="hydraulicOut01" length="1.5" diameter="0.02" straighteningFactor="0.3" adapterNode="hydraulicOut01_connector">
           <objectChange node="hydraulicOut01_detached" visibilityActive="false" visibilityInactive="true"/>
        </hose>
        <hose inputAttacherJointIndices="1" type="hydraulicIn" node="hydraulicIn02" length="1.5" diameter="0.02" straighteningFactor="0.3" adapterNode="hydraulicIn02_connector">
           <objectChange node="hydraulicIn02_detached" visibilityActive="false" visibilityInactive="true"/>
        </hose>
        <hose inputAttacherJointIndices="1" type="hydraulicOut" node="hydraulicOut02" length="1.5" diameter="0.02" straighteningFactor="0.3" adapterNode="hydraulicOut02_connector">
            <objectChange node="hydraulicOut02_detached" visibilityActive="false" visibilityInactive="true" />
        </hose>
        <hose inputAttacherJointIndices="1" type="airDoubleRed" node="airRed" length="1.5" diameter="0.015" straighteningFactor="0.3" adapterNode="airRed_connector">
            <objectChange node="airRed_detached" visibilityActive="false" visibilityInactive="true" />
        </hose>
        <hose inputAttacherJointIndices="1" type="airDoubleYellow" node="airYellow" length="1.5" diameter="0.015" straighteningFactor="0.3" adapterNode="airYellow_connector">
            <objectChange node="airYellow_detached" visibilityActive="false" visibilityInactive="true" />
        </hose>
        <hose inputAttacherJointIndices="1" type="electric" node="electric" length="1.4" diameter="0.008" straighteningFactor="0.3" adapterNode="electric_connector">
            <objectChange node="electric_detached" visibilityActive="false" visibilityInactive="true"/>
        </hose>

        <localHose>
            <hose inputAttacherJointIndices="1" type="hydraulicIn" node="localHoseHydraulicIn01" length="0.1" diameter="0.02" isTwoPointHose="true" straighteningFactor="0.3" adapterType="NONE"/>
            <target type="hydraulicIn" node="hydraulicIn01" straighteningFactor="0.3"/>
        </localHose>
        <localHose>
            <hose inputAttacherJointIndices="1" type="hydraulicIn" node="localHoseHydraulicOut01" length="0.1" diameter="0.02" isTwoPointHose="true" straighteningFactor="0.3" adapterType="NONE"/>
            <target type="hydraulicIn" node="hydraulicOut01" straighteningFactor="0.3"/>
        </localHose>
        <localHose>
            <hose inputAttacherJointIndices="1" type="hydraulicIn" node="localHoseHydraulicIn02" length="0.1" diameter="0.02" isTwoPointHose="true" straighteningFactor="0.3" adapterType="NONE"/>
            <target type="hydraulicIn" node="hydraulicIn02" straighteningFactor="0.3"/>
        </localHose>
        <localHose>
            <hose inputAttacherJointIndices="1" type="hydraulicIn" node="localHoseHydraulicOut02" length="0.1" diameter="0.02" isTwoPointHose="true" straighteningFactor="0.3" adapterType="NONE"/>
            <target type="hydraulicIn" node="hydraulicOut02" straighteningFactor="0.3"/>
        </localHose>
        <localHose>
            <hose inputAttacherJointIndices="1" type="hydraulicIn" node="localHoseElectric" length="0.1" diameter="0.008" isTwoPointHose="true" straighteningFactor="0.3" adapterType="NONE"/>
            <target type="hydraulicIn" node="electric" straighteningFactor="0.3"/>
        </localHose>
        <sounds>
            <connect    type="airDoubleRed" template="hydraulicHosesAttach" volumeScale="0.7" linkNode="attacherJoint"/>
            <connect    type="electric"     template="generalConnection"    volumeScale="0.7" linkNode="attacherJoint"/>
            <disconnect type="airDoubleRed" template="hydraulicHosesDetach" volumeScale="0.7" linkNode="attacherJoint"/>
            <disconnect type="electric"     template="generalConnection"    volumeScale="0.7" linkNode="attacherJoint"/>
        </sounds>
    </connectionHoses>

    <dynamicallyLoadedParts>
        <dynamicallyLoadedPart node="0" linkNode="chockSupport01"  filename="$data/shared/assets/wheelChocks/wheelChockSupport01.i3d" />
        <dynamicallyLoadedPart node="0" linkNode="chockSupport02"  filename="$data/shared/assets/wheelChocks/wheelChockSupport01.i3d" />
    </dynamicallyLoadedParts>

    <powerConsumer forceNode="terria6040_main_component1" maxForce="33"/>

    <lights>
        <sharedLight linkNode="rearLight10_left"      filename="$data/shared/assets/lights/lizard/rearLight10_left.xml" />
        <sharedLight linkNode="rearLight10_right"     filename="$data/shared/assets/lights/lizard/rearLight10_right.xml" />
        <sharedLight linkNode="sideMarker06White_01"  filename="$data/shared/assets/lights/lizard/sideMarker06White.xml" />
        <sharedLight linkNode="sideMarker06White_02"  filename="$data/shared/assets/lights/lizard/sideMarker06White.xml" />
        <sharedLight linkNode="plateNumberLight02_01" filename="$data/shared/assets/lights/lizard/plateNumberLight02.xml" />
        <sharedLight linkNode="plateNumberLight02_02" filename="$data/shared/assets/lights/lizard/plateNumberLight02.xml" />

        <realLights>
            <high>
                <light          node="licensePlateLightHigh" lightTypes="0" />
                <light          node="backLightsHigh"        lightTypes="0" />
                <turnLightLeft  node="turnLightLeftBack" />
                <turnLightRight node="turnLightRightBack" />
                <brakeLight     node="backLightsHigh" />
            </high>
        </realLights>
    </lights>

    <licensePlates>
        <licensePlate node="licensePlateBack" position="BACK" preferedType="ELONGATED" placementArea="0.25 0.25 0.25 0.25">
            <objectChange node="licensePlateHolder" visibilityActive="true" visibilityInactive="false"/>
        </licensePlate>
    </licensePlates>

    <groundReferenceNodes>
        <groundReferenceNode node="groundReferenceNode" forceFactor="1" threshold="0.2" />
    </groundReferenceNodes>

    <workAreas>
        <workArea type="plow" functionName="processPlowArea" >
            <area startNode="workAreaStart" widthNode="workAreaWidth" heightNode="workAreaHeight" />
            <groundReferenceNode index="1"/>
            <onlyActiveWhenLowered value="true"/>
        </workArea>
    </workAreas>

    <workParticles>
        <effect workAreaIndex="1">
            <effectNode effectClass="CultivatorMotionPathEffect" effectType="CULTIVATOR" linkNode="tineEffectLeftLinkNode">
                <motionPathEffect textureFilename="$data/vehicles/poettinger/terria6040/tineEffectLeftArray.dds" numRows="60" rowLength="18" minFade="0.07" density="1" shapeScale="1" maxShapeScale="1"/>
            </effectNode>
            <effectNode effectClass="CultivatorMotionPathEffect" effectType="CULTIVATOR" linkNode="tineEffectMiddleLinkNode">
                <motionPathEffect textureFilename="$data/vehicles/poettinger/terria6040/tineEffectMiddleArray.dds" numRows="30" rowLength="18" minFade="0.07" density="1" shapeScale="1" maxShapeScale="1"/>
            </effectNode>
            <effectNode effectClass="CultivatorMotionPathEffect" effectType="CULTIVATOR" linkNode="tineEffectRightLinkNode">
                <motionPathEffect textureFilename="$data/vehicles/poettinger/terria6040/tineEffectRightArray.dds" numRows="60" rowLength="18" minFade="0.07" density="1" shapeScale="1" maxShapeScale="1"/>
            </effectNode>

            <effectNode effectClass="CultivatorMotionPathEffect" effectType="CULTIVATOR" linkNode="rollerEffectLeftLinkNode">
                <motionPathEffect textureFilename="$data/vehicles/poettinger/terria6040/rollerEffectLeftArray.dds" numRows="30" rowLength="18" minFade="0.07" density="0.6" densityScale="0.6"/>
            </effectNode>
            <effectNode effectClass="CultivatorMotionPathEffect" effectType="CULTIVATOR" linkNode="rollerEffectRightLinkNode">
                <motionPathEffect textureFilename="$data/vehicles/poettinger/terria6040/rollerEffectRightArray.dds" numRows="30" rowLength="18" minFade="0.07" density="0.6" densityScale="0.6"/>
            </effectNode>
        </effect>

        <particle>
            <node node="dustEmitterShape" refNodeIndex="1" particleType="SOIL_SMOKE"/>
            <node node="chunkEmitterShape" refNodeIndex="1" particleType="SOIL_CHUNKS" worldSpace="false"/>
        </particle>
    </workParticles>

    <workModes foldMaxLimit="0.125">
        <workMode name="$l10n_action_workMode_cultivatorShallow" useDeepMode="false" forceScale="0.7">
            <animation name="depthSettingAnimation" speed="-1" stopTime="0" repeatAfterUnfolding="true"/>
        </workMode>
        <workMode name="$l10n_action_workMode_cultivatorDeep" useDeepMode="true" forceScale="1">
            <animation name="depthSettingAnimation" speed="1" stopTime="1" repeatAfterUnfolding="true"/>
        </workMode>
    </workModes>

    <foldable>
        <foldingConfigurations>
            <foldingConfiguration>
                <foldingParts startMoveDirection="1" foldMiddleAnimTime="0.125" >
                    <foldingPart animationName="folding" speedScale="0.7" />
                </foldingParts>
            </foldingConfiguration>
        </foldingConfigurations>
    </foldable>

    <animations>
        <animation name="moveSupport">
            <!-- folded -->
            <part node="drawbarTransportLock"  startTime="0.0" endTime="0.2" startRot="0 0 231" endRot="0 0 0" requiredAnimation="folding" requiredAnimationRange="1 1"/>
            <part node="componentJointDrawbar" startTime="0.2" endTime="1.5" startRot="11.6 0 0" endRot="8 0 0"  requiredAnimation="folding" requiredAnimationRange="1 1"/>
            <part node="armMiddleWheelArm"     startTime="0.2" endTime="1.5" startRot="50 0 0" endRot="35 0 0" requiredAnimation="folding" requiredAnimationRange="1 1"/>
            <part node="colSupport"            startTime="0.2" endTime="1.5" startTrans="0 0 0" endTrans="0 -0.86 0" requiredAnimation="folding" requiredAnimationRange="1 1"/>
            <part node="armSupportArm"         startTime="0.2" endTime="0.5" startTrans="0 0 0" endTrans="0.03 0 0" requiredAnimation="folding" requiredAnimationRange="1 1"/>
            <part node="armSupport"            startTime="0.5" endTime="1.2" startRot="0 0 0" endRot="90 0 0" requiredAnimation="folding" requiredAnimationRange="1 1"/>
            <part node="armSupportArm"         startTime="1.2" endTime="1.5" startTrans="0.03 0 0" endTrans="0 0 0" requiredAnimation="folding" requiredAnimationRange="1 1"/>

            <!-- lifted -->
            <part node="componentJointDrawbar"    startTime="0.2" endTime="1.5" startRot="11.6 0 0" endRot="8 0 0"  requiredAnimation="folding" requiredAnimationRange="0.1 0.99"/>
            <part node="armMiddleWheelArm"        startTime="0.2" endTime="1.5" startRot="50 0 0" endRot="30 0 0" requiredAnimation="folding" requiredAnimationRange="0.1 0.99"/>
            <part node="armLeftWheelArmBack"      startTime="0.2" endTime="1.5" startRot="50 0 0" endRot="30 0 0" requiredAnimation="folding" requiredAnimationRange="0.1 0.99"/>
            <part node="armLeftWheelArmBackPhys"  startTime="0.2" endTime="1.5" startRot="50 0 0" endRot="30 0 0" requiredAnimation="folding" requiredAnimationRange="0.1 0.99"/>
            <part node="armRightWheelArmBack"     startTime="0.2" endTime="1.5" startRot="50 0 0" endRot="30 0 0" requiredAnimation="folding" requiredAnimationRange="0.1 0.99"/>
            <part node="armRightWheelArmBackPhys" startTime="0.2" endTime="1.5" startRot="50 0 0" endRot="30 0 0" requiredAnimation="folding" requiredAnimationRange="0.1 0.99"/>
            <part node="colSupport"               startTime="0.2" endTime="1.5" startTrans="0 0 0" endTrans="0 -0.86 0" requiredAnimation="folding" requiredAnimationRange="0.1 0.99"/>
            <part node="armSupportArm"            startTime="0.2" endTime="0.5" startTrans="0 0 0" endTrans="0.03 0 0" requiredAnimation="folding" requiredAnimationRange="0.125 0.99"/>
            <part node="armSupport"               startTime="0.5" endTime="1.2" startRot="0 0 0" endRot="90 0 0" requiredAnimation="folding" requiredAnimationRange="0.1 0.99"/>
            <part node="armSupportArm"            startTime="1.2" endTime="1.5" startTrans="0.03 0 0" endTrans="0 0 0" requiredAnimation="folding" requiredAnimationRange="0.1 0.99"/>

            <!-- lowered -->
            <part componentJointIndex="1"         startTime="0.0" endTime="1.0" startRotMinLimit="-1 0 0" startRotMaxLimit="8 0 0" endRotLimit="0 0 0" requiredAnimation="folding" requiredAnimationRange="0 0.1"/>
            <part node="componentJointDrawbar"    startTime="0.2" endTime="1.5" startRot="0 0 0" endRot="8 0 0"  requiredAnimation="folding" requiredAnimationRange="0.0 0.1"/>
            <part node="armMiddleWheelArm"        startTime="0.2" endTime="1.5" startRot="0 0 0" endRot="30 0 0" requiredAnimation="folding" requiredAnimationRange="0.0 0.1"/>
            <part node="armLeftWheelArmBack"      startTime="0.2" endTime="1.5" startRot="0 0 0" endRot="30 0 0" requiredAnimation="folding" requiredAnimationRange="0.0 0.1"/>
            <part node="armLeftWheelArmBackPhys"  startTime="0.2" endTime="1.5" startRot="0 0 0" endRot="30 0 0" requiredAnimation="folding" requiredAnimationRange="0.0 0.1"/>
            <part node="armRightWheelArmBack"     startTime="0.2" endTime="1.5" startRot="0 0 0" endRot="30 0 0" requiredAnimation="folding" requiredAnimationRange="0.0 0.1"/>
            <part node="armRightWheelArmBackPhys" startTime="0.2" endTime="1.5" startRot="0 0 0" endRot="30 0 0" requiredAnimation="folding" requiredAnimationRange="0.0 0.1"/>
            <part node="colSupport"               startTime="0.2" endTime="1.5" startTrans="0 0 0" endTrans="0 -0.86 0" requiredAnimation="folding" requiredAnimationRange="0.0 0.1"/>
            <part node="armSupportArm"            startTime="0.2" endTime="0.5" startTrans="0 0 0" endTrans="0.03 0 0" requiredAnimation="folding" requiredAnimationRange="0.0 0.1"/>
            <part node="armSupport"               startTime="0.5" endTime="1.2" startRot="0 0 0" endRot="90 0 0" requiredAnimation="folding" requiredAnimationRange="0.0 0.1"/>
            <part node="armSupportArm"            startTime="1.2" endTime="1.5" startTrans="0.03 0 0" endTrans="0 0 0" requiredAnimation="folding" requiredAnimationRange="0.0 0.1"/>

            <sound template="hydraulicClose01" startTime="0.01" endTime="1.49" volumeScale="3.0" direction="0"    pitchScale="0.7" fadeIn="0.1" fadeOut="0.1" />
            <sound template="slideOpen"        startTime="0.5"  endTime="1.2"  volumeScale="2"   pitchScale="0.7" linkNode="armSupport" />
            <sound template="vibratingImp"     startTime="0.5"  direction="-1" volumeScale="1.2" pitchScale="1.7" linkNode="armSupport" />
        </animation>

        <animation name="lockDrawbarLimit">
            <part componentJointIndex="2" startTime="0.0" endTime="0.1" startRotLimit="0 50 90" endRotLimit="0 0 0" />
        </animation>

        <animation name="folding" soundVolumeFactor="0.8">
            <!-- lowering -->
            <part componentJointIndex="1"         startTime="0.0" endTime="1.0" startRotMaxLimit="8 0 0" endRotLimit="0 0 0"/>
            <part node="componentJointDrawbar"    startTime="0.4" endTime="1.0" startRot="0 0 0" endRot="11.6 0 0" />
            <part node="armMiddleWheelArm"        startTime="0.0" endTime="1.0" startRot="0 0 0" endRot="50 0 0"/>
            <part node="armLeftWheelArmBack"      startTime="0.0" endTime="1.0" startRot="0 0 0" endRot="50 0 0"/>
            <part node="armLeftWheelArmBackPhys"  startTime="0.0" endTime="1.0" startRot="0 0 0" endRot="50 0 0"/>
            <part node="armRightWheelArmBack"     startTime="0.0" endTime="1.0" startRot="0 0 0" endRot="50 0 0"/>
            <part node="armRightWheelArmBackPhys" startTime="0.0" endTime="1.0" startRot="0 0 0" endRot="50 0 0"/>

            <!-- folding -->
            <part node="armLeftDiscArm"         startTime="1.0" endTime="2.0" startRot="16 0 0" endRot="0 0 0" />
            <part node="armRightDiscArm"        startTime="1.0" endTime="2.0" startRot="16 0 0" endRot="0 0 0" />
            <part node="armLeftWheelArmBack"      startTime="2.0" endTime="4.0" startRot="50 0 0" endRot="15 0 0"/>
            <part node="armLeftWheelArmBackPhys"  startTime="2.0" endTime="4.0" startRot="50 0 0" endRot="15 0 0"/>
            <part node="armRightWheelArmBack"     startTime="2.0" endTime="4.0" startRot="50 0 0" endRot="15 0 0"/>
            <part node="armRightWheelArmBackPhys" startTime="2.0" endTime="4.0" startRot="50 0 0" endRot="15 0 0"/>

            <part node="componentJointArmLeft"  startTime="2.0" endTime="7.8" startRot="0 0 0" endRot="0 0 90" />
            <part node="componentJointArmRight" startTime="2.0" endTime="7.8" startRot="0 0 0" endRot="0 0 -90" />
            <part node="armRightLockArm"        startTime="7.6" endTime="7.8" startRot="0 0 0" endRot="0 0 -8" />
            <part node="armRightLockArm"        startTime="7.8" endTime="8.0" startRot="0 0 -8" endRot="0 0 0" />
            <part node="drawbarTransportLock"   startTime="7.8" endTime="8.0" startRot="0 0 0" endRot="0 0 231"/>
            <part direction="1" startTime="1" endTime="2" dependentAnimation="depthSettingAnimation" dependentAnimationStartTime="1" dependentAnimationEndTime="0"/>

            <sound template="hydraulicClose01" startTime="7"    endTime="7.99" volumeScale="5"   direction="-1" pitchScale="0.5" fadeIn="0.1" fadeOut="0.1" />
            <sound template="hydraulicOpen04"  startTime="7"    endTime="7.99" volumeScale="3"   direction="-1" pitchScale="0.5" fadeIn="0.1" fadeOut="0.1" />
            <sound template="hydraulicOpen06"  startTime="7"    endTime="7.99" volumeScale="1.5" direction="1"  pitchScale="0.5" fadeIn="0.1" fadeOut="0.1" />
            <sound template="hydraulicOpen04"  startTime="7"    endTime="7.99" volumeScale="2.5" direction="1"  pitchScale="1.5" fadeIn="0.1" fadeOut="0.1" />
            <sound template="hydraulicOpen02"  startTime="2"    endTime="7"    volumeScale="1.5" direction="-1" startPitchScale="1.3" endPitchScale="1.4" fadeIn="0.1" fadeOut="0.1" />
            <sound template="hydraulicClose03" startTime="2"    endTime="7"    volumeScale="0.8" direction="-1" startPitchScale="1.7" endPitchScale="1.4" fadeIn="0.1" fadeOut="0.1" />
            <sound template="hydraulicOpen06"  startTime="2"    endTime="7"    volumeScale="0.6" direction="-1" startPitchScale="0.5" endPitchScale="0.6" fadeIn="0.1" fadeOut="0.1" />
            <sound template="hydraulicClose01" startTime="2"    endTime="7"    volumeScale="5"   direction="1"  pitchScale="0.5" fadeIn="0.1" fadeOut="0.1" />
            <sound template="hydraulicClose03" startTime="2"    endTime="7"    volumeScale="2.5" direction="1"  pitchScale="2"   fadeIn="0.1" fadeOut="0.1" />
            <sound template="hydraulicOpen05"  startTime="1.01" endTime="2"    volumeScale="2.0" direction="0"  pitchScale="1.8" fadeIn="0.1" fadeOut="0.1" />
            <sound template="hydraulicOpen06"  startTime="0.4"  endTime="0.99" volumeScale="1.3" direction="-1" pitchScale="0.5" fadeIn="0.1" fadeOut="0.1" />
            <sound template="hydraulicClose03" startTime="0.4"  endTime="0.99" volumeScale="2.0" direction="-1" pitchScale="1.5" fadeIn="0.1" fadeOut="0.1" />
            <sound template="hydraulicClose02" startTime="0.4"  endTime="0.99" volumeScale="4.0" direction="1"  pitchScale="1.2" fadeIn="0.1" fadeOut="0.1" />
            <sound template="hydraulicOpen05"  startTime="0.4"  endTime="0.99" volumeScale="2.0" direction="1"  pitchScale="1.8" fadeIn="0.1" fadeOut="0.1" />
            <sound template="hydraulicClose01" startTime="0.01" endTime="0.6"  volumeScale="3.0" direction="0"  pitchScale="0.7" fadeIn="0.1" fadeOut="0.1" />
            <sound template="vibratingImp"     startTime="2.01" direction="-1" volumeScale="1.4" pitchScale="1" />
            <sound template="foldStartMed02"   startTime="2.01" direction="-1" volumeScale="6.5" pitchScale="0.7" />
            <sound template="clackVar4"        startTime="2.01" direction="-1" volumeScale="3.5" pitchScale="0.5" />
            <sound template="vibratingImp"     startTime="1.01" direction="-1" volumeScale="1.5" pitchScale="1.5" />
            <sound template="metalImpHigh01"   startTime="1.01" direction="-1" volumeScale="0.6" pitchScale="0.8" />
            <sound template="vibratingImp"     startTime="0.4"  direction="-1" volumeScale="1.4" pitchScale="0.8" />
            <sound template="foldStartMed02"   startTime="0.4"  direction="-1" volumeScale="6.5" pitchScale="0.8" />
            <sound template="metalImpHigh02"   startTime="0.4"  direction="-1" volumeScale="1.0" pitchScale="0.8" />
            <sound template="clackVar6"        startTime="0.01" direction="-1" volumeScale="3.0" pitchScale="0.6" />
            <sound template="vibratingImp"     startTime="0.01" direction="-1" volumeScale="1.0" pitchScale="1.6" />
            <sound template="vibratingImp"     startTime="0.99" direction="1"  volumeScale="1.4" pitchScale="0.8" />
            <sound template="foldStartMed02"   startTime="0.99" direction="1"  volumeScale="6.5" pitchScale="0.8" />
            <sound template="metalImpHigh04"   startTime="0.99" direction="1"  volumeScale="0.7" pitchScale="0.8" />
            <sound template="vibratingImp"     startTime="1.99" direction="1"  volumeScale="1.2" pitchScale="1.2" />
            <sound template="clackVar6"        startTime="1.99" direction="1"  volumeScale="2.4" pitchScale="0.7" />
            <sound template="vibratingImp"     startTime="7"    direction="1"  volumeScale="1.4" pitchScale="0.8" />
            <sound template="foldStartMed02"   startTime="7"    direction="1"  volumeScale="6.5" pitchScale="0.8" />
            <sound template="metalImpHigh04"   startTime="7"    direction="1"  volumeScale="1.0" pitchScale="0.8" />
            <sound template="clackVar4"        startTime="7"    direction="1"  volumeScale="3.0" pitchScale="0.6" />
        </animation>

        <animation name="depthSettingAnimation">
            <part node="depthSettingIndicatorPunch" startTime="0.0" endTime="1.0" startTrans="0 0 0.026" endTrans="0 0 0.084"/>

            <part node="armLeftWheelArmFront"      startTime="0.0" endTime="1.0" startRot="-16 0 0" endRot="-28 0 0" />
            <part node="armLeftWheelArmFrontPhys"  startTime="0.0" endTime="1.0" startRot="-16 0 0" endRot="-28 0 0" />
            <part node="armRightWheelArmFront"     startTime="0.0" endTime="1.0" startRot="-16 0 0" endRot="-28 0 0" />
            <part node="armRightWheelArmFrontPhys" startTime="0.0" endTime="1.0" startRot="-16 0 0" endRot="-28 0 0" />

            <part node="armLeftWheel01RotNode" startTime="0.0" endTime="1.0" startRot="16 0 0" endRot="28 0 0" />
            <part node="armRightWheel01RotNode" startTime="0.0" endTime="1.0" startRot="16 0 0" endRot="28 0 0" />

            <part node="armLeftRollerFrameArm01"      startTime="0.0" endTime="1.0" startRot="7 0 0" endRot="16 0 0"/>
            <part node="armLeftRollerFrameArm01Phys"  startTime="0.0" endTime="1.0" startRot="7 0 0" endRot="16 0 0"/>
            <part node="armLeftRollerFramePhys"       startTime="0.0" endTime="1.0" startRot="-7 0 0" endRot="-16 0 0"/>

            <part node="armRightRollerFrameArm01"     startTime="0.0" endTime="1.0" startRot="7 0 0" endRot="16 0 0"/>
            <part node="armRightRollerFrameArm01Phys" startTime="0.0" endTime="1.0" startRot="7 0 0" endRot="16 0 0"/>
            <part node="armRightRollerFramePhys"      startTime="0.0" endTime="1.0" startRot="-7 0 0" endRot="-16 0 0"/>
        </animation>

        <animation name="armLeftDiscArmHandleAnimation">
            <part node="armLeftDiscArmHandle01"     startTime="0.0" endTime="0.2" startRot="0 0 0" endRot="-180 0 0" />
            <part node="armLeftDiscArmHandle02"     startTime="0.0" endTime="0.2" startRot="0 0 0" endRot="-180 0 0" />
            <part node="armLeftDiscArmHandle01Part" startTime="0.2" endTime="1.0" startRot="0 0 0" endRot="0 0 720" />
            <part node="armLeftDiscArmHandle02Part" startTime="0.2" endTime="1.0" startRot="0 0 0" endRot="0 0 720" />
            <part node="armLeftDiscArmHandle01"     startTime="1.0" endTime="1.2" startRot="-180 0 0" endRot="0 0 0" />
            <part node="armLeftDiscArmHandle02"     startTime="1.0" endTime="1.2" startRot="-180 0 0" endRot="0 0 0" />
        </animation>

        <animation name="armRightDiscArmHandleAnimation">
            <part node="armRightDiscArmHandle01"     startTime="0.0" endTime="0.2" startRot="0 0 0" endRot="0 0 180" />
            <part node="armRightDiscArmHandle02"     startTime="0.0" endTime="0.2" startRot="0 0 0" endRot="0 0 -180" />
            <part node="armRightDiscArmHandle01Part" startTime="0.2" endTime="1.0" startRot="0 0 0" endRot="0 0 720" />
            <part node="armRightDiscArmHandle02Part" startTime="0.2" endTime="1.0" startRot="0 0 0" endRot="0 0 720" />
            <part node="armRightDiscArmHandle01"     startTime="1.0" endTime="1.2" startRot="0 0 180" endRot="0 0 0" />
            <part node="armRightDiscArmHandle02"     startTime="1.0" endTime="1.2" startRot="0 0 -180" endRot="0 0 0" />
        </animation>

        <animation name="armLeftHosesAnimation">
            <part node="armLeftAnimatedJoint" startTime="0.0" endTime="1.0" startTrans="0.737 0.953 1.262" endTrans="0.477 1.049 1.226" startRot="0.0 0.0 0.0" endRot="0.0 0.0 28.35" />
            <part node="armLeftHydraulicAnimatedJoint" startTime="0.5" endTime="1.0" startTrans="1.949 -0.245 0.125" endTrans="1.949 -0.05 0.096" />
        </animation>

        <animation name="armRightHosesAnimation">
            <part node="armRightAnimatedJoint" startTime="0.0" endTime="1.0" startTrans="-0.737 0.953 1.262" endTrans="-0.477 1.049 1.226" startRot="0.0 0.0 0.0" endRot="0.0 0.0 -28.35" />
            <part node="armRightHydraulicAnimatedJoint" startTime="0.5" endTime="1.0" startTrans="-1.949 -0.245 0.125" endTrans="-1.949 -0.058 0.097" />
        </animation>
    </animations>

    <cylindered>
        <movingTools>
            <!-- physics -->
            <movingTool node="componentJointDrawbar">
                <componentJoint index="1"/>
            </movingTool>
            <movingTool node="componentJointArmLeft">
                <componentJoint index="3"/>
            </movingTool>
            <movingTool node="componentJointArmRight">
                <componentJoint index="4"/>
            </movingTool>

            <movingTool node="armMiddleWheelArm" wheelNodes="armMiddleWheelLeft armMiddleWheelRight">
                <dependentPart node="armMiddleWheelArmHydraulic" />
            </movingTool>

            <movingTool node="armLeftWheelArmFrontPhys" wheelNodes="armLeftWheel01"/>
            <movingTool node="armRightWheelArmFrontPhys" wheelNodes="armRightWheel01"/>

            <movingTool node="armLeftWheel01RotNode" wheelNodes="armLeftWheel01"/>
            <movingTool node="armRightWheel01RotNode" wheelNodes="armRightWheel01"/>

            <movingTool node="armLeftWheelArmBackPhys"  wheelNodes="armLeftWheelArmBackWheel"/>
            <movingTool node="armRightWheelArmBackPhys" wheelNodes="armRightWheelArmBackWheel"/>

            <movingTool node="armLeftRollerFrameArm01Phys"  wheelNodes="armLeftWheel02 armLeftWheel03"/>
            <movingTool node="armLeftRollerFramePhys"       wheelNodes="armLeftWheel02 armLeftWheel03"/>
            <movingTool node="armRightRollerFrameArm01Phys" wheelNodes="armRightWheel02 armRightWheel03"/>
            <movingTool node="armRightRollerFramePhys"      wheelNodes="armRightWheel02 armRightWheel03"/>

            <!-- visuals -->
             <movingTool node="armSupportArm">
                <dependentPart node="armSupportSpring" />
            </movingTool>

            <movingTool node="armRightLockArm">
                <dependentPart node="armRightLockHydraulic" />
            </movingTool>

            <movingTool node="depthSettingIndicatorPunch">
                <dependentPart node="depthSettingIndicator" />
            </movingTool>

            <movingTool node="armLeftWheelArmFront">
                <dependentPart node="armLeftWheelArmFrontHydraulic" />
            </movingTool>
            <movingTool node="armRightWheelArmFront">
                <dependentPart node="armRightWheelArmFrontHydraulic" />
            </movingTool>

            <movingTool node="groundAdjustLeft">
                <dependentPart node="armLeftSidePlateArm" />
            </movingTool>
            <movingTool node="groundAdjustRight">
                <dependentPart node="armRightSidePlateArm" />
            </movingTool>

            <movingTool node="armLeftWheelArmBack">
                <dependentPart node="armLeftWheelArmBackHydraulic" />
            </movingTool>
            <movingTool node="armRightWheelArmBack">
                <dependentPart node="armRightWheelArmBackHydraulic" />
            </movingTool>

            <movingTool node="armLeftDiscArm">
                <dependentPart node="armLeftDiscArmHandleBase" />
            </movingTool>
            <movingTool node="armRightDiscArm">
                <dependentPart node="armRightDiscArmHandleBase" />
            </movingTool>

            <movingTool node="armLeftRollerFrameArm01">
                <dependentPart node="armLeftRollerFrame" />
                <dependentPart node="armLeftRollerFrameArm02" />
                <dependentPart node="armLeftRollerFrameHydraulic" />
            </movingTool>
            <movingTool node="armRightRollerFrameArm01">
                <dependentPart node="armRightRollerFrame" />
                <dependentPart node="armRightRollerFrameArm02" />
                <dependentPart node="armRightRollerFrameHydraulic" />
            </movingTool>

            <!-- tines -->
            <movingTool node="armLeftTine01">
                <dependentPart node="armLeftTine01SpringBase" />
            </movingTool>
            <movingTool node="armLeftTine02">
                <dependentPart node="armLeftTine02SpringBase" />
            </movingTool>
            <movingTool node="armLeftTine03">
                <dependentPart node="armLeftTine03SpringBase" />
            </movingTool>
            <movingTool node="armLeftTine04">
                <dependentPart node="armLeftTine04SpringBase" />
            </movingTool>
            <movingTool node="armLeftTine05">
                <dependentPart node="armLeftTine05SpringBase" />
            </movingTool>
            <movingTool node="armLeftTine06">
                <dependentPart node="armLeftTine06SpringBase" />
            </movingTool>
            <movingTool node="armLeftTine07">
                <dependentPart node="armLeftTine07SpringBase" />
            </movingTool>
            <movingTool node="armLeftTine08">
                <dependentPart node="armLeftTine08SpringBase" />
            </movingTool>

            <movingTool node="armMiddleTine01">
                <dependentPart node="armMiddleTine01SpringBase" />
            </movingTool>
            <movingTool node="armMiddleTine02">
                <dependentPart node="armMiddleTine02SpringBase" />
            </movingTool>
            <movingTool node="armMiddleTine03">
                <dependentPart node="armMiddleTine03SpringBase" />
            </movingTool>
            <movingTool node="armMiddleTine04">
                <dependentPart node="armMiddleTine04SpringBase" />
            </movingTool>
            <movingTool node="armMiddleTine05">
                <dependentPart node="armMiddleTine05SpringBase" />
            </movingTool>

            <movingTool node="armRightTine01">
                <dependentPart node="armRightTine01SpringBase" />
            </movingTool>
            <movingTool node="armRightTine02">
                <dependentPart node="armRightTine02SpringBase" />
            </movingTool>
            <movingTool node="armRightTine03">
                <dependentPart node="armRightTine03SpringBase" />
            </movingTool>
            <movingTool node="armRightTine04">
                <dependentPart node="armRightTine04SpringBase" />
            </movingTool>
            <movingTool node="armRightTine05">
                <dependentPart node="armRightTine05SpringBase" />
            </movingTool>
            <movingTool node="armRightTine06">
                <dependentPart node="armRightTine06SpringBase" />
            </movingTool>
            <movingTool node="armRightTine07">
                <dependentPart node="armRightTine07SpringBase" />
            </movingTool>
            <movingTool node="armRightTine08">
                <dependentPart node="armRightTine08SpringBase" />
            </movingTool>
        </movingTools>

        <movingParts>
            <!-- drawbar -->
            <movingPart node="drawbar" referencePoint="drawbarRef" referenceFrame="drawbarRefFrame" isActiveDirty="true" maxUpdateDistance="300" limitedAxis="1">
                <dependentPart node="attacherYRot" />
                <dependentPart node="drawbarHydraulic" maxUpdateDistance="40" />
            </movingPart>
            <movingPart node="drawbarHydraulic" referencePoint="drawbarHydraulicRef" referenceFrame="drawbarHydraulicRef">
                <translatingPart node="drawbarHydraulicPunch" />
            </movingPart>
            <movingPart node="attacherYRot" referencePoint="attacherYRotRef" referenceFrame="attacherYRotRefFrame" limitedAxis="2">
                <dependentPart node="attacherZRot" />
            </movingPart>
            <movingPart node="attacherZRot" referencePoint="attacherZRotRef" referenceFrame="attacherZRotRefFrame" limitedAxis="1" />

            <!-- armMiddle -->
            <movingPart node="armMiddleWheelArmHydraulic" referencePoint="armMiddleWheelArmHydraulicRef" referenceFrame="armMiddleWheelArmHydraulicRef">
                <translatingPart node="armMiddleWheelArmHydraulicPunch" />
            </movingPart>
            <movingPart node="armSupportSpring" referencePoint="armSupportSpringRef" referenceFrame="armSupportSpringRef" scaleZ="true" />
            <movingPart node="armRightLockHydraulic" referencePoint="armRightLockHydraulicRef" referenceFrame="armRightLockHydraulicRef">
                <translatingPart node="armRightLockHydraulicPunch" />
            </movingPart>

            <movingPart node="depthSettingIndicator" referencePoint="depthSettingIndicatorRef" referenceFrame="depthSettingIndicatorRef" doInversedLineAlignment="true" doDirectionAlignment="false">
                <orientationLine>
                    <lineNode node="depthSettingIndicatorPunchLineStart"/>
                    <lineNode node="depthSettingIndicatorPunchLineEnd"/>
                </orientationLine>
            </movingPart>

            <!-- tines -->
            <movingPart node="armMiddleTine01SpringBase" referencePoint="armMiddleTine01SpringBaseRef" referenceFrame="armMiddleTine01SpringBaseRef">
                <translatingPart node="armMiddleTine01SpringPunch" />
            </movingPart>
            <movingPart node="armMiddleTine02SpringBase" referencePoint="armMiddleTine02SpringBaseRef" referenceFrame="armMiddleTine02SpringBaseRef">
                <translatingPart node="armMiddleTine02SpringPunch" />
            </movingPart>
            <movingPart node="armMiddleTine03SpringBase" referencePoint="armMiddleTine03SpringBaseRef" referenceFrame="armMiddleTine03SpringBaseRef">
                <translatingPart node="armMiddleTine03SpringPunch" />
            </movingPart>
            <movingPart node="armMiddleTine04SpringBase" referencePoint="armMiddleTine04SpringBaseRef" referenceFrame="armMiddleTine04SpringBaseRef">
                <translatingPart node="armMiddleTine04SpringPunch" />
            </movingPart>
            <movingPart node="armMiddleTine05SpringBase" referencePoint="armMiddleTine05SpringBaseRef" referenceFrame="armMiddleTine05SpringBaseRef">
                <translatingPart node="armMiddleTine05SpringPunch" />
            </movingPart>

            <!-- armLeft -->
            <movingPart node="armLeft" referencePoint="armLeftRef" referenceFrame="armLeftRefFrame" isActiveDirty="true" maxUpdateDistance="300" limitedAxis="1">
                <dependentAnimation name="armLeftHosesAnimation" rotationAxis="1" minValue="-45" maxValue="45" invert="true"/>
                <dependentPart node="armRight" />
                <dependentPart node="armLeftHydraulic" maxUpdateDistance="40" />
            </movingPart>
            <movingPart node="armLeftHydraulic" referencePoint="armLeftHydraulicRef" referenceFrame="armLeftHydraulicRef">
                <translatingPart node="armLeftHydraulicPunch" />
            </movingPart>

            <movingPart node="armLeftWheelArmFrontHydraulic" referencePoint="armLeftWheelArmFrontHydraulicRef" referenceFrame="armLeftWheelArmFrontHydraulicRef">
                <translatingPart node="armLeftWheelArmFrontHydraulicPunch" />
            </movingPart>
            <movingPart node="armLeftWheelArmBackHydraulic" referencePoint="armLeftWheelArmBackHydraulicRef" referenceFrame="armLeftWheelArmBackHydraulicRef">
                <translatingPart node="armLeftWheelArmBackHydraulicPunch" />
            </movingPart>

            <movingPart node="armLeftSidePlateArm" referenceFrame="armLeftSidePlateArmRefFrame" doLineAlignment="true" doDirectionAlignment="false">
                <orientationLine partLength="0.770">
                    <lineNode node="armLeftSidePlateArmLineStart"/>
                    <lineNode node="armLeftSidePlateArmLineEnd"/>
                </orientationLine>
                <dependentPart node="armLeftSidePlate"/>
            </movingPart>
            <movingPart node="armLeftSidePlate" referenceFrame="armLeft" />

            <movingPart node="armLeftDiscArmHandleBase" referencePoint="armLeftDiscArmHandleRef" referenceFrame="armLeftDiscArmHandleRef" doInversedLineAlignment="true" doDirectionAlignment="false">
                <orientationLine>
                    <lineNode node="armLeftDiscArmHandleBaseLineStart"/>
                    <lineNode node="armLeftDiscArmHandleBaseLineEnd"/>
                </orientationLine>
                <dependentPart node="armLeftDiscArmHandlePunchDummy" maxUpdateDistance="40" />
                <dependentAnimation name="armLeftDiscArmHandleAnimation" rotationAxis="1" minValue="-21.8412" maxValue="-20.6300" invert="false"/>
            </movingPart>
            <movingPart node="armLeftDiscArmHandlePunchDummy" referencePoint="armLeftDiscArmHandleRef" referenceFrame="armLeftDiscArmHandleRef" doDirectionAlignment="false">
                <translatingPart node="armLeftDiscArmHandlePunch" />
            </movingPart>

            <movingPart node="armLeftRollerFrame" referenceFrame="armLeftRollerFrameArm01" doDirectionAlignment="false" doRotationAlignment="true" rotMultiplier="-1"/>
            <movingPart node="armLeftRollerFrameArm02" referenceFrame="armLeftRollerFrameArm01" doDirectionAlignment="false" doRotationAlignment="true" rotMultiplier="1"/>
            <movingPart node="armLeftRollerFrameHydraulic" referencePoint="armLeftRollerFrameHydraulicRef" referenceFrame="armLeftRollerFrameHydraulicRef">
                <translatingPart node="armLeftRollerFrameHydraulicPunch" />
            </movingPart>

            <!-- tines -->
            <movingPart node="armLeftTine01SpringBase" referencePoint="armLeftTine01SpringBaseRef" referenceFrame="armLeftTine01SpringBaseRef">
                <translatingPart node="armLeftTine01SpringPunch" />
            </movingPart>
            <movingPart node="armLeftTine02SpringBase" referencePoint="armLeftTine02SpringBaseRef" referenceFrame="armLeftTine02SpringBaseRef">
                <translatingPart node="armLeftTine02SpringPunch" />
            </movingPart>
            <movingPart node="armLeftTine03SpringBase" referencePoint="armLeftTine03SpringBaseRef" referenceFrame="armLeftTine03SpringBaseRef">
                <translatingPart node="armLeftTine03SpringPunch" />
            </movingPart>
            <movingPart node="armLeftTine04SpringBase" referencePoint="armLeftTine04SpringBaseRef" referenceFrame="armLeftTine04SpringBaseRef">
                <translatingPart node="armLeftTine04SpringPunch" />
            </movingPart>
            <movingPart node="armLeftTine05SpringBase" referencePoint="armLeftTine05SpringBaseRef" referenceFrame="armLeftTine05SpringBaseRef">
                <translatingPart node="armLeftTine05SpringPunch" />
            </movingPart>
            <movingPart node="armLeftTine06SpringBase" referencePoint="armLeftTine06SpringBaseRef" referenceFrame="armLeftTine06SpringBaseRef">
                <translatingPart node="armLeftTine06SpringPunch" />
            </movingPart>
            <movingPart node="armLeftTine07SpringBase" referencePoint="armLeftTine07SpringBaseRef" referenceFrame="armLeftTine07SpringBaseRef">
                <translatingPart node="armLeftTine07SpringPunch" />
            </movingPart>
            <movingPart node="armLeftTine08SpringBase" referencePoint="armLeftTine08SpringBaseRef" referenceFrame="armLeftTine08SpringBaseRef">
                <translatingPart node="armLeftTine08SpringPunch" />
            </movingPart>

            <!-- armRight -->
            <movingPart node="armRight" referencePoint="armRightRef" referenceFrame="armRightRefFrame" limitedAxis="1">
                <dependentAnimation name="armRightHosesAnimation" rotationAxis="1" minValue="-45" maxValue="45" invert="true"/>
                <dependentPart node="armRightHydraulic" maxUpdateDistance="40" />
            </movingPart>
            <movingPart node="armRightHydraulic" referencePoint="armRightHydraulicRef" referenceFrame="armRightHydraulicRef">
                <translatingPart node="armRightHydraulicPunch" />
            </movingPart>

            <movingPart node="armRightWheelArmFrontHydraulic" referencePoint="armRightWheelArmFrontHydraulicRef" referenceFrame="armRightWheelArmFrontHydraulicRef">
                <translatingPart node="armRightWheelArmFrontHydraulicPunch" />
            </movingPart>
            <movingPart node="armRightWheelArmBackHydraulic" referencePoint="armRightWheelArmBackHydraulicRef" referenceFrame="armRightWheelArmBackHydraulicRef">
                <translatingPart node="armRightWheelArmBackHydraulicPunch" />
            </movingPart>

            <movingPart node="armRightSidePlateArm" referenceFrame="armRightSidePlateArmRefFrame" doLineAlignment="true" doDirectionAlignment="false">
                <orientationLine partLength="0.770">
                    <lineNode node="armRightSidePlateArmLineStart"/>
                    <lineNode node="armRightSidePlateArmLineEnd"/>
                </orientationLine>
                <dependentPart node="armRightSidePlate"/>
            </movingPart>
            <movingPart node="armRightSidePlate" referenceFrame="armRight" />

            <movingPart node="armRightDiscArmHandleBase" referencePoint="armRightDiscArmHandlePunchRef" referenceFrame="armRightDiscArmHandlePunchRef" doInversedLineAlignment="true" doDirectionAlignment="false">
                <orientationLine>
                    <lineNode node="armRightDiscArmHandleBaseLineStart"/>
                    <lineNode node="armRightDiscArmHandleBaseLineEnd"/>
                </orientationLine>
                <dependentPart node="armRightDiscArmHandlePunchDummy" maxUpdateDistance="40" />
                <dependentAnimation name="armRightDiscArmHandleAnimation" rotationAxis="1" minValue="-21.8396" maxValue="-20.6277" invert="false"/>
            </movingPart>
            <movingPart node="armRightDiscArmHandlePunchDummy" referencePoint="armRightDiscArmHandlePunchRef" referenceFrame="armRightDiscArmHandlePunchRef" doDirectionAlignment="false">
                <translatingPart node="armRightDiscArmHandlePunch" />
            </movingPart>

            <movingPart node="armRightRollerFrame" referenceFrame="armRightRollerFrameArm01" doDirectionAlignment="false" doRotationAlignment="true" rotMultiplier="-1"/>
            <movingPart node="armRightRollerFrameArm02" referenceFrame="armRightRollerFrameArm01" doDirectionAlignment="false" doRotationAlignment="true" rotMultiplier="1"/>
            <movingPart node="armRightRollerFrameHydraulic" referencePoint="armRightRollerFrameHydraulicRef" referenceFrame="armRightRollerFrameHydraulicRef">
                <translatingPart node="armRightRollerFrameHydraulicPunch" />
            </movingPart>

            <!-- tines -->
            <movingPart node="armRightTine01SpringBase" referencePoint="armRightTine01SpringBaseRef" referenceFrame="armRightTine01SpringBaseRef">
                <translatingPart node="armRightTine01SpringPunch" />
            </movingPart>
            <movingPart node="armRightTine02SpringBase" referencePoint="armRightTine02SpringBaseRef" referenceFrame="armRightTine02SpringBaseRef">
                <translatingPart node="armRightTine02SpringPunch" />
            </movingPart>
            <movingPart node="armRightTine03SpringBase" referencePoint="armRightTine03SpringBaseRef" referenceFrame="armRightTine03SpringBaseRef">
                <translatingPart node="armRightTine03SpringPunch" />
            </movingPart>
            <movingPart node="armRightTine04SpringBase" referencePoint="armRightTine04SpringBaseRef" referenceFrame="armRightTine04SpringBaseRef">
                <translatingPart node="armRightTine04SpringPunch" />
            </movingPart>
            <movingPart node="armRightTine05SpringBase" referencePoint="armRightTine05SpringBaseRef" referenceFrame="armRightTine05SpringBaseRef">
                <translatingPart node="armRightTine05SpringPunch" />
            </movingPart>
            <movingPart node="armRightTine06SpringBase" referencePoint="armRightTine06SpringBaseRef" referenceFrame="armRightTine06SpringBaseRef">
                <translatingPart node="armRightTine06SpringPunch" />
            </movingPart>
            <movingPart node="armRightTine07SpringBase" referencePoint="armRightTine07SpringBaseRef" referenceFrame="armRightTine07SpringBaseRef">
                <translatingPart node="armRightTine07SpringPunch" />
            </movingPart>
            <movingPart node="armRightTine08SpringBase" referencePoint="armRightTine08SpringBaseRef" referenceFrame="armRightTine08SpringBaseRef">
                <translatingPart node="armRightTine08SpringPunch" />
            </movingPart>
        </movingParts>
    </cylindered>

    <groundAdjustedNodes>
        <groundAdjustedNode node="groundAdjustLeft"  yOffset="0" minY="-0.827" maxY="0.4" moveSpeed="0.5" resetIfNotActive="true">
            <raycastNode distance="1" node="groundAdjustLeftRaycast" />
             <foldable minLimit="0.0" maxLimit="0.1" />
        </groundAdjustedNode>
        <groundAdjustedNode node="groundAdjustRight" yOffset="0" minY="-0.827" maxY="0.4" moveSpeed="0.5" resetIfNotActive="true">
            <raycastNode distance="1" node="groundAdjustRightRaycast" />
            <foldable minLimit="0.0" maxLimit="0.1" />
        </groundAdjustedNode>
    </groundAdjustedNodes>

    <randomlyMovingParts>
        <randomlyMovingPart node="armLeftTine01" rotAxis="1" rotMax="5" preset="CULTIVATOR" speedScale="0.4" refNodeIndex="1" isSpeedDependent="true"/>
        <randomlyMovingPart node="armLeftTine02" rotAxis="1" rotMax="5" preset="CULTIVATOR" speedScale="0.4" refNodeIndex="1" isSpeedDependent="true"/>
        <randomlyMovingPart node="armLeftTine03" rotAxis="1" rotMax="5" preset="CULTIVATOR" speedScale="0.4" refNodeIndex="1" isSpeedDependent="true"/>
        <randomlyMovingPart node="armLeftTine04" rotAxis="1" rotMax="5" preset="CULTIVATOR" speedScale="0.4" refNodeIndex="1" isSpeedDependent="true"/>
        <randomlyMovingPart node="armLeftTine05" rotAxis="1" rotMax="5" preset="CULTIVATOR" speedScale="0.4" refNodeIndex="1" isSpeedDependent="true"/>
        <randomlyMovingPart node="armLeftTine06" rotAxis="1" rotMax="5" preset="CULTIVATOR" speedScale="0.4" refNodeIndex="1" isSpeedDependent="true"/>
        <randomlyMovingPart node="armLeftTine07" rotAxis="1" rotMax="5" preset="CULTIVATOR" speedScale="0.4" refNodeIndex="1" isSpeedDependent="true"/>
        <randomlyMovingPart node="armMiddleTine01" rotAxis="1" rotMax="5" preset="CULTIVATOR" speedScale="0.4" refNodeIndex="1" isSpeedDependent="true"/>
        <randomlyMovingPart node="armMiddleTine02" rotAxis="1" rotMax="5" preset="CULTIVATOR" speedScale="0.4" refNodeIndex="1" isSpeedDependent="true"/>
        <randomlyMovingPart node="armMiddleTine03" rotAxis="1" rotMax="5" preset="CULTIVATOR" speedScale="0.4" refNodeIndex="1" isSpeedDependent="true"/>
        <randomlyMovingPart node="armMiddleTine04" rotAxis="1" rotMax="5" preset="CULTIVATOR" speedScale="0.4" refNodeIndex="1" isSpeedDependent="true"/>
        <randomlyMovingPart node="armMiddleTine05" rotAxis="1" rotMax="5" preset="CULTIVATOR" speedScale="0.4" refNodeIndex="1" isSpeedDependent="true"/>
        <randomlyMovingPart node="armRightTine01" rotAxis="1" rotMax="5" preset="CULTIVATOR" speedScale="0.4" refNodeIndex="1" isSpeedDependent="true"/>
        <randomlyMovingPart node="armRightTine02" rotAxis="1" rotMax="5" preset="CULTIVATOR" speedScale="0.4" refNodeIndex="1" isSpeedDependent="true"/>
        <randomlyMovingPart node="armRightTine03" rotAxis="1" rotMax="5" preset="CULTIVATOR" speedScale="0.4" refNodeIndex="1" isSpeedDependent="true"/>
        <randomlyMovingPart node="armRightTine04" rotAxis="1" rotMax="5" preset="CULTIVATOR" speedScale="0.4" refNodeIndex="1" isSpeedDependent="true"/>
        <randomlyMovingPart node="armRightTine05" rotAxis="1" rotMax="5" preset="CULTIVATOR" speedScale="0.4" refNodeIndex="1" isSpeedDependent="true"/>
        <randomlyMovingPart node="armRightTine06" rotAxis="1" rotMax="5" preset="CULTIVATOR" speedScale="0.4" refNodeIndex="1" isSpeedDependent="true"/>
        <randomlyMovingPart node="armRightTine07" rotAxis="1" rotMax="5" preset="CULTIVATOR" speedScale="0.4" refNodeIndex="1" isSpeedDependent="true"/>
    </randomlyMovingParts>

    <plow>
        <directionNode node="terria6040_main_component1" />
        <onlyActiveWhenLowered value="true"/>
        <sounds>
            <work template="defaultPlowWork" volumeScale="0.9" pitchScale="1" linkNodeOffset="2 0 -1.5"/>
            <work template="defaultPlowWork" volumeScale="0.9" pitchScale="1" linkNodeOffset="-2 0 -1.5"/>
        </sounds>
    </plow>

    <ai>
        <needsLowering value="true"/>
        <areaMarkers leftNode="aiMarkerLeft" rightNode="aiMarkerRight" backNode="aiMarkerBack"/>
        <collisionTrigger node="aiCollisionNode" width="6.2" height="1.65"/>
        <allowTurnBackward value="false"/>
        <turningRadiusLimitation rotationJointNode="componentJointAttacher" wheelIndices="1 2"/>
        <toolReverserDirectionNode node="aiMarkerBack"/>
        <agentAttachment jointNode="attacherJoint" rotCenterWheelIndices="1 2" width="3.75" height="3.85" length="10.5" heightOffset="-0.8" lengthOffset="1.95"/>
    </ai>

    <foliageBending>
        <bendingNode minX="-1.4" maxX="1.4" minZ="-4.8" maxZ="2.2" yOffset="0.55"/>
        <bendingNode minX="-0.35" maxX="0.35" minZ="-0.9" maxZ="2" yOffset="-0.5" node="terria6040_drawbar_component2"/>
        <bendingNode minX="-0.48" maxX="1.2" minZ="-4.1" maxZ="3.1" yOffset="-0.365" node="terria6040_armLeft_component4" />
        <bendingNode minX="-1.2" maxX="0.48" minZ="-4.1" maxZ="3.1" yOffset="-0.365" node="terria6040_armRight_component5" />
    </foliageBending>

    <designConfigurations title="$l10n_configuration_equipment" isYesNoOption="true">
        <designConfiguration name="$l10n_configuration_valueDesign01"/>
        <designConfiguration name="$l10n_configuration_valueDesign02">
            <objectChange node="armLeftTine01WingTine"   visibilityActive="true" visibilityInactive="false"/>
            <objectChange node="armLeftTine02WingTine"   visibilityActive="true" visibilityInactive="false"/>
            <objectChange node="armLeftTine03WingTine"   visibilityActive="true" visibilityInactive="false"/>
            <objectChange node="armLeftTine04WingTine"   visibilityActive="true" visibilityInactive="false"/>
            <objectChange node="armLeftTine05WingTine"   visibilityActive="true" visibilityInactive="false"/>
            <objectChange node="armLeftTine06WingTine"   visibilityActive="true" visibilityInactive="false"/>
            <objectChange node="armLeftTine07WingTine"   visibilityActive="true" visibilityInactive="false"/>
            <objectChange node="armLeftTine08WingTine"   visibilityActive="true" visibilityInactive="false"/>
            <objectChange node="armMiddleTine01WingTine" visibilityActive="true" visibilityInactive="false"/>
            <objectChange node="armMiddleTine02WingTine" visibilityActive="true" visibilityInactive="false"/>
            <objectChange node="armMiddleTine03WingTine" visibilityActive="true" visibilityInactive="false"/>
            <objectChange node="armMiddleTine04WingTine" visibilityActive="true" visibilityInactive="false"/>
            <objectChange node="armMiddleTine05WingTine" visibilityActive="true" visibilityInactive="false"/>
            <objectChange node="armRightTine01WingTine"  visibilityActive="true" visibilityInactive="false"/>
            <objectChange node="armRightTine02WingTine"  visibilityActive="true" visibilityInactive="false"/>
            <objectChange node="armRightTine03WingTine"  visibilityActive="true" visibilityInactive="false"/>
            <objectChange node="armRightTine04WingTine"  visibilityActive="true" visibilityInactive="false"/>
            <objectChange node="armRightTine05WingTine"  visibilityActive="true" visibilityInactive="false"/>
            <objectChange node="armRightTine06WingTine"  visibilityActive="true" visibilityInactive="false"/>
            <objectChange node="armRightTine07WingTine"  visibilityActive="true" visibilityInactive="false"/>
            <objectChange node="armRightTine08WingTine"  visibilityActive="true" visibilityInactive="false"/>
        </designConfiguration>
    </designConfigurations>

    <wearable wearDuration="480" workMultiplier="5" fieldMultiplier="2"/>
    <washable dirtDuration="90" washDuration="1" workMultiplier="6" fieldMultiplier="2"/>

    <i3dMappings>
        <i3dMapping id="terria6040_main_component1" node="0>" />
        <i3dMapping id="terria6040_vis" node="0>0" />
        <i3dMapping id="wheelChock01_01" node="0>0|0|0" />
        <i3dMapping id="wheelChock01_02" node="0>0|0|1" />
        <i3dMapping id="chockSupport01" node="0>0|0|2" />
        <i3dMapping id="chockSupport02" node="0>0|0|3" />
        <i3dMapping id="armSupport" node="0>0|1|0" />
        <i3dMapping id="armSupportArm" node="0>0|1|0|0|0" />
        <i3dMapping id="armSupportSpringRef" node="0>0|1|0|0|0|0" />
        <i3dMapping id="armSupportSpring" node="0>0|1|0|1" />
        <i3dMapping id="colSupport" node="0>0|1|1|0" />
        <i3dMapping id="rearLight10_left" node="0>0|2|0|0" />
        <i3dMapping id="rearLight10_right" node="0>0|2|0|1" />
        <i3dMapping id="sideMarker06White_01" node="0>0|2|0|2" />
        <i3dMapping id="sideMarker06White_02" node="0>0|2|0|3" />
        <i3dMapping id="redTriangle_02_01" node="0>0|2|0|4" />
        <i3dMapping id="redTriangle_02_02" node="0>0|2|0|5" />
        <i3dMapping id="yellowRound_01_03" node="0>0|2|0|6" />
        <i3dMapping id="yellowRound_01_04" node="0>0|2|0|7" />
        <i3dMapping id="yellowRound_01_05" node="0>0|2|0|8" />
        <i3dMapping id="yellowRound_01_06" node="0>0|2|0|9" />
        <i3dMapping id="yellowRound_01_07" node="0>0|2|0|10" />
        <i3dMapping id="yellowRound_01_08" node="0>0|2|0|11" />
        <i3dMapping id="yellowRound_01_09" node="0>0|2|0|12" />
        <i3dMapping id="yellowRound_01_10" node="0>0|2|0|13" />
        <i3dMapping id="backLightsHigh" node="0>0|2|1|0" />
        <i3dMapping id="turnLightLeftBack" node="0>0|2|2|0" />
        <i3dMapping id="turnLightRightBack" node="0>0|2|2|1" />
        <i3dMapping id="drawbarRefFrame" node="0>0|3|0" />
        <i3dMapping id="drawbar" node="0>0|3|0|0" />
        <i3dMapping id="attacherYRotRefFrame" node="0>0|3|0|0|0" />
        <i3dMapping id="attacherYRot" node="0>0|3|0|0|0|0" />
        <i3dMapping id="attacherZRotRefFrame" node="0>0|3|0|0|0|0|0" />
        <i3dMapping id="attacherZRot" node="0>0|3|0|0|0|0|0|0" />
        <i3dMapping id="drawbarHydraulic" node="0>0|3|0|0|1" />
        <i3dMapping id="drawbarHydraulicPunch" node="0>0|3|0|0|1|0" />
        <i3dMapping id="drawbarTransportLock" node="0>0|3|0|0|1|0|0|0" />
        <i3dMapping id="airRed" node="0>0|3|0|0|1|1|0" />
        <i3dMapping id="airRed_detached" node="0>0|3|0|0|1|1|0|0" />
        <i3dMapping id="airRed_connector" node="0>0|3|0|0|1|1|0|0|0" />
        <i3dMapping id="airYellow" node="0>0|3|0|0|1|1|1" />
        <i3dMapping id="airYellow_detached" node="0>0|3|0|0|1|1|1|0" />
        <i3dMapping id="airYellow_connector" node="0>0|3|0|0|1|1|1|0|0" />
        <i3dMapping id="localHoseHydraulicIn01" node="0>0|3|0|0|1|1|2" />
        <i3dMapping id="hydraulicIn01_detached" node="0>0|3|0|0|1|1|2|0" />
        <i3dMapping id="hydraulicIn01_connector" node="0>0|3|0|0|1|1|2|0|0" />
        <i3dMapping id="localHoseHydraulicOut01" node="0>0|3|0|0|1|1|3" />
        <i3dMapping id="hydraulicOut01_detached" node="0>0|3|0|0|1|1|3|0" />
        <i3dMapping id="hydraulicOut01_connector" node="0>0|3|0|0|1|1|3|0|0" />
        <i3dMapping id="localHoseHydraulicIn02" node="0>0|3|0|0|1|1|4" />
        <i3dMapping id="hydraulicIn02_detached" node="0>0|3|0|0|1|1|4|0" />
        <i3dMapping id="hydraulicIn02_connector" node="0>0|3|0|0|1|1|4|0|0" />
        <i3dMapping id="localHoseHydraulicOut02" node="0>0|3|0|0|1|1|5" />
        <i3dMapping id="hydraulicOut02_detached" node="0>0|3|0|0|1|1|5|0" />
        <i3dMapping id="hydraulicOut02_connector" node="0>0|3|0|0|1|1|5|0|0" />
        <i3dMapping id="localHoseElectric" node="0>0|3|0|0|1|1|6" />
        <i3dMapping id="electric_detached" node="0>0|3|0|0|1|1|6|0" />
        <i3dMapping id="electric_connector" node="0>0|3|0|0|1|1|6|0|0" />
        <i3dMapping id="hydraulicIn01" node="0>0|3|0|0|1|1|7" />
        <i3dMapping id="hydraulicOut01" node="0>0|3|0|0|1|1|8" />
        <i3dMapping id="hydraulicIn02" node="0>0|3|0|0|1|1|9" />
        <i3dMapping id="hydraulicOut02" node="0>0|3|0|0|1|1|10" />
        <i3dMapping id="electric" node="0>0|3|0|0|1|1|11" />
        <i3dMapping id="yellowRound_01_01" node="0>0|3|0|0|1|2|0|0" />
        <i3dMapping id="yellowRound_01_02" node="0>0|3|0|0|1|2|0|1" />
        <i3dMapping id="armMiddleTine01" node="0>0|3|1|0" />
        <i3dMapping id="armMiddleTine01WingTine" node="0>0|3|1|0|0" />
        <i3dMapping id="armMiddleTine01SpringBaseRef" node="0>0|3|1|0|1" />
        <i3dMapping id="armMiddleTine01SpringBase" node="0>0|3|1|1" />
        <i3dMapping id="armMiddleTine01SpringPunch" node="0>0|3|1|1|0" />
        <i3dMapping id="armMiddleTine02" node="0>0|3|1|2" />
        <i3dMapping id="armMiddleTine02WingTine" node="0>0|3|1|2|0" />
        <i3dMapping id="armMiddleTine02SpringBaseRef" node="0>0|3|1|2|1" />
        <i3dMapping id="armMiddleTine02SpringBase" node="0>0|3|1|3" />
        <i3dMapping id="armMiddleTine02SpringPunch" node="0>0|3|1|3|0" />
        <i3dMapping id="armMiddleTine03" node="0>0|3|1|4" />
        <i3dMapping id="armMiddleTine03WingTine" node="0>0|3|1|4|0" />
        <i3dMapping id="armMiddleTine03SpringBaseRef" node="0>0|3|1|4|1" />
        <i3dMapping id="armMiddleTine03SpringBase" node="0>0|3|1|5" />
        <i3dMapping id="armMiddleTine03SpringPunch" node="0>0|3|1|5|0" />
        <i3dMapping id="armMiddleTine04" node="0>0|3|1|6" />
        <i3dMapping id="armMiddleTine04WingTine" node="0>0|3|1|6|0" />
        <i3dMapping id="armMiddleTine04SpringBaseRef" node="0>0|3|1|6|1" />
        <i3dMapping id="armMiddleTine04SpringBase" node="0>0|3|1|7" />
        <i3dMapping id="armMiddleTine04SpringPunch" node="0>0|3|1|7|0" />
        <i3dMapping id="armMiddleTine05" node="0>0|3|1|8" />
        <i3dMapping id="armMiddleTine05WingTine" node="0>0|3|1|8|0" />
        <i3dMapping id="armMiddleTine05SpringBaseRef" node="0>0|3|1|8|1" />
        <i3dMapping id="armMiddleTine05SpringBase" node="0>0|3|1|9" />
        <i3dMapping id="armMiddleTine05SpringPunch" node="0>0|3|1|9|0" />
        <i3dMapping id="armMiddleWheelArm" node="0>0|3|2" />
        <i3dMapping id="armMiddleWheelLeft" node="0>0|3|2|0|0" />
        <i3dMapping id="armMiddleWheelRight" node="0>0|3|2|0|1" />
        <i3dMapping id="armMiddleWheelArmHydraulicRef" node="0>0|3|2|1" />
        <i3dMapping id="armMiddleWheelArmHydraulic" node="0>0|3|3" />
        <i3dMapping id="armMiddleWheelArmHydraulicPunch" node="0>0|3|3|0" />
        <i3dMapping id="armLeftRefFrame" node="0>0|3|4" />
        <i3dMapping id="armLeft" node="0>0|3|4|0" />
        <i3dMapping id="armLeftTine01" node="0>0|3|4|0|0|0|0" />
        <i3dMapping id="armLeftTine01WingTine" node="0>0|3|4|0|0|0|0|0" />
        <i3dMapping id="armLeftTine01SpringBaseRef" node="0>0|3|4|0|0|0|0|1" />
        <i3dMapping id="armLeftTine01SpringBase" node="0>0|3|4|0|0|0|1" />
        <i3dMapping id="armLeftTine01SpringPunch" node="0>0|3|4|0|0|0|1|0" />
        <i3dMapping id="armLeftTine02" node="0>0|3|4|0|0|0|2" />
        <i3dMapping id="armLeftTine02WingTine" node="0>0|3|4|0|0|0|2|0" />
        <i3dMapping id="armLeftTine02SpringBaseRef" node="0>0|3|4|0|0|0|2|1" />
        <i3dMapping id="armLeftTine02SpringBase" node="0>0|3|4|0|0|0|3" />
        <i3dMapping id="armLeftTine02SpringPunch" node="0>0|3|4|0|0|0|3|0" />
        <i3dMapping id="armLeftTine03" node="0>0|3|4|0|0|0|4" />
        <i3dMapping id="armLeftTine03WingTine" node="0>0|3|4|0|0|0|4|0" />
        <i3dMapping id="armLeftTine03SpringBaseRef" node="0>0|3|4|0|0|0|4|1" />
        <i3dMapping id="armLeftTine03SpringBase" node="0>0|3|4|0|0|0|5" />
        <i3dMapping id="armLeftTine03SpringPunch" node="0>0|3|4|0|0|0|5|0" />
        <i3dMapping id="armLeftTine04" node="0>0|3|4|0|0|0|6" />
        <i3dMapping id="armLeftTine04WingTine" node="0>0|3|4|0|0|0|6|0" />
        <i3dMapping id="armLeftTine04SpringBaseRef" node="0>0|3|4|0|0|0|6|1" />
        <i3dMapping id="armLeftTine04SpringBase" node="0>0|3|4|0|0|0|7" />
        <i3dMapping id="armLeftTine04SpringPunch" node="0>0|3|4|0|0|0|7|0" />
        <i3dMapping id="armLeftTine05" node="0>0|3|4|0|0|0|8" />
        <i3dMapping id="armLeftTine05WingTine" node="0>0|3|4|0|0|0|8|0" />
        <i3dMapping id="armLeftTine05SpringBaseRef" node="0>0|3|4|0|0|0|8|1" />
        <i3dMapping id="armLeftTine05SpringBase" node="0>0|3|4|0|0|0|9" />
        <i3dMapping id="armLeftTine05SpringPunch" node="0>0|3|4|0|0|0|9|0" />
        <i3dMapping id="armLeftTine06" node="0>0|3|4|0|0|0|10" />
        <i3dMapping id="armLeftTine06WingTine" node="0>0|3|4|0|0|0|10|0" />
        <i3dMapping id="armLeftTine06SpringBaseRef" node="0>0|3|4|0|0|0|10|1" />
        <i3dMapping id="armLeftTine06SpringBase" node="0>0|3|4|0|0|0|11" />
        <i3dMapping id="armLeftTine06SpringPunch" node="0>0|3|4|0|0|0|11|0" />
        <i3dMapping id="armLeftTine07" node="0>0|3|4|0|0|0|12" />
        <i3dMapping id="armLeftTine07WingTine" node="0>0|3|4|0|0|0|12|0" />
        <i3dMapping id="armLeftTine07SpringBaseRef" node="0>0|3|4|0|0|0|12|1" />
        <i3dMapping id="armLeftTine07SpringBase" node="0>0|3|4|0|0|0|13" />
        <i3dMapping id="armLeftTine07SpringPunch" node="0>0|3|4|0|0|0|13|0" />
        <i3dMapping id="armLeftTine08" node="0>0|3|4|0|0|0|14" />
        <i3dMapping id="armLeftTine08WingTine" node="0>0|3|4|0|0|0|14|0" />
        <i3dMapping id="armLeftTine08SpringBaseRef" node="0>0|3|4|0|0|0|14|1" />
        <i3dMapping id="armLeftTine08SpringBase" node="0>0|3|4|0|0|0|15" />
        <i3dMapping id="armLeftTine08SpringPunch" node="0>0|3|4|0|0|0|15|0" />
        <i3dMapping id="armLeftWheelArmFront" node="0>0|3|4|0|0|1|0" />
        <i3dMapping id="armLeftWheelArmFrontWheel01" node="0>0|3|4|0|0|1|0|0|0" />
        <i3dMapping id="armLeftWheelArmFrontWheel02" node="0>0|3|4|0|0|1|0|0|1" />
        <i3dMapping id="armLeftWheelArmFrontWheelPart" node="0>0|3|4|0|0|1|0|1" />
        <i3dMapping id="armLeftWheelArmFrontHydraulicRef" node="0>0|3|4|0|0|1|0|2" />
        <i3dMapping id="armLeftWheelArmFrontHydraulic" node="0>0|3|4|0|0|2" />
        <i3dMapping id="armLeftWheelArmFrontHydraulicPunch" node="0>0|3|4|0|0|2|0" />
        <i3dMapping id="armLeftSidePlateArmRefFrame" node="0>0|3|4|0|0|3" />
        <i3dMapping id="armLeftSidePlateArm" node="0>0|3|4|0|0|3|0" />
        <i3dMapping id="armLeftSidePlate" node="0>0|3|4|0|0|3|0|0" />
        <i3dMapping id="armLeftWheelArmBack" node="0>0|3|4|0|0|4|0" />
        <i3dMapping id="armLeftWheelArmBackWheelPart" node="0>0|3|4|0|0|4|0|0" />
        <i3dMapping id="armLeftWheelArmBackHydraulicRef" node="0>0|3|4|0|0|4|0|1" />
        <i3dMapping id="armLeftWheelArmBackHydraulic" node="0>0|3|4|0|0|5" />
        <i3dMapping id="armLeftWheelArmBackHydraulicPunch" node="0>0|3|4|0|0|5|0" />
        <i3dMapping id="armLeftRollerFrameArm01" node="0>0|3|4|0|0|6|0" />
        <i3dMapping id="armLeftRollerFrame" node="0>0|3|4|0|0|6|0|0" />
        <i3dMapping id="armLeftRoller01" node="0>0|3|4|0|0|6|0|0|0" />
        <i3dMapping id="armLeftRoller02" node="0>0|3|4|0|0|6|0|0|1" />
        <i3dMapping id="armLeftDiscArm" node="0>0|3|4|0|0|6|0|0|2" />
        <i3dMapping id="armLeftDiscs" node="0>0|3|4|0|0|6|0|0|2|0" />
        <i3dMapping id="armLeftDiscArmHandleRef" node="0>0|3|4|0|0|6|0|0|2|1" />
        <i3dMapping id="armLeftDiscArmHandleBase" node="0>0|3|4|0|0|6|0|0|3" />
        <i3dMapping id="armLeftDiscArmHandlePunchDummy" node="0>0|3|4|0|0|6|0|0|3|0" />
        <i3dMapping id="armLeftDiscArmHandlePunch" node="0>0|3|4|0|0|6|0|0|3|0|0" />
        <i3dMapping id="armLeftDiscArmHandle01Part" node="0>0|3|4|0|0|6|0|0|3|1|0" />
        <i3dMapping id="armLeftDiscArmHandle01" node="0>0|3|4|0|0|6|0|0|3|1|0|0|0" />
        <i3dMapping id="armLeftDiscArmHandle02Part" node="0>0|3|4|0|0|6|0|0|3|2|0" />
        <i3dMapping id="armLeftDiscArmHandle02" node="0>0|3|4|0|0|6|0|0|3|2|0|0|0" />
        <i3dMapping id="armLeftDiscArmHandleBaseLineStart" node="0>0|3|4|0|0|6|0|0|3|3" />
        <i3dMapping id="armLeftDiscArmHandleBaseLineEnd" node="0>0|3|4|0|0|6|0|0|3|4" />
        <i3dMapping id="armLeftRollerFrameHydraulicRef" node="0>0|3|4|0|0|6|0|1" />
        <i3dMapping id="armLeftRollerFrameArm02" node="0>0|3|4|0|0|7|0" />
        <i3dMapping id="armLeftRollerFrameHydraulic" node="0>0|3|4|0|0|8" />
        <i3dMapping id="armLeftRollerFrameHydraulicPunch" node="0>0|3|4|0|0|8|0" />
        <i3dMapping id="groundAdjustLeft" node="0>0|3|4|0|1|0" />
        <i3dMapping id="armLeftSidePlateArmLineStart" node="0>0|3|4|0|1|0|0" />
        <i3dMapping id="armLeftSidePlateArmLineEnd" node="0>0|3|4|0|1|0|1" />
        <i3dMapping id="groundAdjustLeftRaycast" node="0>0|3|4|0|1|1" />
        <i3dMapping id="tineEffectLeftLinkNode" node="0>0|3|4|0|2|0" />
        <i3dMapping id="rollerEffectLeftLinkNode" node="0>0|3|4|0|2|1" />
        <i3dMapping id="armLeftHydraulicRef" node="0>0|3|4|0|3" />
        <i3dMapping id="armLeftHydraulic" node="0>0|3|5" />
        <i3dMapping id="armLeftHydraulicPunch" node="0>0|3|5|0" />
        <i3dMapping id="armLeftHydraulicAnimatedJoint" node="0>0|3|5|3" />
        <i3dMapping id="armRightRefFrame" node="0>0|3|6" />
        <i3dMapping id="armRight" node="0>0|3|6|0" />
        <i3dMapping id="armRightTine01" node="0>0|3|6|0|0|0|0" />
        <i3dMapping id="armRightTine01WingTine" node="0>0|3|6|0|0|0|0|0" />
        <i3dMapping id="armRightTine01SpringBaseRef" node="0>0|3|6|0|0|0|0|1" />
        <i3dMapping id="armRightTine01SpringBase" node="0>0|3|6|0|0|0|1" />
        <i3dMapping id="armRightTine01SpringPunch" node="0>0|3|6|0|0|0|1|0" />
        <i3dMapping id="armRightTine02" node="0>0|3|6|0|0|0|2" />
        <i3dMapping id="armRightTine02WingTine" node="0>0|3|6|0|0|0|2|0" />
        <i3dMapping id="armRightTine02SpringBaseRef" node="0>0|3|6|0|0|0|2|1" />
        <i3dMapping id="armRightTine02SpringBase" node="0>0|3|6|0|0|0|3" />
        <i3dMapping id="armRightTine02SpringPunch" node="0>0|3|6|0|0|0|3|0" />
        <i3dMapping id="armRightTine03" node="0>0|3|6|0|0|0|4" />
        <i3dMapping id="armRightTine03WingTine" node="0>0|3|6|0|0|0|4|0" />
        <i3dMapping id="armRightTine03SpringBaseRef" node="0>0|3|6|0|0|0|4|1" />
        <i3dMapping id="armRightTine03SpringBase" node="0>0|3|6|0|0|0|5" />
        <i3dMapping id="armRightTine03SpringPunch" node="0>0|3|6|0|0|0|5|0" />
        <i3dMapping id="armRightTine04" node="0>0|3|6|0|0|0|6" />
        <i3dMapping id="armRightTine04WingTine" node="0>0|3|6|0|0|0|6|0" />
        <i3dMapping id="armRightTine04SpringBaseRef" node="0>0|3|6|0|0|0|6|1" />
        <i3dMapping id="armRightTine04SpringBase" node="0>0|3|6|0|0|0|7" />
        <i3dMapping id="armRightTine04SpringPunch" node="0>0|3|6|0|0|0|7|0" />
        <i3dMapping id="armRightTine05" node="0>0|3|6|0|0|0|8" />
        <i3dMapping id="armRightTine05WingTine" node="0>0|3|6|0|0|0|8|0" />
        <i3dMapping id="armRightTine05SpringBaseRef" node="0>0|3|6|0|0|0|8|1" />
        <i3dMapping id="armRightTine05SpringBase" node="0>0|3|6|0|0|0|9" />
        <i3dMapping id="armRightTine05SpringPunch" node="0>0|3|6|0|0|0|9|0" />
        <i3dMapping id="armRightTine06" node="0>0|3|6|0|0|0|10" />
        <i3dMapping id="armRightTine06WingTine" node="0>0|3|6|0|0|0|10|0" />
        <i3dMapping id="armRightTine06SpringBaseRef" node="0>0|3|6|0|0|0|10|1" />
        <i3dMapping id="armRightTine06SpringBase" node="0>0|3|6|0|0|0|11" />
        <i3dMapping id="armRightTine06SpringPunch" node="0>0|3|6|0|0|0|11|0" />
        <i3dMapping id="armRightTine07" node="0>0|3|6|0|0|0|12" />
        <i3dMapping id="armRightTine07WingTine" node="0>0|3|6|0|0|0|12|0" />
        <i3dMapping id="armRightTine07SpringBaseRef" node="0>0|3|6|0|0|0|12|1" />
        <i3dMapping id="armRightTine07SpringBase" node="0>0|3|6|0|0|0|13" />
        <i3dMapping id="armRightTine07SpringPunch" node="0>0|3|6|0|0|0|13|0" />
        <i3dMapping id="armRightTine08" node="0>0|3|6|0|0|0|14" />
        <i3dMapping id="armRightTine08WingTine" node="0>0|3|6|0|0|0|14|0" />
        <i3dMapping id="armRightTine08SpringBaseRef" node="0>0|3|6|0|0|0|14|1" />
        <i3dMapping id="armRightTine08SpringBase" node="0>0|3|6|0|0|0|15" />
        <i3dMapping id="armRightTine08SpringPunch" node="0>0|3|6|0|0|0|15|0" />
        <i3dMapping id="armRightWheelArmFront" node="0>0|3|6|0|0|1|0" />
        <i3dMapping id="armRightWheelArmFrontWheel01" node="0>0|3|6|0|0|1|0|0|0" />
        <i3dMapping id="armRightWheelArmFrontWheel02" node="0>0|3|6|0|0|1|0|0|1" />
        <i3dMapping id="armRightWheelArmFrontWheelPart" node="0>0|3|6|0|0|1|0|1" />
        <i3dMapping id="armRightWheelArmFrontHydraulicRef" node="0>0|3|6|0|0|1|0|2" />
        <i3dMapping id="armRightWheelArmFrontHydraulic" node="0>0|3|6|0|0|2" />
        <i3dMapping id="armRightWheelArmFrontHydraulicPunch" node="0>0|3|6|0|0|2|0" />
        <i3dMapping id="armRightSidePlateArmRefFrame" node="0>0|3|6|0|0|3" />
        <i3dMapping id="armRightSidePlateArm" node="0>0|3|6|0|0|3|0" />
        <i3dMapping id="armRightSidePlate" node="0>0|3|6|0|0|3|0|0" />
        <i3dMapping id="armRightWheelArmBack" node="0>0|3|6|0|0|4|0" />
        <i3dMapping id="armRightWheelArmBackWheelPart" node="0>0|3|6|0|0|4|0|0" />
        <i3dMapping id="armRightWheelArmBackHydraulicRef" node="0>0|3|6|0|0|4|0|1" />
        <i3dMapping id="armRightWheelArmBackHydraulic" node="0>0|3|6|0|0|5" />
        <i3dMapping id="armRightWheelArmBackHydraulicPunch" node="0>0|3|6|0|0|5|0" />
        <i3dMapping id="armRightRollerFrameArm01" node="0>0|3|6|0|0|6|0" />
        <i3dMapping id="armRightRollerFrame" node="0>0|3|6|0|0|6|0|0" />
        <i3dMapping id="armRightRoller01" node="0>0|3|6|0|0|6|0|0|0" />
        <i3dMapping id="armRightRoller02" node="0>0|3|6|0|0|6|0|0|1" />
        <i3dMapping id="armRightDiscArm" node="0>0|3|6|0|0|6|0|0|2" />
        <i3dMapping id="armRightDiscs" node="0>0|3|6|0|0|6|0|0|2|0" />
        <i3dMapping id="armRightDiscArmHandlePunchRef" node="0>0|3|6|0|0|6|0|0|2|1" />
        <i3dMapping id="armRightDiscArmHandleBase" node="0>0|3|6|0|0|6|0|0|3" />
        <i3dMapping id="armRightDiscArmHandlePunchDummy" node="0>0|3|6|0|0|6|0|0|3|0" />
        <i3dMapping id="armRightDiscArmHandlePunch" node="0>0|3|6|0|0|6|0|0|3|0|0" />
        <i3dMapping id="armRightDiscArmHandle01Part" node="0>0|3|6|0|0|6|0|0|3|1|0" />
        <i3dMapping id="armRightDiscArmHandle01" node="0>0|3|6|0|0|6|0|0|3|1|0|0|0" />
        <i3dMapping id="armRightDiscArmHandle02Part" node="0>0|3|6|0|0|6|0|0|3|2|0" />
        <i3dMapping id="armRightDiscArmHandle02" node="0>0|3|6|0|0|6|0|0|3|2|0|0|0" />
        <i3dMapping id="armRightDiscArmHandleBaseLineStart" node="0>0|3|6|0|0|6|0|0|3|3" />
        <i3dMapping id="armRightDiscArmHandleBaseLineEnd" node="0>0|3|6|0|0|6|0|0|3|4" />
        <i3dMapping id="armRightRollerFrameHydraulicRef" node="0>0|3|6|0|0|6|0|1" />
        <i3dMapping id="armRightRollerFrameArm02" node="0>0|3|6|0|0|7|0" />
        <i3dMapping id="armRightRollerFrameHydraulic" node="0>0|3|6|0|0|8" />
        <i3dMapping id="armRightRollerFrameHydraulicPunch" node="0>0|3|6|0|0|8|0" />
        <i3dMapping id="armRightLockArm" node="0>0|3|6|0|0|9" />
        <i3dMapping id="armRightLockHydraulicRef" node="0>0|3|6|0|0|9|0" />
        <i3dMapping id="armRightLockHydraulic" node="0>0|3|6|0|0|10" />
        <i3dMapping id="armRightLockHydraulicPunch" node="0>0|3|6|0|0|10|0" />
        <i3dMapping id="groundAdjustRight" node="0>0|3|6|0|1|0" />
        <i3dMapping id="armRightSidePlateArmLineStart" node="0>0|3|6|0|1|0|0" />
        <i3dMapping id="armRightSidePlateArmLineEnd" node="0>0|3|6|0|1|0|1" />
        <i3dMapping id="groundAdjustRightRaycast" node="0>0|3|6|0|1|1" />
        <i3dMapping id="tineEffectRightLinkNode" node="0>0|3|6|0|2|0" />
        <i3dMapping id="rollerEffectRightLinkNode" node="0>0|3|6|0|2|1" />
        <i3dMapping id="armRightHydraulicRef" node="0>0|3|6|0|3" />
        <i3dMapping id="armRightHydraulic" node="0>0|3|7" />
        <i3dMapping id="armRightHydraulicPunch" node="0>0|3|7|0" />
        <i3dMapping id="armRightHydraulicAnimatedJoint" node="0>0|3|7|3" />
        <i3dMapping id="depthSettingIndicator" node="0>0|3|8" />
        <i3dMapping id="depthSettingIndicatorPunchLineStart" node="0>0|3|8|0" />
        <i3dMapping id="depthSettingIndicatorPunchLineEnd" node="0>0|3|8|1" />
        <i3dMapping id="depthSettingIndicatorPunch" node="0>0|3|9|0" />
        <i3dMapping id="depthSettingIndicatorRef" node="0>0|3|9|0|0" />
        <i3dMapping id="drawbarHydraulicRef" node="0>0|3|10" />
        <i3dMapping id="tineEffectMiddleLinkNode" node="0>0|4|0" />
        <i3dMapping id="chunkEmitterShape" node="0>0|4|1" />
        <i3dMapping id="dustEmitterShape" node="0>0|4|2" />
        <i3dMapping id="workAreaStart" node="0>0|5|0" />
        <i3dMapping id="workAreaWidth" node="0>0|5|1" />
        <i3dMapping id="workAreaHeight" node="0>0|5|2" />
        <i3dMapping id="groundReferenceNode" node="0>0|5|3" />
        <i3dMapping id="aiCollisionNode" node="0>0|6|0" />
        <i3dMapping id="aiMarkerLeft" node="0>0|6|1" />
        <i3dMapping id="aiMarkerRight" node="0>0|6|2" />
        <i3dMapping id="aiMarkerBack" node="0>0|6|3" />
        <i3dMapping id="licensePlateHolder" node="0>0|7|0" />
        <i3dMapping id="plateNumberLight02_01" node="0>0|7|0|0|0|0" />
        <i3dMapping id="plateNumberLight02_02" node="0>0|7|0|0|0|1" />
        <i3dMapping id="licensePlateLightHigh" node="0>0|7|0|0|1|0" />
        <i3dMapping id="licensePlateBack" node="0>0|7|0|1" />
        <i3dMapping id="componentJointDrawbar" node="0>0|8" />
        <i3dMapping id="componentJointArmLeft" node="0>0|9" />
        <i3dMapping id="componentJointArmRight" node="0>0|10" />
        <i3dMapping id="armLeftAnimatedJoint" node="0>0|12" />
        <i3dMapping id="armRightAnimatedJoint" node="0>0|13" />
        <i3dMapping id="terria6040_drawbar_component2" node="1>" />
        <i3dMapping id="drawbarRef" node="1>0" />
        <i3dMapping id="componentJointAttacher" node="1>1" />
        <i3dMapping id="terria6040_attacher_component3" node="2>" />
        <i3dMapping id="attacherYRotRef" node="2>0" />
        <i3dMapping id="attacherZRotRef" node="2>1" />
        <i3dMapping id="attacherJoint" node="2>2" />
        <i3dMapping id="terria6040_armLeft_component4" node="3>" />
        <i3dMapping id="armLeftRef" node="3>0" />
        <i3dMapping id="armLeftWheelArmFrontPhys" node="3>1" />
        <i3dMapping id="armLeftWheel01RotNode" node="3>1|0" />
        <i3dMapping id="armLeftWheel01" node="3>1|0|0" />
        <i3dMapping id="armLeftWheel01Hub" node="3>1|0|0|0" />
        <i3dMapping id="armLeftWheelArmBackPhys" node="3>2" />
        <i3dMapping id="armLeftWheelArmBackWheel" node="3>2|0" />
        <i3dMapping id="armLeftRollerFrameArm01Phys" node="3>3" />
        <i3dMapping id="armLeftRollerFramePhys" node="3>3|0" />
        <i3dMapping id="armLeftWheel02" node="3>3|0|0" />
        <i3dMapping id="armLeftWheel03" node="3>3|0|1" />
        <i3dMapping id="terria6040_armRight_component5" node="4>" />
        <i3dMapping id="armRightRef" node="4>0" />
        <i3dMapping id="armRightWheelArmFrontPhys" node="4>1" />
        <i3dMapping id="armRightWheel01RotNode" node="4>1|0" />
        <i3dMapping id="armRightWheel01" node="4>1|0|0" />
        <i3dMapping id="armRightWheel01Hub" node="4>1|0|0|0" />
        <i3dMapping id="armRightWheelArmBackPhys" node="4>2" />
        <i3dMapping id="armRightWheelArmBackWheel" node="4>2|0" />
        <i3dMapping id="armRightRollerFrameArm01Phys" node="4>3" />
        <i3dMapping id="armRightRollerFramePhys" node="4>3|0" />
        <i3dMapping id="armRightWheel02" node="4>3|0|0" />
        <i3dMapping id="armRightWheel03" node="4>3|0|1" />
    </i3dMappings>
</vehicle>
