﻿<?xml version="1.0" encoding="utf-8" standalone="no" ?>
<modDesc descVersion="91">
    <author>BanksIncModding</author>
    <version>1.0.0.0</version>
    <title>
        <en>John Deere 980 Plow</en>
    </title>
    <description>
        <en>
            <![CDATA[John Deere 980 cultivator.
			
- John Deere 980]]>
        </en>
    </description>
    <iconFilename>icon_cultivator980.dds</iconFilename>
    <multiplayer supported="true" />
    <storeItems>
	<storeItem xmlFilename="cultivator980.xml"/>
    </storeItems>
	<vehicleTypes>
	<type name="980" parent="cultivator" className="Vehicle" filename="$dataS/scripts/vehicles/Vehicle.lua">
		<specialization name="plow" />
	</type>
</vehicleTypes>
</modDesc>
