﻿<?xml version="1.0" encoding="utf-8" standalone="no"?>
<modDesc descVersion="92">
    <author>Gusta</author>
    <version>1.0.0.0</version>
    <title>
<en>Bridge Pack</en> 
<de>Bridges Pack</de>
<fr>Pack Pont</fr>
	</title>
<description>
<en> <![CDATA[This pack contains seven different bridges to get over trenches, rivers, or roads! There are two main types of bridges; a Standard bridge allows vehicles and tractors to cross with a specific width, while the single-wheel bridge can have any width. The bridge works by having a single-wheel bridge, where two of the bridges will need to be side by side to complete the bridge. Doing this will allow for any width for any sized machinery!

Prices:
Small Bridge: 550€
Medium-sized Bridge: 925€
Large-sized Bridge: 1225€
XL-sized Bridge: 1560€
Single-wheel bridge: 700€
Single-wheel bridge Large: 988€
Single-wheel bridge XL: 1105€

To get the full functionality of these bridges, there are
some important steps to make this work properly: 

1) Make sure to have one side of the bridge level before you place it!
2) After you have done this, open the shop and select the bridge you want to use. If the bridge does not fully cover the crossing, you may need to balance some of the transitions until the bridge fits.
3) Next, place this bridge on the leveled surface.
4) Finally, lift the ground around the sides of the bridge if necessary to get a smooth transition from the ground and fix the terrain under the bridge if it has been spilled!

Changelog 1.0.0.1
- Added four new bridges 
- New store images
- Updated Mod Description 
]]>
</en>
<de> <![CDATA[Dieses Paket enthält sieben verschiedene Brücken, um Gräben, Flüsse oder Straßen zu überqueren! Es gibt zwei Haupttypen von Brücken; eine Standardbrücke erlaubt Fahrzeugen und Traktoren die Überquerung mit einer bestimmten Breite, während die Einzelradbrücke eine beliebige Breite haben kann. Die Brücke funktioniert mit einer Einzelradbrücke, wobei zwei der Brücken nebeneinander liegen müssen, um die Brücke zu vervollständigen. Auf diese Weise ist jede Breite für jede Maschinengröße möglich!

Preise:
Kleine Brücke: 550€
Mittelgroße Brücke: 925€
Große Brücke: 1225€
XL-Brücke: 1560€
Brücke mit einem Rad: 700€
Einzelrad-Brücke Large: 988€
Einzelrad-Brücke XL: 1105€

Um die volle Funktionalität dieser Brücken zu erhalten, gibt es
einige wichtige Schritte, damit sie richtig funktionieren: 

1) Stellen Sie sicher, dass eine Seite der Brücke eben ist, bevor Sie sie platzieren!
2) Öffnen Sie danach den Shop und wählen Sie die Brücke aus, die Sie verwenden möchten. Wenn die Brücke den Übergang nicht vollständig abdeckt, müssen Sie eventuell einige Übergänge ausgleichen, bis die Brücke passt.
3) Platzieren Sie die Brücke auf der geebneten Fläche.
4) Heben Sie schließlich den Boden an den Seiten der Brücke an, falls nötig, um einen glatten Übergang vom Boden zu erhalten, und richten Sie das Gelände unter der Brücke, falls es verschüttet wurde!

Änderungsliste 1.0.0.1
- Vier neue Brücken hinzugefügt 
- Neue Ladenbilder
- Mod-Beschreibung aktualisiert 
]]>
</de>
<fr>
<![CDATA[Ce pack contient sept ponts différents pour franchir des tranchées, des rivières ou des routes ! Il existe deux principaux types de ponts : le pont standard permet aux véhicules et aux tracteurs de traverser avec une largeur spécifique, tandis que le pont à roue unique peut avoir n'importe quelle largeur. Le pont fonctionne en ayant un pont à roue unique, où deux des ponts devront être côte à côte pour compléter le pont. Cela permet d'avoir n'importe quelle largeur pour n'importe quelle taille de machine !

Prix :
Petit pont : 550€
Pont de taille moyenne : 925
Grand pont : 1225
Pont de taille XL : 1560 €.
Pont à une roue : 700€
Pont à roue unique Large : 988€
Pont à roue unique XL : 1105€

Pour bénéficier de la pleine fonctionnalité de ces ponts, il y a
quelques étapes importantes pour que cela fonctionne correctement : 

1) Assurez-vous d'avoir un côté du pont à niveau avant de le placer !
2) Après avoir fait cela, ouvrez la boutique et sélectionnez le pont que vous voulez utiliser. Si le pont ne couvre pas entièrement le passage, vous devrez peut-être équilibrer certaines des transitions jusqu'à ce que le pont s'adapte.
3) Ensuite, placez ce pont sur la surface nivelée.
4) Enfin, soulevez le terrain autour des côtés du pont si nécessaire pour obtenir une transition douce du terrain et réparez le terrain sous le pont s'il a été renversé !

Changelog 1.0.0.1
- Ajout de quatre nouveaux ponts 
- Nouvelles images de magasins
- Mise à jour de la description du mod 
]]>
</fr>

</description>
    <iconFilename>icon.dds</iconFilename>
    <multiplayer supported="true" />

    <storeItems>        
        <storeItem xmlFilename="SmallBridge.xml"/>      
		<storeItem xmlFilename="SingleWheelBridge.xml"/>      
		<storeItem xmlFilename="MediumBridge.xml"/>      
		<storeItem xmlFilename="LargeBridge.xml"/>   
		<storeItem xmlFilename="SingleWheelBridgeLarge.xml"/>   
		<storeItem xmlFilename="SingleWheelBridgeXL.xml"/>   	
		<storeItem xmlFilename="XLBridge.xml"/>   		
    </storeItems>
</modDesc>
