<?xml version="1.0" encoding="utf-8" standalone="no" ?>
<placeable type="simplePlaceable">
    <storeData>
        <name>Small Bridge</name>
        <functions>
            <function>$l10n_function_decoration</function>
        </functions>
        <image>smallbridge.dds</image>
        <price>1000</price>
        <dailyUpkeep>4</dailyUpkeep>
        <lifetime>1000</lifetime>
        <rotation>0</rotation>
        <brand>NONE</brand>
        <species>placeable</species>
        <category>decoration</category>
		<brush>
            <type>placeable</type>
            <category>decoration</category>
            <tab>uncategorized</tab>
        </brush>
        <canBeSold>true</canBeSold>
        <showInStore>true</showInStore>
        <vertexBufferMemoryUsage>25856</vertexBufferMemoryUsage>
        <indexBufferMemoryUsage>2424</indexBufferMemoryUsage>
        <textureMemoryUsage>4194384</textureMemoryUsage>
        <audioMemoryUsage>0</audioMemoryUsage>
        <instanceVertexBufferMemoryUsage>0</instanceVertexBufferMemoryUsage>
        <instanceIndexBufferMemoryUsage>0</instanceIndexBufferMemoryUsage>
    </storeData>

    <base>
        <filename>SmallBridge.i3d</filename>
    </base>

    <placement useRandomYRotation="false" useManualYRotation="true">
        <testAreas>
            <testArea startNode="testArea1Start" endNode="testArea1End" />
        </testAreas>
    </placement>

    <clearAreas>
        <clearArea startNode="clearArea01Start" widthNode="clearArea01Width" heightNode="clearArea01Height"/>
    </clearAreas>

    <leveling requireLeveling="true" maxSmoothDistance="3" maxSlope="75" maxEdgeAngle="30">
        <levelAreas>
            <levelArea startNode="levelingArea01Start" widthNode="levelingArea01Width" heightNode="levelingArea01Height" groundType="asphalt"/>
        </levelAreas>
    </leveling>

    <indoorAreas>
        <indoorArea startNode="indoorAreaStart" widthNode="indoorAreaWidth" heightNode="indoorAreaHeight"/>
    </indoorAreas>

    <tipOcclusionUpdateAreas>
        <tipOcclusionUpdateArea startNode="tipOcclusionUpdateArea1Start" endNode="tipOcclusionUpdateArea1End" />
    </tipOcclusionUpdateAreas>

    <ai>
        <updateAreas>
            <updateArea startNode="tipOcclusionUpdateArea1Start" endNode="tipOcclusionUpdateArea1End" />
        </updateAreas>
    </ai>

 <i3dMappings>
        <i3dMapping id="WoodPlanks" node="0>0" />
        <i3dMapping id="SideBeams" node="0>1" />
		<i3dMapping id="SideGards" node="0>2" />
        <i3dMapping id="IBeams" node="0>3" />		
    </i3dMappings>
</placeable>