<?xml version="1.0" encoding="utf-8" standalone="no"?>
<modDesc descVersion="92" xmlns:xsi="http://www.w3.org/2001/XMLSchema-instance" xsi:noNamespaceSchemaLocation="https://validation.gdn.giants-software.com/xml/fs25/modDesc.xsd">
    <author>Cb_Shephard</author>
    <version>1.0.0.0</version>
    <title>
        <en>TMC Cancela Edit Pack</en>
    </title>

    <description>
<en><![CDATA[
TMC Cancela forestry tools without creating field / cultivator option. 
]]></en>

<es><![CDATA[
Herramientas forestales TMC Cancela sin la opcion de crear campos / cultivador. 
]]></es>
    </description>

    <iconFilename>icon.dds</iconFilename>

    <multiplayer supported="true"/>

    <storeItems>
        <storeItem xmlFilename="thx180.xml"/>
		<storeItem xmlFilename="tfr250.xml"/>
    </storeItems>
</modDesc>