﻿<?xml version="1.0" encoding="utf-8" standalone="no"?>
<vehicle type="stumpCutterCultivatorPlow" xmlns:xsi="http://www.w3.org/2001/XMLSchema-instance" xsi:noNamespaceSchemaLocation="../../../../shared/xml/schema/vehicle.xsd">
    <annotation>Copyright (C) GIANTS Software GmbH, All Rights Reserved.</annotation>

    <storeData>
        <name>TFR 250</name>
        <specs>
            <neededPower>360</neededPower>
            <workingWidth>2.5</workingWidth>
            <combination filterCategory="weights" filterSpec="weight" filterSpecMin="1500" filterSpecMax="1700"/>
        </specs>
        <functions>
            <function>$l10n_function_forestryMulcher</function>
        </functions>
        <image>store_tfr250.png</image>
        <price>89500</price>
        <lifetime>600</lifetime>
        <rotation>0</rotation>
        <brand>TMCCANCELA</brand>
        <category>forestryMulchers</category>
        <shopHeight>3</shopHeight>
        <shopTranslationOffset>0 -0.011 0</shopTranslationOffset>
        <shopRotationOffset>-1.010 0 0</shopRotationOffset>
        <vertexBufferMemoryUsage>788480</vertexBufferMemoryUsage>
        <indexBufferMemoryUsage>184576</indexBufferMemoryUsage>
        <textureMemoryUsage>786432</textureMemoryUsage>
        <instanceVertexBufferMemoryUsage>0</instanceVertexBufferMemoryUsage>
        <instanceIndexBufferMemoryUsage>0</instanceIndexBufferMemoryUsage>
        <audioMemoryUsage>0</audioMemoryUsage>
    </storeData>

    <base>
        <typeDesc>$l10n_typeDesc_mulcher</typeDesc>
        <filename>$data/vehicles/tmcCancela/tfr250/tfr250.i3d</filename>
        <size width="3.15" length="2.2" height="2.05" lengthOffset="-0.37"/>
        <speedLimit value="10"/>
        <components>
            <component centerOfMass="0 0.6 0" solverIterationCount="15" mass="4660"/>
        </components>
        <schemaOverlay attacherJointPosition="0 0" name="IMPLEMENT"/>
        <mapHotspot type="TOOL"/>
    </base>

    <attachable>
        <inputAttacherJoints>
            <inputAttacherJoint node="attacherJoint" jointType="implement" topReferenceNode="topReferenceNode" lowerRotationOffset="-5" upperRotationOffset="10" lowerRotLimitScale="0 0 0" upperRotLimitScale="0 0 0" lowerTransLimitScale="0 1 0" allowsLowering="true">
                <distanceToGround lower="0.58" upper="0.9"/>
                <bottomArm widths="1.06" ballType="1" />
            </inputAttacherJoint>
        </inputAttacherJoints>
        <support animationName="moveSupport"/>
        <lowerAnimation name="loweringAnimation" speed="1"/>
    </attachable>

    <connectionHoses>
        <hose inputAttacherJointIndices="1" type="hydraulicIn"  node="hydraulicIn01_socket"  length="1.3" diameter="0.02" straighteningFactor="0.5" socket="hydraulic04" outgoingAdapter="DEFAULT" socketMaterialTemplateName="0.8713 0.2051 0.0070 1"/>
        <hose inputAttacherJointIndices="1" type="hydraulicIn"  node="hydraulicIn03_socket"  length="1.3" diameter="0.02" straighteningFactor="0.5" socket="hydraulic04" outgoingAdapter="DEFAULT" socketMaterialTemplateName="0.8713 0.2051 0.0070 1"/>
        <hose inputAttacherJointIndices="1" type="hydraulicIn"  node="hydraulicIn02_socket"  length="1.3" diameter="0.02" straighteningFactor="0.5" socket="hydraulic04" outgoingAdapter="DEFAULT" socketMaterialTemplateName="0.8713 0.2051 0.0070 1"/>
        <hose inputAttacherJointIndices="1" type="hydraulicOut" node="hydraulicOut01_socket" length="1.3" diameter="0.02" straighteningFactor="1.0" socket="hydraulic03" outgoingAdapter="DEFAULT" socketMaterialTemplateName="0.8713 0.2051 0.0070 1"/>
        <hose inputAttacherJointIndices="1" type="hydraulicOut" node="hydraulicOut02_socket" length="1.3" diameter="0.02" straighteningFactor="1.0" socket="hydraulic03" outgoingAdapter="DEFAULT" socketMaterialTemplateName="0.8713 0.2051 0.0070 1"/>
        <hose inputAttacherJointIndices="1" type="hydraulicOut" node="hydraulicOut03_socket" length="1.3" diameter="0.02" straighteningFactor="1.0" socket="hydraulic03" outgoingAdapter="DEFAULT" socketMaterialTemplateName="0.8713 0.2051 0.0070 1"/>
    </connectionHoses>

    <powerTakeOffs>
        <input inputAttacherJointIndices="1" inputNode="ptoInputNode" detachNode="ptoDetachNode" aboveAttacher="true" materialTemplateName="SHARED_BLACK1" decalMaterialTemplateName="WALTERSCHEID_YELLOW1">
        </input>
    </powerTakeOffs>

    <powerConsumer forceNode="tfr250_main_component1" ptoRpm="540" neededMaxPtoPower="185"/>

    <animations>
        <animation name="moveSupport">
            <part node="supportArms" startTime="0" endTime="0.2" startTrans="0 0 0.35" endTrans="0 0 0"/>
        </animation>
    </animations>

    <cylindered>
        <movingTools>
            <movingTool node="frontDownholder" >
                <controls axis="AXIS_FRONTLOADER_TOOL" invertAxis="false" mouseSpeedFactor="0.3" iconName="FRONTLOADER_ARM_ROTATE" />
                <rotation rotSpeed="30" rotAcceleration="170" rotMax="0" rotMin="-110" rotationAxis="1" startRot="0"/>
                <dependentPart node="frontDownHolderHydraulicCylinder" />
            </movingTool>
            <movingTool node="frontShield" >
                <controls axis="AXIS_FRONTLOADER_ARM" invertAxis="false" mouseSpeedFactor="0.3" iconName="TOOL_OPEN_CLOSE" />
                <rotation rotSpeed="40" rotAcceleration="170" rotMax="25" rotMin="7" startRot="7"/>
                <dependentPart node="frontShieldHydraulicCylinder" />
            </movingTool>
        </movingTools>

        <movingParts>
            <movingPart node="frontShieldHydraulicCylinder" referencePoint="frontShieldHydraulicCylinderRef" referenceFrame="frontShieldHydraulicCylinderRef">
                <translatingPart node="frontShieldHydraulicCylinderPunch" />
            </movingPart>
            <movingPart node="frontDownHolderHydraulicCylinder" referencePoint="frontDownHolderHydraulicCylinderRef" referenceFrame="frontDownHolderHydraulicCylinderRef" >
                <translatingPart node="frontDownHolderHydraulicCylinderPunch" />
            </movingPart>
        </movingParts>

        <sounds>
            <actionSound template="hydraulicClose01" pitchScale="0.6" volumeScale="2.6" linkNode="frontDownholder" actionNames="TOOL_MOVE_POS TOOL_MOVE_NEG" nodes="frontDownholder" fadeIn="0.1" fadeOut="0.1"/>
            <actionSound template="hydraulicOpen05"  pitchScale="1.6" volumeScale="1.3" linkNode="frontShield"     actionNames="TOOL_MOVE_POS TOOL_MOVE_NEG" nodes="frontShield" fadeIn="0.1" fadeOut="0.1"/>
            <actionSound template="clackVar6"        pitchScale="0.8" volumeScale="1.5" linkNode="frontDownholder" actionNames="TOOL_MOVE_END_NEG_LIMIT"     nodes="frontDownholder"/>
            <actionSound template="sheetImp02"       pitchScale="0.8" volumeScale="2.3" linkNode="frontDownholder" actionNames="TOOL_MOVE_END_NEG_LIMIT"     nodes="frontDownholder"/>
            <actionSound template="cylinderPunch"    pitchScale="1.4" volumeScale="0.5" linkNode="frontDownholder" actionNames="TOOL_MOVE_END_NEG_LIMIT"     nodes="frontDownholder"/>
            <actionSound template="clackVar6"        pitchScale="0.7" volumeScale="1.6" linkNode="frontDownholder" actionNames="TOOL_MOVE_END_POS_LIMIT"     nodes="frontDownholder"/>
            <actionSound template="clackVar4"        pitchScale="0.7" volumeScale="0.9" linkNode="frontDownholder" actionNames="TOOL_MOVE_END_POS_LIMIT"     nodes="frontDownholder"/>
            <actionSound template="sheetImp02"       pitchScale="1.2" volumeScale="1.9" linkNode="frontDownholder" actionNames="TOOL_MOVE_END_POS_LIMIT"     nodes="frontDownholder"/>
            <actionSound template="sheetImp02"       pitchScale="1.6" volumeScale="1.4" linkNode="frontShield"     actionNames="TOOL_MOVE_END_POS_LIMIT TOOL_MOVE_END_NEG_LIMIT" nodes="frontShield"/>
            <actionSound template="clackVar6"        pitchScale="1.2" volumeScale="1.4" linkNode="frontShield"     actionNames="TOOL_MOVE_END_POS_LIMIT TOOL_MOVE_END_NEG_LIMIT" nodes="frontShield"/>
        </sounds>
    </cylindered>

    <groundReferenceNodes>
        <groundReferenceNode node="groundReferenceNode" threshold="0.25" forceFactor="1" />
        <groundReferenceNode node="frontDownholderWorkAreaGroundReferenceNode" threshold="0.1" forceFactor="2" />
    </groundReferenceNodes>

    <workAreas>
        <workArea type="stumpCutter" functionName="processStumpCutterArea" disableBackwards="false">
            <area startNode="workAreaStart" widthNode="workAreaWidth" heightNode="workAreaHeight" />
            <groundReferenceNode index="1" />
            <onlyActiveWhenLowered value="false"/>
        </workArea>
<!--         <workArea type="cultivator" functionName="processCultivatorArea" disableBackwards="false">
            <area startNode="workAreaStart" widthNode="workAreaWidth" heightNode="workAreaHeight" />
            <groundReferenceNode index="1" />
            <onlyActiveWhenLowered value="true"/>
        </workArea> -->
        <workArea type="plow" functionName="processPlowArea" needsSetIsTurnedOn="false" disableBackwards="false">
            <area startNode="frontDownholderWorkAreaStart" widthNode="frontDownholderWorkAreaWidth" heightNode="frontDownholderWorkAreaHeight" />
            <groundReferenceNode index="2" />
            <onlyActiveWhenLowered value="true"/>
        </workArea>
    </workAreas>

    <workParticles requireField="false">
<!--         <effect workAreaIndex="1" activeDirection="0" needsSetIsTurnedOn="true">
            <effectNode effectClass="CultivatorMotionPathEffect" effectType="CULTIVATOR" linkNode="tineEffect01LinkNode">
                <motionPathEffect textureFilename="$data/vehicles/tmcCancela/tfr250/tineEffect01Array.dds" numRows="30" rowLength="18" density="1.2" speedScale="2" shapeScale="1.1" maxShapeScale="1.1"/>
            </effectNode>
        </effect> -->

        <particle>
            <node node="smokeEmitter" refNodeIndex="1" particleType="SOIL_SMOKE" emitCountScale="1.0" />
        </particle>
    </workParticles>

<!--     <cultivator useDeepMode="true">
        <onlyActiveWhenLowered value="false" />

        <sounds>
            <work template="crushingStubbles" linkNode="tfr250_main_component1" volumeScale="0.8"/>
        </sounds>
    </cultivator> -->

    <plow>
        <onlyActiveWhenLowered value="false" />
    </plow>

    <stumpCutter>
        <cutNode node="cutNode" cutSizeY="2.0" cutSizeZ="2.5" maxCutTime="0.1" maxResetCutTime="0.001" workAreaIndex="1"/>
        <cutNode node="cutNodeFront" cutSizeY="2.0" cutSizeZ="0.9" maxCutTime="0.1" maxResetCutTime="0.001" />
        <cutNode node="cutNodeBack" cutSizeY="2.0" cutSizeZ="0.9" maxCutTime="0.1" maxResetCutTime="0.001" />

        <effects>
            <effectNode effectClass="ParticleEffect" effectNode="emitterShapeWood" particleType="CRUSHER_WOOD" emitCountScale="1"/>
            <effectNode effectClass="ParticleEffect" effectNode="emitterShapeDust" particleType="CRUSHER_DUST" emitCountScale="0.3"/>
        </effects>

        <sounds>
            <work file="$data/vehicles/tmcCancela/tfr250/sounds/stumpCutter_work.wav" fadeIn="0.1" fadeOut="0.1">
                <volume indoor="1" outdoor="3"/>
                <lowpassCutoffFrequency indoor="1000" outdoor="20000"/>
            </work>
        </sounds>
    </stumpCutter>

    <turnOnVehicle turnOffIfNotAllowed="true">
        <animationNodes>
            <animationNode node="mainRoll" rotSpeed="2500" rotAxis="1" turnOnFadeTime="2" turnOffFadeTime="8" />
        </animationNodes>

        <sounds>
            <start template="mulcherStart" />
            <work template="mulcherLoop" />
            <stop template="mulcherStop" />
        </sounds>
    </turnOnVehicle>

    <ai>
        <agentAttachment useSize="true"/>
    </ai>

    <foliageBending>
        <bendingNode minX="-1.55" maxX="1.55" minZ="-1.2" maxZ="0.6" yOffset="0.2"/>
    </foliageBending>

    <wearable wearDuration="480" workMultiplier="5" fieldMultiplier="2"/>
    <washable dirtDuration="90" washDuration="1" workMultiplier="6" fieldMultiplier="2"/>

    <i3dMappings>
        <i3dMapping id="tfr250_main_component1" node="0>" />
        <i3dMapping id="tfr250_vis" node="0>0" />
        <i3dMapping id="attacherJoint" node="0>0|0|0" />
        <i3dMapping id="topReferenceNode" node="0>0|0|1" />
        <i3dMapping id="supportArms" node="0>0|0|2|0" />
        <i3dMapping id="ptoInputNode" node="0>0|0|3|0" />
        <i3dMapping id="ptoDetachNode" node="0>0|0|3|1" />
        <i3dMapping id="hydraulicIn01_socket" node="0>0|0|4|0" />
        <i3dMapping id="hydraulicOut01_socket" node="0>0|0|4|1" />
        <i3dMapping id="hydraulicIn02_socket" node="0>0|0|4|2" />
        <i3dMapping id="hydraulicOut02_socket" node="0>0|0|4|3" />
        <i3dMapping id="hydraulicIn03_socket" node="0>0|0|4|4" />
        <i3dMapping id="hydraulicOut03_socket" node="0>0|0|4|5" />
        <i3dMapping id="mainRoll" node="0>0|1|0" />
        <i3dMapping id="frontShield" node="0>0|1|1" />
        <i3dMapping id="frontShieldHydraulicCylinderRef" node="0>0|1|1|0" />
        <i3dMapping id="frontDownholder" node="0>0|1|2" />
        <i3dMapping id="frontDownHolderHydraulicCylinderRef" node="0>0|1|2|0" />
        <i3dMapping id="frontDownholderWorkAreaStart" node="0>0|1|2|1|0" />
        <i3dMapping id="frontDownholderWorkAreaWidth" node="0>0|1|2|1|1" />
        <i3dMapping id="frontDownholderWorkAreaHeight" node="0>0|1|2|1|2" />
        <i3dMapping id="frontDownholderWorkAreaGroundReferenceNode" node="0>0|1|2|1|3" />
        <i3dMapping id="frontShieldHydraulicCylinder" node="0>0|2|0" />
        <i3dMapping id="frontShieldHydraulicCylinderPunch" node="0>0|2|0|0" />
        <i3dMapping id="frontDownHolderHydraulicCylinder" node="0>0|2|1" />
        <i3dMapping id="frontDownHolderHydraulicCylinderPunch" node="0>0|2|1|0" />
        <i3dMapping id="workAreaStart" node="0>0|3|0" />
        <i3dMapping id="workAreaWidth" node="0>0|3|1" />
        <i3dMapping id="workAreaHeight" node="0>0|3|2" />
        <i3dMapping id="groundReferenceNode" node="0>0|3|3" />
        <i3dMapping id="cutNode" node="0>0|4|0" />
        <i3dMapping id="cutNodeFront" node="0>0|4|1" />
        <i3dMapping id="cutNodeBack" node="0>0|4|2" />
        <i3dMapping id="emitterShapeWood" node="0>0|5|0" />
        <i3dMapping id="emitterShapeDust" node="0>0|5|1" />
        <i3dMapping id="smokeEmitter" node="0>0|5|2" />
        <i3dMapping id="tineEffect01LinkNode" node="0>0|5|3" />
        <i3dMapping id="tfr250Alpha" node="0>0|6|1" />
    </i3dMappings>
</vehicle>
