﻿<?xml version="1.0" encoding="utf-8" standalone="no" ?>
<vehicle type="stumpCutterCultivatorPlow" xmlns:xsi="http://www.w3.org/2001/XMLSchema-instance" xsi:noNamespaceSchemaLocation="../../../../shared/xml/schema/vehicle.xsd">
    <annotation>Copyright (C) GIANTS Software GmbH, All Rights Reserved.</annotation>

    <storeData>
        <name>THX-180</name>
        <specs>
            <neededPower>180</neededPower>
            <workingWidth>1.8</workingWidth>
            <combination filterCategory="forestryExcavators"/>
        </specs>
        <functions>
            <function>$l10n_function_forestryMulcher</function>
        </functions>
        <rotation>0</rotation>
        <image>store_thx180.png</image>
        <price>23000</price>
        <lifetime>600</lifetime>
        <brand>TMCCANCELA</brand>
        <category>forestryMulchers forestryExcavatorTools</category>
        <shopTranslationOffset>0 0 0</shopTranslationOffset>
        <shopRotationOffset>0 0 0</shopRotationOffset>
        <vertexBufferMemoryUsage>510976</vertexBufferMemoryUsage>
        <indexBufferMemoryUsage>119040</indexBufferMemoryUsage>
        <textureMemoryUsage>851968</textureMemoryUsage>
        <instanceVertexBufferMemoryUsage>0</instanceVertexBufferMemoryUsage>
        <instanceIndexBufferMemoryUsage>0</instanceIndexBufferMemoryUsage>
        <audioMemoryUsage>0</audioMemoryUsage>
    </storeData>

    <base>
        <typeDesc>$l10n_typeDesc_forestryMulcher</typeDesc>
        <filename>$data/vehicles/tmcCancela/thx180/thx180.i3d</filename>
        <size width="2.35" length="1.1" height="1.35" lengthOffset="0.13"/>
        <components>
            <component centerOfMass="0 0.3 0" solverIterationCount="20" mass="1760"/>
        </components>
        <schemaOverlay attacherJointPosition="0 0" name="IMPLEMENT"/>
        <mapHotspot type="TOOL"/>
    </base>

    <attachable>
        <inputAttacherJoints>
            <inputAttacherJoint node="attacherJoint" jointType="wheelLoader" attachAngleLimitAxis="2">
                <subType name="excavatorFastCoupler"/>
            </inputAttacherJoint>
        </inputAttacherJoints>
        <support animationName="moveSupport"/>
    </attachable>

    <connectionHoses>
        <hose inputAttacherJointIndices="1" type="CABLE_BUNDLE" node="cableBoundLeft" length="1.7" diameter="0.06" minCenterPointAngle="30" straighteningFactor="2" isTwoPointHose="true">
            <objectChange node="cableBound_detached" visibilityActive="false" visibilityInactive="true"/>
            <objectChange node="cableBoundLeft_attached" visibilityActive="true" visibilityInactive="false"/>
        </hose>
        <hose inputAttacherJointIndices="1" type="CABLE_BUNDLE" node="cableBoundRight" length="1.7" diameter="0.06" minCenterPointAngle="30" straighteningFactor="2" isTwoPointHose="true">
            <objectChange node="cableBound_detached" visibilityActive="false" visibilityInactive="true"/>
            <objectChange node="cableBoundRight_attached" visibilityActive="true" visibilityInactive="false"/>
        </hose>
    </connectionHoses>

    <dynamicallyLoadedParts>
        <dynamicallyLoadedPart node="1|0" linkNode="detachedConnector01" filename="$data/shared/connectionHoses/connectors.i3d"/>
        <dynamicallyLoadedPart node="1|0" linkNode="detachedConnector02" filename="$data/shared/connectionHoses/connectors.i3d"/>
        <dynamicallyLoadedPart node="1|0" linkNode="detachedConnector03" filename="$data/shared/connectionHoses/connectors.i3d"/>
        <dynamicallyLoadedPart node="1|0" linkNode="detachedConnector04" filename="$data/shared/connectionHoses/connectors.i3d"/>
        <dynamicallyLoadedPart node="1|0" linkNode="detachedConnector05" filename="$data/shared/connectionHoses/connectors.i3d"/>
    </dynamicallyLoadedParts>

    <powerConsumer ptoRpm="400" neededMinPtoPower="60" neededMaxPtoPower="80"/> <!-- max is used while cutting trees and bushes -->

    <groundReferenceNodes>
        <groundReferenceNode node="groundReferenceNode" threshold="0.15" forceFactor="1" onlyActiveWhenLowered="false"/>
    </groundReferenceNodes>

    <workAreas>
        <!-- must be the first area for bush cutting, otherwise cultivator removed bushes already-->
        <workArea type="stumpCutter" functionName="processStumpCutterArea" disableBackwards="false">
            <area startNode="start" widthNode="width" heightNode="height"/>
            <groundReferenceNode index="1"/>
            <onlyActiveWhenLowered value="false"/>
        </workArea>
<!--         <workArea type="cultivator" functionName="processCultivatorArea" disableBackwards="false">
            <area startNode="start" widthNode="width" heightNode="height"/>
            <groundReferenceNode index="1"/>
            <onlyActiveWhenLowered value="false"/>
        </workArea> -->
    </workAreas>

    <workParticles requireField="false">
<!--         <effect workAreaIndex="2" activeDirection="0" needsSetIsTurnedOn="true">
            <effectNode effectClass="CultivatorMotionPathEffect" effectType="CULTIVATOR" linkNode="tineEffectLinkNode">
                <motionPathEffect textureFilename="$data/vehicles/tmcCancela/thx180/tineEffectArray.dds" numRows="10" rowLength="18" density="1" speedScale="2" shapeScale="1" maxShapeScale="1"/>
            </effectNode>
        </effect> -->

        <particle>
            <node node="smokeEmitter" refNodeIndex="1" particleType="SOIL_SMOKE" emitCountScale="2.5"/>
        </particle>
    </workParticles>

    <animations>
        <animation name="moveSupport">
            <part node="supportBolt" startTime="0.00" endTime="0.01" startVisibility="true" endVisibility="false"/>
            <part node="supportBolt" startTime="0.29" endTime="0.30" startVisibility="false" endVisibility="true"/>
            <part node="supportArm"  startTime="0.00" endTime="0.30" startTrans="0 0 0.424" endTrans="0 0 0"/>
            <part node="supportCol"  startTime="0.00" endTime="0.30" startTrans="0 0.388 -0.255" endTrans="0 0.067 -0.324" startRot="-24 0 0" endRot="0 0 0"/>

            <sound template="headerAttach01" startTime="0.25" direction="-1"  innerRadius="1" volumeScale="1" pitchScale="0.8" linkNode="supportBolt"/>
            <sound template="clackVar6"      startTime="0.25" direction="-1"  innerRadius="1" volumeScale="5" pitchScale="0.7" linkNode="supportBolt"/>
        </animation>
    </animations>

    <cylindered>
        <movingTools>
            <movingTool node="flap">
                <controls axis="AXIS_CRANE_TOOL2" invertAxis="false" mouseSpeedFactor="0.4" iconName="TOOL_OPEN_CLOSE"/>
                <rotation rotSpeed="60" rotAcceleration="150" rotMin="0" rotMax="113" rotationAxis="1"/>
                <dependentPart node="flapHydraulic"/>
            </movingTool>
        </movingTools>

        <movingParts>
            <movingPart node="flapHydraulic" referencePoint="flapHydraulicRef" referenceFrame="flapHydraulicRef">
                <translatingPart node="flapHydraulicPunch"/>
            </movingPart>
        </movingParts>

        <sounds>
            <actionSound template="hydraulicOpen02"  pitchScale="1.50" volumeScale="0.9" linkNode="flap" actionNames="TOOL_MOVE_POS TOOL_MOVE_NEG" nodes="flap" fadeIn="0.05" fadeOut="0.05"/>
            <actionSound template="hydraulicClose01" pitchScale="1.80" volumeScale="1.7" linkNode="flap" actionNames="TOOL_MOVE_POS TOOL_MOVE_NEG" nodes="flap" fadeIn="0.05" fadeOut="0.05"/>
            <actionSound template="clackVar6"        pitchScale="1.10" volumeScale="3.5" linkNode="flap" actionNames="TOOL_MOVE_END_POS_LIMIT" nodes="flap"/>
            <actionSound template="clackVar6"        pitchScale="0.90" volumeScale="2.5" linkNode="flap" actionNames="TOOL_MOVE_END_NEG_LIMIT" nodes="flap"/>
            <actionSound template="sheetImp05"       pitchScale="0.85" volumeScale="4.5" linkNode="flap" actionNames="TOOL_MOVE_END_POS_LIMIT" nodes="flap"/>
            <actionSound template="sheetImp05"       pitchScale="1.10" volumeScale="3.5" linkNode="flap" actionNames="TOOL_MOVE_END_NEG_LIMIT" nodes="flap"/>
        </sounds>
    </cylindered>

<!--     <cultivator useDeepMode="false">
        <onlyActiveWhenLowered value="false"/>
    </cultivator> -->

    <stumpCutter>
        <cutNode node="cutNode" cutSizeY="1.8" cutSizeZ="1.2" maxCutTime="0.1" maxResetCutTime="0.001" workAreaIndex="1"/>
        <cutNode node="cutNodeFront" cutSizeY="1.8" cutSizeZ="0.8" maxCutTime="0.1" maxResetCutTime="0.001"/>
        <cutNode node="cutNodeBack" cutSizeY="1.8" cutSizeZ="0.8" maxCutTime="0.1" maxResetCutTime="0.001"/>

        <effects>
            <effectNode effectClass="ParticleEffect" effectNode="emitterShapeWood" particleType="CRUSHER_WOOD" emitCountScale="1"/>
            <effectNode effectClass="ParticleEffect" effectNode="emitterShapeDust" particleType="CRUSHER_DUST" emitCountScale="0.3"/>
        </effects>

        <sounds>
            <work template="stumpCutterWork01" fadeIn="0.1" fadeOut="0.3">
                <volume indoor="2.5" outdoor="4.5"/>
                <lowpassGain indoor="0.5" outdoor="1.0"/>
                <lowpassCutoffFrequency indoor="1000" outdoor="20000"/>
            </work>
        </sounds>
    </stumpCutter>

    <turnOnVehicle turnOffIfNotAllowed="true">
        <animationNodes>
            <animationNode node="rotor" rotSpeed="-2500" rotAxis="1" turnOnFadeTime="2" turnOffFadeTime="5"/>
            <animationNode node="bealtGear01" rotSpeed="-2500" rotAxis="1" turnOnFadeTime="2" turnOffFadeTime="5"/>
            <animationNode node="bealtGear02" rotSpeed="-2500" rotAxis="1" turnOnFadeTime="2" turnOffFadeTime="5"/>
        </animationNodes>

        <sounds>
            <start template="mulcherStart"/>
            <work template="mulcherLoop"/>
            <work template="forageHarvesterWork" volumeScale="1.1" pitchScale="1.8" fadeIn="2.45" fadeOut="4.0">
                <volume indoor="0.5" outdoor="1"/>
            </work>
            <stop template="mulcherStop" volumeScale="1.2"/>
        </sounds>
    </turnOnVehicle>

    <ai>
        <agentAttachment width="2.33" height="1.35" length="1.1" lengthOffset="0.12"/>
    </ai>

    <foliageBending>
        <bendingNode minX="-1.2" maxX="1.2" minZ="-0.45" maxZ="0.7" yOffset="0.1"/>
    </foliageBending>

    <wearable wearDuration="480" workMultiplier="5" fieldMultiplier="2"/>
    <washable dirtDuration="90" washDuration="1" workMultiplier="2" fieldMultiplier="2"/>

    <i3dMappings>
        <i3dMapping id="thx180_main_component1" node="0>" />
        <i3dMapping id="thx180_vis" node="0>0" />
        <i3dMapping id="attacherJoint" node="0>0|0|0" />
        <i3dMapping id="supportArm" node="0>0|0|1|0|0" />
        <i3dMapping id="supportBolt" node="0>0|0|1|1" />
        <i3dMapping id="supportCol" node="0>0|0|1|2" />
        <i3dMapping id="cableBoundLeft" node="0>0|0|2|0" />
        <i3dMapping id="cableBoundLeft_attached" node="0>0|0|2|0|0" />
        <i3dMapping id="cableBoundRight" node="0>0|0|2|1" />
        <i3dMapping id="cableBoundRight_attached" node="0>0|0|2|1|0" />
        <i3dMapping id="cableBound_detached" node="0>0|0|2|2" />
        <i3dMapping id="detachedConnector01" node="0>0|0|2|2|0" />
        <i3dMapping id="detachedConnector02" node="0>0|0|2|2|1" />
        <i3dMapping id="detachedConnector03" node="0>0|0|2|2|2" />
        <i3dMapping id="detachedConnector04" node="0>0|0|2|2|3" />
        <i3dMapping id="detachedConnector05" node="0>0|0|2|2|4" />
        <i3dMapping id="rotor" node="0>0|1|0" />
        <i3dMapping id="bealtGear01" node="0>0|1|1" />
        <i3dMapping id="bealtGear02" node="0>0|1|2" />
        <i3dMapping id="flap" node="0>0|1|3" />
        <i3dMapping id="flapHydraulicRef" node="0>0|1|3|0" />
        <i3dMapping id="flapHydraulic" node="0>0|1|4" />
        <i3dMapping id="flapHydraulicPunch" node="0>0|1|4|0" />
        <i3dMapping id="start" node="0>0|2|0" />
        <i3dMapping id="width" node="0>0|2|1" />
        <i3dMapping id="height" node="0>0|2|2" />
        <i3dMapping id="groundReferenceNode" node="0>0|2|3" />
        <i3dMapping id="cutNode" node="0>0|3|0" />
        <i3dMapping id="cutNodeFront" node="0>0|3|1" />
        <i3dMapping id="cutNodeBack" node="0>0|3|2" />
        <i3dMapping id="smokeEmitter" node="0>0|4|0" />
        <i3dMapping id="emitterShapeWood" node="0>0|4|1" />
        <i3dMapping id="emitterShapeDust" node="0>0|4|2" />
        <i3dMapping id="tineEffectLinkNode" node="0>0|4|3" />
        <i3dMapping id="grid" node="0>0|5|1" />
    </i3dMappings>
</vehicle>
