﻿<?xml version="1.0" encoding="utf-8" standalone="no" ?>
<!-- desc version defines the min feature set of the game needed to run the mod -->
<modDesc descVersion="92" xmlns:xsi="http://www.w3.org/2001/XMLSchema-instance" xsi:noNamespaceSchemaLocation="https://validation.gdn.giants-software.com/xml/fs25/modDesc.xsd">
    <!-- defines the mod author -->
	<author>Ralf08</author> <!-- port to FS22/FS25 andlaz -->
	<version>1.0.3.2</version>

    <!-- defines if mod is supported multiplayer -->
    <multiplayer supported="true" />

    <!-- defines the mod title shown ingame. multilanguage support using the shortcuts like fr, es, cz, jp, etc -->
    <title>
        <en>Display For Tool Position (convert)</en>
		<de>Anzeige Für Werkzeug Stellung</de>
    </title>

	<description>
	<en><![CDATA[
	This is the successor of the Frontloader Display from LS17.
	With this script you can display the position (height and angle) of tools in relation to the vehicle. Not only all of the front loader, telescopic loader and wheel loader tools are supported, also tools with three-point hitch, such as levelers and treesaws.

	Handling:
	When the script is loaded, the height and the angle of the currently selected tool will displayed on bottom in the middle.
	With [Right Ctrl + J] you can set the height to zero, with [Right Ctrl + N] the angle. In LS19 is this special important, since due to the different wheel configurations and the compression of the vehicle the zero position is variable. This settings are individually depending on the tool.
	With [Right Ctrl + Numpad 0] you can activate/deactivate the ToolDisplay for an individual tool.
	With [Right Ctrl + Numpad Enter] you can enable/disable the ToolDisplay global.
	With [Right Ctrl + Numpad Plus] or [Right Ctrl + Numpad Minus] the font size is changable.

	The key binding can be changed in the game settings.

	Changelog:
	V1.0.1.0 Save the correction values to vehicle.xml and synchronize them in a multiplayer game; global on/off function and individual active/deactive function for all tools added
	V1.0.2.0 Script is new added to all attachments, also in mods without standard specializations; support for forklift
	V1.0.3.0 Ported to FS22/FS25; fixed support of stump cutters
    V1.0.3.1 fix forklift load/save errors]]>
	</en>
	<de><![CDATA[
	Dies ist der Nachfolger vom FrontloaderDisplay aus LS17.
	Mit diesem Skript kann man sich Position (Höhe und Winkel) von Werkzeugen relativ zum Fahrzeug anzeigen lassen. Dabei werden nicht nur alle Frontlader-, Teleskoplader- und Radlader-Werkzeuge unterstützt, sondern auch Werkzeuge mit 3-Punkte Aufnahme wie Schiebeschilder und Stammsägen.

	Bedienung:
	Wenn das Skript geladen ist, wird unten in der Mitte die Höhe und der Winkel des aktuell selektierten Werkzeuges angezeigt.
	Mit [Ctrl Rechts + J] kann man die Höhe auf null setzen, mit [Ctrl Rechts + N] den Winkel. Dies gewinnt im LS19 besondere Bedeutung, da durch die verschiedenen Rad-Konfigurationen und das Einfedern des Fahrzeuges die Nullstellung sehr variiert. Diese Einstellungen sind individuell je Werkzeug.
	Mit [Ctrl Rechts + Numpad 0] kann das Tooldisplay individuell bei Werkzeugen ein/aus geschaltet werden.
	Mit [Ctrl Rechts + Numpad Enter] kann das ToolDisplay generell ein/aus geschaltet werden.
	Mit [Ctrl Rechts + Numpad Plus] oder [Ctrl Rechts + Numpad Minus] kann die Schriftgrösse angepasst werden. 

	Die Tastenbelegung kann in den Spiel-Einstellungen geändert werden.

	Changelog:
	V1.0.1.0 Speichert die Korrektur-Werte in die vehicle.xml und synchronisiert sie im Multiplayer Spiel; generelle ein/aus Funktion und individuelle aktiv/deaktiv Funktion bei allen Werkzeugen hinzugefügt
	V1.0.2.0 Skript wird neu in allen Anbaugeräten hinzugefügt, auch in Mods, welche nicht die Standard-Spezialisierungen aufrufen; Gabelstapler hinzugefügt
	V1.0.3.0 Portiert auf FS22/FS25; Unterstützung von Stubbenfräsen behoben
	V1.0.3.1 Behebung von Lade-/Speicherfehlern beim Gabelstapler]]>
	</de>
	</description>

    <!-- defines the icon shown ingame (path relative to mod base folder) -->
    <iconFilename>icon_FS25_ToolDisplay.dds</iconFilename>

    <extraSourceFiles>
		<sourceFile filename="scripts/SetToDiZeroEvent.lua"/>
        <sourceFile filename="scripts/RegisterSpecialization.lua"/>
    </extraSourceFiles>

    <registerSpecializations>
		<registerSpecialization name="ToDi_Vehicle" className="ToDi_Vehicle" filename="scripts/ToDi_Vehicle.lua" searchedSpecializations="drivable" searchExclude="locomotive crane" />
        <registerSpecialization name="ToDi_Attachment" className="ToDi_Attachment" filename="scripts/ToDi_Attachment.lua" searchedSpecializations="attachable" searchExclude="trainTrailer trainTimberTrailer" />
		<registerSpecialization name="ToDi_Forklift" className="ToDi_Forklift" filename="scripts/ToDi_Forklift.lua" searchedSpecializations="teleHandler" />
    </registerSpecializations>

    <actions>
		<action name="ToDi_SetHeight"	category="VEHICLE"/>
		<action name="ToDi_SetAngle"	category="VEHICLE"/>
		<action name="ToDi_PLUS"		category="VEHICLE"/>
		<action name="ToDi_MINUS"		category="VEHICLE"/>
		<action name="ToDi_OnOff"		category="VEHICLE"/>
		<action name="ToDi_Active"		category="VEHICLE"/>
	</actions>
	
	<inputBinding>
		<actionBinding action="ToDi_SetHeight" >
			<binding device="KB_MOUSE_DEFAULT" input="KEY_rctrl KEY_j"			axisComponent="+"	inputComponent="+"	index="1"/>
		</actionBinding>
		<actionBinding action="ToDi_SetAngle" >
			<binding device="KB_MOUSE_DEFAULT" input="KEY_rctrl KEY_n"			axisComponent="+"	inputComponent="+"	index="1"/>
		</actionBinding>
		<actionBinding action="ToDi_PLUS" >
			<binding device="KB_MOUSE_DEFAULT" input="KEY_rctrl KEY_KP_plus"	axisComponent="+"	inputComponent="+"	index="1"/>
		</actionBinding>
		<actionBinding action="ToDi_MINUS" >
			<binding device="KB_MOUSE_DEFAULT" input="KEY_rctrl KEY_KP_minus"	axisComponent="+"	inputComponent="+"	index="1"/>
		</actionBinding>
		<actionBinding action="ToDi_OnOff" >
			<binding device="KB_MOUSE_DEFAULT" input="KEY_rctrl KEY_KP_enter"	axisComponent="+"	inputComponent="+"	index="1"/>
		</actionBinding>
		<actionBinding action="ToDi_Active" >
			<binding device="KB_MOUSE_DEFAULT" input="KEY_rctrl KEY_KP_0"	axisComponent="+"	inputComponent="+"	index="1"/>
		</actionBinding>
	</inputBinding>

	<l10n>
		<text name="input_ToDi_SetHeight">
			<en>Tool height reset</en>
			<de>Werkzeug Höhe nullen</de>
		</text>
		
		<text name="input_ToDi_SetAngle">
			<en>Tool angle reset</en>
			<de>Werkzeug Winkel nullen</de>
		</text>
		
		<text name="input_ToDi_PLUS">
			<en>Increase font size of ToolDisplay</en>
			<de>Schrift vergrössern von ToolDisplay</de>
		</text>
		
		<text name="input_ToDi_MINUS">
			<en>Decrease font size of ToolDisplay</en>
			<de>Schrift verkleinern von ToolDisplay</de>
		</text>
		
		<text name="input_ToDi_OnOff">
			<en>Enable/Disable ToolDisplay</en>
			<de>Ein-/Ausschalten ToolDisplay</de>
		</text>
		
		<text name="input_ToDi_Active">
			<en>Activate/deactivate tool</en>
			<de>Werkzeug aktivieren/deaktivieren</de>
		</text>
		
		<text name="METRE">
			<en>metres</en>
			<de>Meter</de>
		</text>
		
		<text name="DEGREE">
			<en>degrees</en>
			<de>Grad</de>
		</text>
	</l10n>
</modDesc>