﻿<?xml version="1.0" encoding="utf-8" standalone="no" ?>
<modDesc descVersion="90">
    <author>LJR Modding</author>
    <version>1.0.0.0</version>
    <title>
        <en>Summers Superchisel CP2050</en>
    </title>
    <description>
        <en>
            <![CDATA[Summers Superchisel CP2050]]>
        </en>
    </description>
    <iconFilename>icon_superChisel.dds</iconFilename>
    <multiplayer supported="true" />
    <storeItems>
	<storeItem xmlFilename="superChisel.xml"/>
    </storeItems>
	<vehicleTypes>
	<type name="2050" parent="cultivator" className="Vehicle" filename="$dataS/scripts/vehicles/Vehicle.lua">
		<specialization name="plow" />
	</type>
</vehicleTypes>
</modDesc>
