<?xml version="1.0" encoding="utf-8" standalone="no" ?>
<modDesc descVersion="92">
    <author>Anaxandros</author>
	<version>1.0.0.1</version>
	<title>
        <en>Game Setings</en>
	</title>
    <description>
		<en>This mode contains:
			-TimeForward accelerate time by 600-1200-2400-4800-9600
			-HUD Hider Toggle HUD visibility by pressing the = (equals) key 
			-Place Terraform and Paint Anywhere 
			-RealClock Shows the current real time in game
			-Store Deliveries  Hold "Left Shift" + "Left Alt" and press "S" to set the location. 
			-Super Force  </en>
	</description>
    <multiplayer supported="true" />
    <iconFilename>icon_GameSettings.dds</iconFilename>    
	<extraSourceFiles>
        <sourceFile filename="TimeForward.lua" />
	   <sourceFile filename="HudHider.lua" />
	   <sourceFile filename="PlaceTerraformPaintAnywhere.lua" />
	   <sourceFile filename="GrisuDebug.lua"/>
	   <sourceFile filename="RealClock.lua"/>
	   <sourceFile filename="storeDeliveries.lua"/>
	   <sourceFile filename="SuperForce.lua" />
    </extraSourceFiles>
	
	
    

</modDesc>
