<?xml version="1.0" encoding="utf-8" standalone="no" ?>
<modDesc descVersion="92">

    <author>[BG]DarkTempler</author>

    <version>1.0</version>

    <title>
        <en>ContractServiceProvider</en>
		<de>VertragDienstleister</de>
    </title>

    <description>
		<en>
		<![CDATA[Are you tired of only being able to accept 3 missions at a time in the standard game? This script fixes this so that you can accept more than 3. 
		At the same time, the generation of new missions will be significantly increased.
]]>
		</en>
        <de>
		<![CDATA[Bist du es leid, dass im Standardgame nur 3 Missionen gleichzeitig anzunehmen sind? Mit diesem Script wird dieses behoben, sodass du mehr als 3 annehmen kannst. 
		Gleichzeitig wird die Generierung von neuen Missionen deutlich erhöht.
]]>
		</de>
        
		<fr>
		<![CDATA[Tu en as assez de ne pouvoir accepter que 3 missions à la fois dans le jeu standard ? Grâce à ce script, tu peux accepter plus de trois missions. 
		En même temps, la génération de nouvelles missions est considérablement augmentée.
]]>
		</fr>
    </description>

    <iconFilename>icon_ContractServiceProvider.dds</iconFilename>

	<multiplayer supported="true"/>

    <extraSourceFiles>
        <sourceFile filename="ContractServiceProvider.lua" />
    </extraSourceFiles>
</modDesc>
