<?xml version="1.0" encoding="utf-8" standalone="no" ?>
<placeable type="simplePlaceable" xmlns:xsi="http://www.w3.org/2001/XMLSchema-instance" xsi:noNamespaceSchemaLocation="../../../../../shared/xml/schema/placeable.xsd">
    <storeData>
		<name>
				<en>Enclosed Carport</en>
				<de>Geschlossener Carport</de>
				<fr>Abri de voiture fermé</fr>
		</name>

		<functions>
		<function>
				<en>A 3 sided enclosed carport for parking cars and small equipment.</en>
				<de>Ein dreiseitig geschlossener Carport zum Abstellen von Autos und Kleingeräten.</de>
				<fr>EUn abri voiture fermé sur 3 côtés pour garer les voitures et le petit matériel.</fr>
		</function>
		</functions>

        <image>store_enclosedCarport.dds</image>
        <price>3000</price>
        <lifetime>1000</lifetime>
        <rotation>0</rotation>
        <brand>NONE</brand>
        <species>placeable</species>
        <category>sheds</category>
        <brush>
            <type>placeable</type>
            <category>buildings</category>
            <tab>sheds</tab>
        </brush>
        <canBeSold>true</canBeSold>
        <showInStore>true</showInStore>
        <vertexBufferMemoryUsage>76032</vertexBufferMemoryUsage>
        <indexBufferMemoryUsage>11776</indexBufferMemoryUsage>
        <textureMemoryUsage>2752512</textureMemoryUsage>
        <audioMemoryUsage>0</audioMemoryUsage>
        <instanceVertexBufferMemoryUsage>0</instanceVertexBufferMemoryUsage>
        <instanceIndexBufferMemoryUsage>0</instanceIndexBufferMemoryUsage>
    </storeData>

    <base>
        <filename>enclosedCarport.i3d</filename>
        <canBeRenamed>true</canBeRenamed>
    </base>

    <placement useRandomYRotation="false" useManualYRotation="true" >
        <testAreas>
            <testArea startNode="testArea1Start" endNode="testArea1End" />
        </testAreas>
		<sounds>
            <place template="smallImp" />
        </sounds>
    </placement>

    <clearAreas>
        <clearArea startNode="clearArea1Start" widthNode="clearArea1Width" heightNode="clearArea1Height"/>
    </clearAreas>

    <leveling requireLeveling="true" maxSmoothDistance="1" maxSlope="75" maxEdgeAngle="30">
        <levelAreas>
            <levelArea startNode="levelArea1Start" widthNode="levelArea1Width" heightNode="levelArea1Height"/>
        </levelAreas>
    </leveling>

    <indoorAreas>
        <indoorArea startNode="indoorArea1Start" widthNode="indoorArea1Width" heightNode="indoorArea1Height" />
    </indoorAreas>

    <tipOcclusionUpdateAreas>
        <tipOcclusionUpdateArea startNode="tipOcclusionUpdateArea1Start" endNode="tipOcclusionUpdateArea1End" />
    </tipOcclusionUpdateAreas>

    <ai>
        <updateAreas>
            <updateArea startNode="tipOcclusionUpdateArea1Start" endNode="tipOcclusionUpdateArea1End" />
        </updateAreas>
    </ai>
	<colorable>
        <nodes>
            <node node="trim" />
        </nodes>

        <colors>
            <color value="0.2 0.259 0.275" />
            <color value="RUDOLFHOERMANN_GREEN" />
            <color value="RUDOLFHOERMANN_BEIGE" />
            <color value="RUDOLFHOERMANN_RED" />
            <color value="RUDOLFHOERMANN_BLUE" />
            <color value="RUDOLFHOERMANN_DARKGREY" />
            <color value="RUDOLFHOERMANN_LIGHTGREY" />
            <color value="RUDOLFHOERMANN_WHITEALU" />
            <color value="RUDOLFHOERMANN_GREYALU" />
            <color value="RUDOLFHOERMANN_OXIDRED" />
            <color value="RUDOLFHOERMANN_WOODDARK" />
            <color value="RUDOLFHOERMANN_WOODBRIGHT" />
            <color value="RUDOLFHOERMANN_LIGHTGREEN" />
            <color value="RUDOLFHOERMANN_BROWN" />
            <color value="RUDOLFHOERMANN_DARKBEIGE" />
        </colors>
    </colorable>
	
	
    <i3dMappings>
        <i3dMapping id="testArea1Start" node="0>0|0|0" />
        <i3dMapping id="testArea1End" node="0>0|0|0|0" />
        <i3dMapping id="clearArea1Start" node="0>0|1|0" />
        <i3dMapping id="clearArea1Width" node="0>0|1|0|0" />
        <i3dMapping id="clearArea1Height" node="0>0|1|0|1" />
        <i3dMapping id="levelArea1Start" node="0>0|2|0" />
        <i3dMapping id="levelArea1Width" node="0>0|2|0|0" />
        <i3dMapping id="levelArea1Height" node="0>0|2|0|1" />
        <i3dMapping id="indoorArea1Start" node="0>0|3|0" />
        <i3dMapping id="indoorArea1Width" node="0>0|3|0|0" />
        <i3dMapping id="indoorArea1Height" node="0>0|3|0|1" />
        <i3dMapping id="tipOcclusionUpdateArea1Start" node="0>0|4|0" />
        <i3dMapping id="tipOcclusionUpdateArea1End" node="0>0|4|0|0" />
		<i3dMapping id="trim" node="0>1|0|2" />
    </i3dMappings>
</placeable>
