﻿<?xml version="1.0" encoding="utf-8" standalone="no" ?>
<modDesc descVersion="80">
    <author>Scooter's Workbench</author>
    <version>1.0.0.0</version>
	<iconFilename>icon_enclosedCarport.dds</iconFilename>
    <title>
        <en>Enclosed Carport</en>
        <de>Geschlossener Carport</de>
		<fr>Abri De Voiture Fermé</fr>
    </title>
    <description>
<en><![CDATA[A 3 sided enclosed carport for parking cars and small equipment.  The trim is color configurable.
Price: $3000
]]>
</en>
<de><![CDATA[Ein dreiseitig geschlossener Carport zum Abstellen von Autos und Kleingeräten.  Die Zierleiste ist farblich konfigurierbar.
Preis: 3000 €
]]>
</de>
<fr><![CDATA[
Un abri voiture fermé sur 3 côtés pour garer les voitures et le petit matériel.  La garniture est configurable en couleur.
Prix: 3 000 €
]]>
</fr></description>
    <multiplayer supported="true"/>    
	
	<storeItems>
        <storeItem rootNode="placeable" xmlFilename="enclosedCarport.xml"/>
	</storeItems>

</modDesc>